DateTime,City East
2024-07-01 00:30:00,42.99321122
2024-07-01 01:00:00,41.39666489
2024-07-01 01:30:00,40.242689
2024-07-01 02:00:00,39.52203469
2024-07-01 02:30:00,39.19251297
2024-07-01 03:00:00,38.87959493
2024-07-01 03:30:00,38.91212453
2024-07-01 04:00:00,39.35739291
2024-07-01 04:30:00,40.25252708
2024-07-01 05:00:00,41.27342853
2024-07-01 05:30:00,44.03466668
2024-07-01 06:00:00,47.39787531
2024-07-01 06:30:00,53.23633941
2024-07-01 07:00:00,59.87491391
2024-07-01 07:30:00,67.71061119
2024-07-01 08:00:00,73.17934185
2024-07-01 08:30:00,74.65118105
2024-07-01 09:00:00,71.60577559
2024-07-01 09:30:00,68.38934358
2024-07-01 10:00:00,64.65470216
2024-07-01 10:30:00,61.91349197
2024-07-01 11:00:00,58.93388495
2024-07-01 11:30:00,56.06687502
2024-07-01 12:00:00,54.25259132
2024-07-01 12:30:00,53.94021033
2024-07-01 13:00:00,53.08064294
2024-07-01 13:30:00,52.57516137
2024-07-01 14:00:00,53.77362083
2024-07-01 14:30:00,56.04790446
2024-07-01 15:00:00,54.51025933
2024-07-01 15:30:00,53.58530609
2024-07-01 16:00:00,56.07454347
2024-07-01 16:30:00,59.82685719
2024-07-01 17:00:00,64.59560061
2024-07-01 17:30:00,68.98997717
2024-07-01 18:00:00,72.62132531
2024-07-01 18:30:00,73.58460703
2024-07-01 19:00:00,73.62696527
2024-07-01 19:30:00,71.02246647
2024-07-01 20:00:00,69.66462715
2024-07-01 20:30:00,68.31699975
2024-07-01 21:00:00,66.71690559
2024-07-01 21:30:00,63.18293503
2024-07-01 22:00:00,59.41864626
2024-07-01 22:30:00,56.72373943
2024-07-01 23:00:00,53.60950279
2024-07-01 23:30:00,49.66980765
2024-07-02 00:00:00,46.37600645
2024-07-02 00:30:00,44.16547983
2024-07-02 01:00:00,42.18139028
2024-07-02 01:30:00,40.95410162
2024-07-02 02:00:00,39.93578075
2024-07-02 02:30:00,39.30506823
2024-07-02 03:00:00,38.79540475
2024-07-02 03:30:00,38.81950173
2024-07-02 04:00:00,38.80321272
2024-07-02 04:30:00,39.44380376
2024-07-02 05:00:00,40.2119402
2024-07-02 05:30:00,43.22205901
2024-07-02 06:00:00,46.41100754
2024-07-02 06:30:00,52.13594459
2024-07-02 07:00:00,58.24919951
2024-07-02 07:30:00,65.88003417
2024-07-02 08:00:00,70.52484182
2024-07-02 08:30:00,70.47958067
2024-07-02 09:00:00,68.1990971
2024-07-02 09:30:00,66.0543627
2024-07-02 10:00:00,61.66080233
2024-07-02 10:30:00,59.66881301
2024-07-02 11:00:00,57.95960568
2024-07-02 11:30:00,59.57385119
2024-07-02 12:00:00,57.75407164
2024-07-02 12:30:00,58.31897878
2024-07-02 13:00:00,58.43523693
2024-07-02 13:30:00,58.7443527
2024-07-02 14:00:00,57.7661917
2024-07-02 14:30:00,57.06632645
2024-07-02 15:00:00,56.99330727
2024-07-02 15:30:00,58.83531344
2024-07-02 16:00:00,61.18451025
2024-07-02 16:30:00,63.33428803
2024-07-02 17:00:00,66.42375274
2024-07-02 17:30:00,70.11814876
2024-07-02 18:00:00,72.97301056
2024-07-02 18:30:00,73.34866406
2024-07-02 19:00:00,72.57977593
2024-07-02 19:30:00,70.04088515
2024-07-02 20:00:00,68.47934719
2024-07-02 20:30:00,66.98709127
2024-07-02 21:00:00,65.04552299
2024-07-02 21:30:00,61.00311386
2024-07-02 22:00:00,57.49787397
2024-07-02 22:30:00,54.83158971
2024-07-02 23:00:00,51.59851017
2024-07-02 23:30:00,47.24036227
2024-07-03 00:00:00,43.61811724
2024-07-03 00:30:00,41.19549099
2024-07-03 01:00:00,39.28398914
2024-07-03 01:30:00,37.85328951
2024-07-03 02:00:00,37.09917805
2024-07-03 02:30:00,36.30197403
2024-07-03 03:00:00,35.88973521
2024-07-03 03:30:00,36.06568492
2024-07-03 04:00:00,36.16272526
2024-07-03 04:30:00,37.16354335
2024-07-03 05:00:00,38.07501321
2024-07-03 05:30:00,40.88938832
2024-07-03 06:00:00,43.94716074
2024-07-03 06:30:00,49.49498433
2024-07-03 07:00:00,55.70452381
2024-07-03 07:30:00,62.56198614
2024-07-03 08:00:00,67.01103891
2024-07-03 08:30:00,67.668285
2024-07-03 09:00:00,64.19000959
2024-07-03 09:30:00,61.02712566
2024-07-03 10:00:00,57.49786413
2024-07-03 10:30:00,55.72491536
2024-07-03 11:00:00,53.58100563
2024-07-03 11:30:00,51.29377252
2024-07-03 12:00:00,49.32858009
2024-07-03 12:30:00,50.46824495
2024-07-03 13:00:00,50.36810672
2024-07-03 13:30:00,50.50132435
2024-07-03 14:00:00,50.17106004
2024-07-03 14:30:00,49.17747719
2024-07-03 15:00:00,49.8997437
2024-07-03 15:30:00,52.96665903
2024-07-03 16:00:00,56.03789334
2024-07-03 16:30:00,58.94100786
2024-07-03 17:00:00,62.41297595
2024-07-03 17:30:00,66.93328915
2024-07-03 18:00:00,69.718888
2024-07-03 18:30:00,69.53816707
2024-07-03 19:00:00,69.10215821
2024-07-03 19:30:00,66.51171327
2024-07-03 20:00:00,65.15675944
2024-07-03 20:30:00,63.84952343
2024-07-03 21:00:00,61.59248346
2024-07-03 21:30:00,58.41874427
2024-07-03 22:00:00,55.27380463
2024-07-03 22:30:00,52.95131162
2024-07-03 23:00:00,49.75075296
2024-07-03 23:30:00,46.17809008
2024-07-04 00:00:00,42.81918277
2024-07-04 00:30:00,40.26749314
2024-07-04 01:00:00,38.5350159
2024-07-04 01:30:00,37.24472082
2024-07-04 02:00:00,36.34239905
2024-07-04 02:30:00,35.91006677
2024-07-04 03:00:00,35.49876935
2024-07-04 03:30:00,35.65010505
2024-07-04 04:00:00,35.73022869
2024-07-04 04:30:00,36.73565814
2024-07-04 05:00:00,37.57620702
2024-07-04 05:30:00,40.28326639
2024-07-04 06:00:00,43.27330441
2024-07-04 06:30:00,49.29188347
2024-07-04 07:00:00,55.06246068
2024-07-04 07:30:00,61.73749189
2024-07-04 08:00:00,65.94939292
2024-07-04 08:30:00,66.21556269
2024-07-04 09:00:00,63.51714471
2024-07-04 09:30:00,61.89256108
2024-07-04 10:00:00,60.00859762
2024-07-04 10:30:00,59.84832439
2024-07-04 11:00:00,59.72158172
2024-07-04 11:30:00,59.04000199
2024-07-04 12:00:00,59.16888391
2024-07-04 12:30:00,59.61042643
2024-07-04 13:00:00,58.69044103
2024-07-04 13:30:00,56.30748081
2024-07-04 14:00:00,57.88629631
2024-07-04 14:30:00,57.36890005
2024-07-04 15:00:00,57.93770195
2024-07-04 15:30:00,58.97867766
2024-07-04 16:00:00,58.8985573
2024-07-04 16:30:00,59.82998371
2024-07-04 17:00:00,63.53311424
2024-07-04 17:30:00,67.60356879
2024-07-04 18:00:00,70.49820089
2024-07-04 18:30:00,70.26561152
2024-07-04 19:00:00,69.82950529
2024-07-04 19:30:00,67.44375443
2024-07-04 20:00:00,66.51895506
2024-07-04 20:30:00,65.00657517
2024-07-04 21:00:00,63.44815888
2024-07-04 21:30:00,60.24283649
2024-07-04 22:00:00,56.35965123
2024-07-04 22:30:00,53.79728935
2024-07-04 23:00:00,50.89549343
2024-07-04 23:30:00,46.93643204
2024-07-05 00:00:00,43.41084637
2024-07-05 00:30:00,40.8568275
2024-07-05 01:00:00,39.14583906
2024-07-05 01:30:00,37.68107688
2024-07-05 02:00:00,36.67535706
2024-07-05 02:30:00,36.27435848
2024-07-05 03:00:00,35.53711502
2024-07-05 03:30:00,35.89915858
2024-07-05 04:00:00,35.89582105
2024-07-05 04:30:00,36.81529409
2024-07-05 05:00:00,37.71977899
2024-07-05 05:30:00,40.56723141
2024-07-05 06:00:00,43.325034
2024-07-05 06:30:00,49.00481208
2024-07-05 07:00:00,54.6788283
2024-07-05 07:30:00,61.40215323
2024-07-05 08:00:00,65.97363436
2024-07-05 08:30:00,66.42965116
2024-07-05 09:00:00,63.44857499
2024-07-05 09:30:00,60.17140323
2024-07-05 10:00:00,56.66512012
2024-07-05 10:30:00,56.84989469
2024-07-05 11:00:00,56.56287914
2024-07-05 11:30:00,53.58772847
2024-07-05 12:00:00,52.59325943
2024-07-05 12:30:00,55.72108347
2024-07-05 13:00:00,53.92207953
2024-07-05 13:30:00,50.26932802
2024-07-05 14:00:00,49.79918988
2024-07-05 14:30:00,50.01500422
2024-07-05 15:00:00,49.61435325
2024-07-05 15:30:00,50.54261953
2024-07-05 16:00:00,52.70410301
2024-07-05 16:30:00,55.39275767
2024-07-05 17:00:00,59.34437571
2024-07-05 17:30:00,63.43450787
2024-07-05 18:00:00,66.30670534
2024-07-05 18:30:00,66.42691411
2024-07-05 19:00:00,65.80068466
2024-07-05 19:30:00,64.16984489
2024-07-05 20:00:00,63.14538701
2024-07-05 20:30:00,61.68254372
2024-07-05 21:00:00,60.37245733
2024-07-05 21:30:00,58.05077852
2024-07-05 22:00:00,54.89629861
2024-07-05 22:30:00,52.80072882
2024-07-05 23:00:00,50.35904853
2024-07-05 23:30:00,46.74069241
2024-07-06 00:00:00,43.76223474
2024-07-06 00:30:00,41.33896804
2024-07-06 01:00:00,39.13583803
2024-07-06 01:30:00,37.56132109
2024-07-06 02:00:00,36.7132899
2024-07-06 02:30:00,35.6763335
2024-07-06 03:00:00,35.15699923
2024-07-06 03:30:00,35.26820522
2024-07-06 04:00:00,35.1581189
2024-07-06 04:30:00,35.32773856
2024-07-06 05:00:00,35.71880017
2024-07-06 05:30:00,36.75817869
2024-07-06 06:00:00,38.21410758
2024-07-06 06:30:00,40.67115208
2024-07-06 07:00:00,42.63654558
2024-07-06 07:30:00,45.53645084
2024-07-06 08:00:00,48.15601416
2024-07-06 08:30:00,51.19372138
2024-07-06 09:00:00,52.17008229
2024-07-06 09:30:00,53.83153877
2024-07-06 10:00:00,52.71940606
2024-07-06 10:30:00,50.52561686
2024-07-06 11:00:00,47.16292112
2024-07-06 11:30:00,44.84747773
2024-07-06 12:00:00,42.23222525
2024-07-06 12:30:00,41.34252678
2024-07-06 13:00:00,39.88204434
2024-07-06 13:30:00,39.33735475
2024-07-06 14:00:00,39.98758645
2024-07-06 14:30:00,40.33117622
2024-07-06 15:00:00,41.1553334
2024-07-06 15:30:00,42.77450669
2024-07-06 16:00:00,45.05761472
2024-07-06 16:30:00,48.1194305
2024-07-06 17:00:00,52.25975942
2024-07-06 17:30:00,56.77530085
2024-07-06 18:00:00,60.23600794
2024-07-06 18:30:00,60.70710988
2024-07-06 19:00:00,59.79872662
2024-07-06 19:30:00,58.93568289
2024-07-06 20:00:00,57.75924566
2024-07-06 20:30:00,56.51368881
2024-07-06 21:00:00,55.16553109
2024-07-06 21:30:00,53.84828351
2024-07-06 22:00:00,52.28579731
2024-07-06 22:30:00,50.88669361
2024-07-06 23:00:00,49.05562561
2024-07-06 23:30:00,45.66998072
2024-07-07 00:00:00,42.33879275
2024-07-07 00:30:00,39.92260062
2024-07-07 01:00:00,38.1750282
2024-07-07 01:30:00,36.81066472
2024-07-07 02:00:00,35.72793689
2024-07-07 02:30:00,35.03808528
2024-07-07 03:00:00,34.59708369
2024-07-07 03:30:00,34.5397944
2024-07-07 04:00:00,34.34870956
2024-07-07 04:30:00,34.82515317
2024-07-07 05:00:00,35.31816565
2024-07-07 05:30:00,36.46584918
2024-07-07 06:00:00,37.93124963
2024-07-07 06:30:00,40.103263
2024-07-07 07:00:00,41.89096864
2024-07-07 07:30:00,43.95924137
2024-07-07 08:00:00,46.38896278
2024-07-07 08:30:00,48.02170964
2024-07-07 09:00:00,47.46178941
2024-07-07 09:30:00,47.03228238
2024-07-07 10:00:00,47.14265842
2024-07-07 10:30:00,48.11996334
2024-07-07 11:00:00,48.50060955
2024-07-07 11:30:00,48.37759725
2024-07-07 12:00:00,49.53548575
2024-07-07 12:30:00,48.11676419
2024-07-07 13:00:00,45.35327226
2024-07-07 13:30:00,47.98218265
2024-07-07 14:00:00,50.34195272
2024-07-07 14:30:00,49.8752122
2024-07-07 15:00:00,49.0080897
2024-07-07 15:30:00,49.90400768
2024-07-07 16:00:00,49.9377242
2024-07-07 16:30:00,52.14169413
2024-07-07 17:00:00,54.94873184
2024-07-07 17:30:00,57.86834879
2024-07-07 18:00:00,59.97488824
2024-07-07 18:30:00,60.37596247
2024-07-07 19:00:00,60.4796728
2024-07-07 19:30:00,59.56239997
2024-07-07 20:00:00,57.92976086
2024-07-07 20:30:00,57.05182567
2024-07-07 21:00:00,55.26044934
2024-07-07 21:30:00,53.0105703
2024-07-07 22:00:00,50.13550312
2024-07-07 22:30:00,47.77382044
2024-07-07 23:00:00,45.3400405
2024-07-07 23:30:00,42.27971581
2024-07-08 00:00:00,39.36021472
2024-07-08 00:30:00,37.10728702
2024-07-08 01:00:00,35.53186728
2024-07-08 01:30:00,34.41468415
2024-07-08 02:00:00,33.4928
2024-07-08 02:30:00,33.08310034
2024-07-08 03:00:00,32.58853834
2024-07-08 03:30:00,32.66071589
2024-07-08 04:00:00,32.70020652
2024-07-08 04:30:00,33.61609366
2024-07-08 05:00:00,34.48064413
2024-07-08 05:30:00,36.80243994
2024-07-08 06:00:00,39.54008488
2024-07-08 06:30:00,44.08880358
2024-07-08 07:00:00,48.50487101
2024-07-08 07:30:00,54.53814714
2024-07-08 08:00:00,58.35707758
2024-07-08 08:30:00,59.66916625
2024-07-08 09:00:00,58.03352904
2024-07-08 09:30:00,55.72381867
2024-07-08 10:00:00,56.20623058
2024-07-08 10:30:00,56.68456641
2024-07-08 11:00:00,56.64697495
2024-07-08 11:30:00,55.56492375
2024-07-08 12:00:00,50.50665266
2024-07-08 12:30:00,50.47037128
2024-07-08 13:00:00,49.60836196
2024-07-08 13:30:00,52.76021497
2024-07-08 14:00:00,56.00788969
2024-07-08 14:30:00,54.82653352
2024-07-08 15:00:00,54.66643452
2024-07-08 15:30:00,56.83974026
2024-07-08 16:00:00,55.75505212
2024-07-08 16:30:00,57.03846262
2024-07-08 17:00:00,59.80786754
2024-07-08 17:30:00,62.5368314
2024-07-08 18:00:00,64.78053378
2024-07-08 18:30:00,64.51819917
2024-07-08 19:00:00,63.76003763
2024-07-08 19:30:00,60.40545109
2024-07-08 20:00:00,58.89350937
2024-07-08 20:30:00,57.02251486
2024-07-08 21:00:00,54.92216578
2024-07-08 21:30:00,52.24634413
2024-07-08 22:00:00,49.09277356
2024-07-08 22:30:00,47.23554453
2024-07-08 23:00:00,44.40762633
2024-07-08 23:30:00,41.03655107
2024-07-09 00:00:00,37.96685414
2024-07-09 00:30:00,35.71069466
2024-07-09 01:00:00,34.22970923
2024-07-09 01:30:00,33.23920037
2024-07-09 02:00:00,32.43821785
2024-07-09 02:30:00,31.96400404
2024-07-09 03:00:00,31.65775596
2024-07-09 03:30:00,31.78397409
2024-07-09 04:00:00,31.91488801
2024-07-09 04:30:00,32.62289935
2024-07-09 05:00:00,33.38980872
2024-07-09 05:30:00,35.6091366
2024-07-09 06:00:00,38.16158501
2024-07-09 06:30:00,42.72653224
2024-07-09 07:00:00,47.57114442
2024-07-09 07:30:00,53.50270487
2024-07-09 08:00:00,57.5981852
2024-07-09 08:30:00,59.09752949
2024-07-09 09:00:00,58.08063472
2024-07-09 09:30:00,57.25412267
2024-07-09 10:00:00,54.62559264
2024-07-09 10:30:00,51.89247804
2024-07-09 11:00:00,49.11363124
2024-07-09 11:30:00,49.36475681
2024-07-09 12:00:00,54.62277556
2024-07-09 12:30:00,56.46801204
2024-07-09 13:00:00,56.36442252
2024-07-09 13:30:00,56.55269351
2024-07-09 14:00:00,54.00592503
2024-07-09 14:30:00,54.26799725
2024-07-09 15:00:00,54.75769985
2024-07-09 15:30:00,54.37319499
2024-07-09 16:00:00,55.52749814
2024-07-09 16:30:00,57.20214002
2024-07-09 17:00:00,60.609151
2024-07-09 17:30:00,63.0780034
2024-07-09 18:00:00,65.64938227
2024-07-09 18:30:00,64.5436768
2024-07-09 19:00:00,63.57770818
2024-07-09 19:30:00,60.94525799
2024-07-09 20:00:00,59.56778693
2024-07-09 20:30:00,57.58847566
2024-07-09 21:00:00,55.9955606
2024-07-09 21:30:00,53.37663937
2024-07-09 22:00:00,50.11595235
2024-07-09 22:30:00,48.26829984
2024-07-09 23:00:00,45.77639633
2024-07-09 23:30:00,42.14376029
2024-07-10 00:00:00,39.19912359
2024-07-10 00:30:00,36.79147437
2024-07-10 01:00:00,35.01616088
2024-07-10 01:30:00,33.86514832
2024-07-10 02:00:00,33.07839303
2024-07-10 02:30:00,32.75284063
2024-07-10 03:00:00,32.3721944
2024-07-10 03:30:00,32.27058218
2024-07-10 04:00:00,32.46669066
2024-07-10 04:30:00,33.27558733
2024-07-10 05:00:00,34.10072461
2024-07-10 05:30:00,36.42053812
2024-07-10 06:00:00,38.80400969
2024-07-10 06:30:00,43.37930687
2024-07-10 07:00:00,47.79290884
2024-07-10 07:30:00,53.60933279
2024-07-10 08:00:00,57.40143327
2024-07-10 08:30:00,59.32610145
2024-07-10 09:00:00,58.32389638
2024-07-10 09:30:00,57.17537255
2024-07-10 10:00:00,53.79137187
2024-07-10 10:30:00,53.39472429
2024-07-10 11:00:00,54.83246968
2024-07-10 11:30:00,52.64633015
2024-07-10 12:00:00,52.49562174
2024-07-10 12:30:00,50.38905552
2024-07-10 13:00:00,50.47069718
2024-07-10 13:30:00,49.27588158
2024-07-10 14:00:00,47.6194521
2024-07-10 14:30:00,48.81650698
2024-07-10 15:00:00,47.9217023
2024-07-10 15:30:00,50.27219674
2024-07-10 16:00:00,51.63720135
2024-07-10 16:30:00,53.87854129
2024-07-10 17:00:00,58.00067841
2024-07-10 17:30:00,61.95588077
2024-07-10 18:00:00,64.82425377
2024-07-10 18:30:00,64.63510683
2024-07-10 19:00:00,63.96049731
2024-07-10 19:30:00,61.5129956
2024-07-10 20:00:00,60.24261741
2024-07-10 20:30:00,58.81895617
2024-07-10 21:00:00,57.26264872
2024-07-10 21:30:00,55.03158646
2024-07-10 22:00:00,52.22473013
2024-07-10 22:30:00,50.53178242
2024-07-10 23:00:00,47.60728754
2024-07-10 23:30:00,44.0584418
2024-07-11 00:00:00,40.72636798
2024-07-11 00:30:00,38.21213452
2024-07-11 01:00:00,36.59872223
2024-07-11 01:30:00,35.61105239
2024-07-11 02:00:00,34.91854358
2024-07-11 02:30:00,34.75149775
2024-07-11 03:00:00,34.63174539
2024-07-11 03:30:00,34.72998764
2024-07-11 04:00:00,34.81566085
2024-07-11 04:30:00,35.54720082
2024-07-11 05:00:00,36.42383349
2024-07-11 05:30:00,38.87787258
2024-07-11 06:00:00,41.4721769
2024-07-11 06:30:00,46.43343946
2024-07-11 07:00:00,51.26784441
2024-07-11 07:30:00,57.34339524
2024-07-11 08:00:00,62.07377319
2024-07-11 08:30:00,64.01735086
2024-07-11 09:00:00,64.05087472
2024-07-11 09:30:00,63.82251363
2024-07-11 10:00:00,63.44174118
2024-07-11 10:30:00,63.54919987
2024-07-11 11:00:00,63.88399274
2024-07-11 11:30:00,63.17728654
2024-07-11 12:00:00,62.02297046
2024-07-11 12:30:00,62.74553069
2024-07-11 13:00:00,61.70687646
2024-07-11 13:30:00,61.52275419
2024-07-11 14:00:00,60.14200287
2024-07-11 14:30:00,59.73955773
2024-07-11 15:00:00,58.73596066
2024-07-11 15:30:00,58.50250927
2024-07-11 16:00:00,58.63587295
2024-07-11 16:30:00,61.74841096
2024-07-11 17:00:00,65.10113599
2024-07-11 17:30:00,68.66559088
2024-07-11 18:00:00,70.98078253
2024-07-11 18:30:00,70.28457486
2024-07-11 19:00:00,68.78116738
2024-07-11 19:30:00,66.59668704
2024-07-11 20:00:00,65.12956483
2024-07-11 20:30:00,63.75295598
2024-07-11 21:00:00,61.83149146
2024-07-11 21:30:00,58.77881352
2024-07-11 22:00:00,55.98208601
2024-07-11 22:30:00,54.20064254
2024-07-11 23:00:00,51.08008514
2024-07-11 23:30:00,47.40977747
2024-07-12 00:00:00,43.76551873
2024-07-12 00:30:00,41.33314357
2024-07-12 01:00:00,39.1697343
2024-07-12 01:30:00,37.65534038
2024-07-12 02:00:00,36.80817864
2024-07-12 02:30:00,36.19216508
2024-07-12 03:00:00,35.60346523
2024-07-12 03:30:00,35.82008693
2024-07-12 04:00:00,35.69798777
2024-07-12 04:30:00,36.30231723
2024-07-12 05:00:00,37.14091079
2024-07-12 05:30:00,39.91600123
2024-07-12 06:00:00,42.41344498
2024-07-12 06:30:00,47.26469944
2024-07-12 07:00:00,51.74985975
2024-07-12 07:30:00,58.03708468
2024-07-12 08:00:00,62.50812825
2024-07-12 08:30:00,65.39525276
2024-07-12 09:00:00,64.56098393
2024-07-12 09:30:00,64.66043747
2024-07-12 10:00:00,58.77770314
2024-07-12 10:30:00,59.0036203
2024-07-12 11:00:00,61.04136035
2024-07-12 11:30:00,54.10459333
2024-07-12 12:00:00,53.63425683
2024-07-12 12:30:00,55.56506875
2024-07-12 13:00:00,56.17842771
2024-07-12 13:30:00,54.85159393
2024-07-12 14:00:00,56.16371512
2024-07-12 14:30:00,56.48925468
2024-07-12 15:00:00,54.71746099
2024-07-12 15:30:00,55.91601602
2024-07-12 16:00:00,57.11306326
2024-07-12 16:30:00,59.14013593
2024-07-12 17:00:00,61.70614323
2024-07-12 17:30:00,64.71529734
2024-07-12 18:00:00,67.65354895
2024-07-12 18:30:00,67.3241326
2024-07-12 19:00:00,66.84226723
2024-07-12 19:30:00,65.06465716
2024-07-12 20:00:00,63.5098062
2024-07-12 20:30:00,61.91851626
2024-07-12 21:00:00,60.0324559
2024-07-12 21:30:00,57.32286072
2024-07-12 22:00:00,54.40916104
2024-07-12 22:30:00,52.80922857
2024-07-12 23:00:00,50.11724111
2024-07-12 23:30:00,46.48860582
2024-07-13 00:00:00,43.88523624
2024-07-13 00:30:00,41.18493253
2024-07-13 01:00:00,39.28691655
2024-07-13 01:30:00,38.25767382
2024-07-13 02:00:00,37.21415837
2024-07-13 02:30:00,36.38434496
2024-07-13 03:00:00,35.76031042
2024-07-13 03:30:00,35.89065651
2024-07-13 04:00:00,35.86650454
2024-07-13 04:30:00,35.88319921
2024-07-13 05:00:00,36.42603572
2024-07-13 05:30:00,37.60804167
2024-07-13 06:00:00,38.87507846
2024-07-13 06:30:00,41.65991259
2024-07-13 07:00:00,44.09972117
2024-07-13 07:30:00,46.7327341
2024-07-13 08:00:00,49.69251181
2024-07-13 08:30:00,52.67944675
2024-07-13 09:00:00,53.46332428
2024-07-13 09:30:00,53.01927791
2024-07-13 10:00:00,49.33823391
2024-07-13 10:30:00,47.4034354
2024-07-13 11:00:00,45.14819208
2024-07-13 11:30:00,42.89191561
2024-07-13 12:00:00,41.04652239
2024-07-13 12:30:00,41.13976972
2024-07-13 13:00:00,39.88763004
2024-07-13 13:30:00,38.83754577
2024-07-13 14:00:00,39.13639588
2024-07-13 14:30:00,39.86409268
2024-07-13 15:00:00,41.06107491
2024-07-13 15:30:00,42.86814433
2024-07-13 16:00:00,44.99001737
2024-07-13 16:30:00,48.14120471
2024-07-13 17:00:00,52.35898039
2024-07-13 17:30:00,56.63662976
2024-07-13 18:00:00,59.55026097
2024-07-13 18:30:00,59.71572117
2024-07-13 19:00:00,59.43748861
2024-07-13 19:30:00,57.72882177
2024-07-13 20:00:00,57.14510292
2024-07-13 20:30:00,56.76405398
2024-07-13 21:00:00,56.16726545
2024-07-13 21:30:00,54.95258478
2024-07-13 22:00:00,53.4157666
2024-07-13 22:30:00,52.33838655
2024-07-13 23:00:00,50.1536717
2024-07-13 23:30:00,47.02455689
2024-07-14 00:00:00,44.26243473
2024-07-14 00:30:00,41.99888852
2024-07-14 01:00:00,40.47044777
2024-07-14 01:30:00,39.3848153
2024-07-14 02:00:00,38.52322256
2024-07-14 02:30:00,37.81496142
2024-07-14 03:00:00,37.33039447
2024-07-14 03:30:00,37.24267028
2024-07-14 04:00:00,37.27228727
2024-07-14 04:30:00,37.49481138
2024-07-14 05:00:00,37.71888799
2024-07-14 05:30:00,38.98915325
2024-07-14 06:00:00,39.8398571
2024-07-14 06:30:00,41.83949583
2024-07-14 07:00:00,43.49095751
2024-07-14 07:30:00,46.0129663
2024-07-14 08:00:00,49.18645241
2024-07-14 08:30:00,51.4167335
2024-07-14 09:00:00,51.92145429
2024-07-14 09:30:00,52.27157938
2024-07-14 10:00:00,50.51694931
2024-07-14 10:30:00,48.38860912
2024-07-14 11:00:00,46.19867626
2024-07-14 11:30:00,45.89506351
2024-07-14 12:00:00,43.88073431
2024-07-14 12:30:00,42.4414238
2024-07-14 13:00:00,41.77296058
2024-07-14 13:30:00,42.07963216
2024-07-14 14:00:00,42.93262114
2024-07-14 14:30:00,42.65962021
2024-07-14 15:00:00,45.25081196
2024-07-14 15:30:00,46.69419677
2024-07-14 16:00:00,48.79613849
2024-07-14 16:30:00,52.37384105
2024-07-14 17:00:00,56.50058563
2024-07-14 17:30:00,61.07756401
2024-07-14 18:00:00,64.67726917
2024-07-14 18:30:00,66.50105483
2024-07-14 19:00:00,66.40777882
2024-07-14 19:30:00,65.42947889
2024-07-14 20:00:00,64.62774447
2024-07-14 20:30:00,63.953149
2024-07-14 21:00:00,62.00815815
2024-07-14 21:30:00,59.27964407
2024-07-14 22:00:00,56.04838206
2024-07-14 22:30:00,54.00100759
2024-07-14 23:00:00,50.99347309
2024-07-14 23:30:00,47.56079373
2024-07-15 00:00:00,44.0684912
2024-07-15 00:30:00,41.82315303
2024-07-15 01:00:00,40.20687447
2024-07-15 01:30:00,39.18797959
2024-07-15 02:00:00,38.48959565
2024-07-15 02:30:00,37.77096073
2024-07-15 03:00:00,37.34998121
2024-07-15 03:30:00,37.60753033
2024-07-15 04:00:00,37.74384944
2024-07-15 04:30:00,38.74127073
2024-07-15 05:00:00,40.12453166
2024-07-15 05:30:00,43.60307282
2024-07-15 06:00:00,46.98889481
2024-07-15 06:30:00,52.35616491
2024-07-15 07:00:00,57.99933028
2024-07-15 07:30:00,65.20230489
2024-07-15 08:00:00,69.33068775
2024-07-15 08:30:00,70.24174649
2024-07-15 09:00:00,67.75385851
2024-07-15 09:30:00,64.6275998
2024-07-15 10:00:00,61.27806555
2024-07-15 10:30:00,59.70649908
2024-07-15 11:00:00,58.11032856
2024-07-15 11:30:00,57.20176081
2024-07-15 12:00:00,55.08109449
2024-07-15 12:30:00,54.48528841
2024-07-15 13:00:00,55.54914767
2024-07-15 13:30:00,58.59646741
2024-07-15 14:00:00,61.05411111
2024-07-15 14:30:00,61.48786332
2024-07-15 15:00:00,58.66054201
2024-07-15 15:30:00,61.921192
2024-07-15 16:00:00,64.03313553
2024-07-15 16:30:00,65.77066979
2024-07-15 17:00:00,69.23741391
2024-07-15 17:30:00,72.78407103
2024-07-15 18:00:00,76.28157558
2024-07-15 18:30:00,76.26827386
2024-07-15 19:00:00,75.39815796
2024-07-15 19:30:00,72.32045391
2024-07-15 20:00:00,70.62633363
2024-07-15 20:30:00,68.72011077
2024-07-15 21:00:00,66.38770632
2024-07-15 21:30:00,63.07228941
2024-07-15 22:00:00,58.87661512
2024-07-15 22:30:00,55.75835421
2024-07-15 23:00:00,52.36350183
2024-07-15 23:30:00,48.28852491
2024-07-16 00:00:00,44.71481768
2024-07-16 00:30:00,42.19630027
2024-07-16 01:00:00,40.11616401
2024-07-16 01:30:00,38.92386857
2024-07-16 02:00:00,38.2856815
2024-07-16 02:30:00,37.50975527
2024-07-16 03:00:00,37.29485825
2024-07-16 03:30:00,37.31442408
2024-07-16 04:00:00,37.48472727
2024-07-16 04:30:00,38.09881569
2024-07-16 05:00:00,38.80217819
2024-07-16 05:30:00,41.85453982
2024-07-16 06:00:00,44.71275275
2024-07-16 06:30:00,50.45676275
2024-07-16 07:00:00,56.0771443
2024-07-16 07:30:00,62.41682224
2024-07-16 08:00:00,66.63309046
2024-07-16 08:30:00,67.32189687
2024-07-16 09:00:00,65.68069063
2024-07-16 09:30:00,62.1412061
2024-07-16 10:00:00,61.98484597
2024-07-16 10:30:00,61.44091702
2024-07-16 11:00:00,58.84807499
2024-07-16 11:30:00,58.39098405
2024-07-16 12:00:00,56.83572341
2024-07-16 12:30:00,57.66838258
2024-07-16 13:00:00,50.27157404
2024-07-16 13:30:00,56.03445305
2024-07-16 14:00:00,58.66924029
2024-07-16 14:30:00,59.41176091
2024-07-16 15:00:00,59.78596386
2024-07-16 15:30:00,59.67106877
2024-07-16 16:00:00,60.75098472
2024-07-16 16:30:00,63.69313897
2024-07-16 17:00:00,66.3089567
2024-07-16 17:30:00,69.33013552
2024-07-16 18:00:00,71.73955802
2024-07-16 18:30:00,71.68980272
2024-07-16 19:00:00,71.13743126
2024-07-16 19:30:00,68.22463807
2024-07-16 20:00:00,66.70768013
2024-07-16 20:30:00,64.79534998
2024-07-16 21:00:00,62.63544553
2024-07-16 21:30:00,59.09381322
2024-07-16 22:00:00,55.96097671
2024-07-16 22:30:00,53.58276588
2024-07-16 23:00:00,50.18921598
2024-07-16 23:30:00,46.31289214
2024-07-17 00:00:00,43.04773558
2024-07-17 00:30:00,40.44608308
2024-07-17 01:00:00,38.43102486
2024-07-17 01:30:00,37.32872809
2024-07-17 02:00:00,36.39946056
2024-07-17 02:30:00,36.10907591
2024-07-17 03:00:00,35.9780917
2024-07-17 03:30:00,36.24559843
2024-07-17 04:00:00,36.42811287
2024-07-17 04:30:00,37.34346236
2024-07-17 05:00:00,38.52797974
2024-07-17 05:30:00,41.31644641
2024-07-17 06:00:00,44.17734936
2024-07-17 06:30:00,50.17915902
2024-07-17 07:00:00,56.21521815
2024-07-17 07:30:00,63.37340791
2024-07-17 08:00:00,67.88778712
2024-07-17 08:30:00,68.37658183
2024-07-17 09:00:00,65.48031997
2024-07-17 09:30:00,61.99966882
2024-07-17 10:00:00,58.30109573
2024-07-17 10:30:00,55.59607414
2024-07-17 11:00:00,54.49270936
2024-07-17 11:30:00,52.41892095
2024-07-17 12:00:00,56.17624349
2024-07-17 12:30:00,57.61041046
2024-07-17 13:00:00,56.53457398
2024-07-17 13:30:00,56.42427475
2024-07-17 14:00:00,57.1452051
2024-07-17 14:30:00,58.59966957
2024-07-17 15:00:00,56.11481212
2024-07-17 15:30:00,56.10486735
2024-07-17 16:00:00,56.67472712
2024-07-17 16:30:00,59.20234798
2024-07-17 17:00:00,62.20985903
2024-07-17 17:30:00,66.01244396
2024-07-17 18:00:00,68.93087778
2024-07-17 18:30:00,68.64083185
2024-07-17 19:00:00,67.70243918
2024-07-17 19:30:00,65.79612558
2024-07-17 20:00:00,64.49816093
2024-07-17 20:30:00,63.23160567
2024-07-17 21:00:00,61.50830496
2024-07-17 21:30:00,59.43999054
2024-07-17 22:00:00,55.6904659
2024-07-17 22:30:00,53.71385641
2024-07-17 23:00:00,51.02277209
2024-07-17 23:30:00,46.84246264
2024-07-18 00:00:00,43.43881366
2024-07-18 00:30:00,40.76001202
2024-07-18 01:00:00,38.90804666
2024-07-18 01:30:00,37.82380023
2024-07-18 02:00:00,36.79969461
2024-07-18 02:30:00,36.20972471
2024-07-18 03:00:00,35.76706955
2024-07-18 03:30:00,35.73348487
2024-07-18 04:00:00,35.95095054
2024-07-18 04:30:00,36.7569997
2024-07-18 05:00:00,37.59913237
2024-07-18 05:30:00,40.01664482
2024-07-18 06:00:00,42.69508069
2024-07-18 06:30:00,47.82219228
2024-07-18 07:00:00,53.14949208
2024-07-18 07:30:00,60.26899434
2024-07-18 08:00:00,65.06265887
2024-07-18 08:30:00,67.61985755
2024-07-18 09:00:00,67.74016898
2024-07-18 09:30:00,66.63086516
2024-07-18 10:00:00,66.38277741
2024-07-18 10:30:00,61.93453347
2024-07-18 11:00:00,55.7282941
2024-07-18 11:30:00,52.806328
2024-07-18 12:00:00,50.24895524
2024-07-18 12:30:00,52.28274873
2024-07-18 13:00:00,52.86437354
2024-07-18 13:30:00,49.63233922
2024-07-18 14:00:00,48.79546016
2024-07-18 14:30:00,48.8568959
2024-07-18 15:00:00,50.03304323
2024-07-18 15:30:00,51.4266256
2024-07-18 16:00:00,54.07520055
2024-07-18 16:30:00,57.57509547
2024-07-18 17:00:00,62.63329554
2024-07-18 17:30:00,67.67429071
2024-07-18 18:00:00,72.26635121
2024-07-18 18:30:00,72.33861813
2024-07-18 19:00:00,71.88285598
2024-07-18 19:30:00,70.66958678
2024-07-18 20:00:00,69.45948067
2024-07-18 20:30:00,68.11105573
2024-07-18 21:00:00,66.58568182
2024-07-18 21:30:00,63.77089595
2024-07-18 22:00:00,60.12819288
2024-07-18 22:30:00,57.96508844
2024-07-18 23:00:00,54.39948217
2024-07-18 23:30:00,50.13181007
2024-07-19 00:00:00,46.64491177
2024-07-19 00:30:00,43.57117393
2024-07-19 01:00:00,41.70572916
2024-07-19 01:30:00,40.29149223
2024-07-19 02:00:00,39.22860034
2024-07-19 02:30:00,38.77765131
2024-07-19 03:00:00,38.18689731
2024-07-19 03:30:00,38.43359129
2024-07-19 04:00:00,38.51580082
2024-07-19 04:30:00,39.2632113
2024-07-19 05:00:00,40.23796276
2024-07-19 05:30:00,43.11243171
2024-07-19 06:00:00,45.92122559
2024-07-19 06:30:00,51.44373948
2024-07-19 07:00:00,56.91489576
2024-07-19 07:30:00,63.66507144
2024-07-19 08:00:00,67.08011817
2024-07-19 08:30:00,69.42029025
2024-07-19 09:00:00,68.3694961
2024-07-19 09:30:00,64.45602784
2024-07-19 10:00:00,65.25578474
2024-07-19 10:30:00,62.66396768
2024-07-19 11:00:00,58.36899467
2024-07-19 11:30:00,54.74954877
2024-07-19 12:00:00,53.04623712
2024-07-19 12:30:00,57.91808164
2024-07-19 13:00:00,57.25142016
2024-07-19 13:30:00,57.21701427
2024-07-19 14:00:00,60.47445825
2024-07-19 14:30:00,63.43911423
2024-07-19 15:00:00,65.47063888
2024-07-19 15:30:00,64.94113032
2024-07-19 16:00:00,65.07208981
2024-07-19 16:30:00,67.27725833
2024-07-19 17:00:00,70.39815152
2024-07-19 17:30:00,73.61356209
2024-07-19 18:00:00,75.24679192
2024-07-19 18:30:00,73.97537711
2024-07-19 19:00:00,72.99625474
2024-07-19 19:30:00,69.9738275
2024-07-19 20:00:00,68.10566601
2024-07-19 20:30:00,66.5958732
2024-07-19 21:00:00,64.87903814
2024-07-19 21:30:00,61.62468924
2024-07-19 22:00:00,58.81484397
2024-07-19 22:30:00,56.86746474
2024-07-19 23:00:00,54.060264
2024-07-19 23:30:00,50.5065526
2024-07-20 00:00:00,46.57840509
2024-07-20 00:30:00,43.80821738
2024-07-20 01:00:00,41.63137043
2024-07-20 01:30:00,39.90671695
2024-07-20 02:00:00,38.54546145
2024-07-20 02:30:00,37.44233582
2024-07-20 03:00:00,36.58429105
2024-07-20 03:30:00,36.60923863
2024-07-20 04:00:00,36.4624717
2024-07-20 04:30:00,36.67855086
2024-07-20 05:00:00,36.99651811
2024-07-20 05:30:00,37.7639705
2024-07-20 06:00:00,39.34141949
2024-07-20 06:30:00,41.61187441
2024-07-20 07:00:00,43.65147212
2024-07-20 07:30:00,46.38967608
2024-07-20 08:00:00,49.92404694
2024-07-20 08:30:00,52.16617636
2024-07-20 09:00:00,55.14936485
2024-07-20 09:30:00,55.41341347
2024-07-20 10:00:00,57.07929184
2024-07-20 10:30:00,61.39286548
2024-07-20 11:00:00,57.31530104
2024-07-20 11:30:00,56.72504182
2024-07-20 12:00:00,51.2284596
2024-07-20 12:30:00,51.14205237
2024-07-20 13:00:00,50.66405623
2024-07-20 13:30:00,50.24191792
2024-07-20 14:00:00,56.61444138
2024-07-20 14:30:00,57.41631197
2024-07-20 15:00:00,57.34745763
2024-07-20 15:30:00,59.16732628
2024-07-20 16:00:00,60.31309468
2024-07-20 16:30:00,60.78203866
2024-07-20 17:00:00,65.18240618
2024-07-20 17:30:00,66.95852599
2024-07-20 18:00:00,69.34062485
2024-07-20 18:30:00,68.63398823
2024-07-20 19:00:00,67.25808172
2024-07-20 19:30:00,65.26468353
2024-07-20 20:00:00,63.65838989
2024-07-20 20:30:00,62.16810646
2024-07-20 21:00:00,60.86784363
2024-07-20 21:30:00,58.49579965
2024-07-20 22:00:00,56.18954506
2024-07-20 22:30:00,54.67541214
2024-07-20 23:00:00,52.48755396
2024-07-20 23:30:00,48.98348199
2024-07-21 00:00:00,46.07777213
2024-07-21 00:30:00,43.44739004
2024-07-21 01:00:00,41.53957978
2024-07-21 01:30:00,39.94601251
2024-07-21 02:00:00,38.68907355
2024-07-21 02:30:00,37.79745953
2024-07-21 03:00:00,37.07885748
2024-07-21 03:30:00,36.88613491
2024-07-21 04:00:00,36.88182532
2024-07-21 04:30:00,37.0985011
2024-07-21 05:00:00,37.1412091
2024-07-21 05:30:00,38.18415887
2024-07-21 06:00:00,39.38637862
2024-07-21 06:30:00,41.69473606
2024-07-21 07:00:00,43.74790303
2024-07-21 07:30:00,46.02635655
2024-07-21 08:00:00,49.22013502
2024-07-21 08:30:00,50.40795688
2024-07-21 09:00:00,49.67228623
2024-07-21 09:30:00,49.08917527
2024-07-21 10:00:00,47.19197505
2024-07-21 10:30:00,46.03963101
2024-07-21 11:00:00,44.5423754
2024-07-21 11:30:00,42.54528978
2024-07-21 12:00:00,41.16682857
2024-07-21 12:30:00,41.44529611
2024-07-21 13:00:00,40.62581808
2024-07-21 13:30:00,39.91812565
2024-07-21 14:00:00,39.94707821
2024-07-21 14:30:00,40.55689256
2024-07-21 15:00:00,41.90400243
2024-07-21 15:30:00,44.33698651
2024-07-21 16:00:00,48.96561165
2024-07-21 16:30:00,52.62574113
2024-07-21 17:00:00,56.22116535
2024-07-21 17:30:00,60.90976701
2024-07-21 18:00:00,64.78268012
2024-07-21 18:30:00,65.73248054
2024-07-21 19:00:00,65.13019746
2024-07-21 19:30:00,64.18138906
2024-07-21 20:00:00,63.25133777
2024-07-21 20:30:00,61.67006176
2024-07-21 21:00:00,60.29825646
2024-07-21 21:30:00,57.51625441
2024-07-21 22:00:00,54.2948797
2024-07-21 22:30:00,52.31422722
2024-07-21 23:00:00,49.88222373
2024-07-21 23:30:00,46.28831393
2024-07-22 00:00:00,43.03080943
2024-07-22 00:30:00,40.42358327
2024-07-22 01:00:00,38.80461626
2024-07-22 01:30:00,37.41264589
2024-07-22 02:00:00,36.36740146
2024-07-22 02:30:00,35.95647028
2024-07-22 03:00:00,35.58465622
2024-07-22 03:30:00,35.66506696
2024-07-22 04:00:00,35.88526642
2024-07-22 04:30:00,36.60640254
2024-07-22 05:00:00,37.55136609
2024-07-22 05:30:00,40.359767
2024-07-22 06:00:00,43.25635151
2024-07-22 06:30:00,49.29733493
2024-07-22 07:00:00,54.80649024
2024-07-22 07:30:00,60.84202929
2024-07-22 08:00:00,65.47026569
2024-07-22 08:30:00,65.40930167
2024-07-22 09:00:00,63.64797666
2024-07-22 09:30:00,60.6428734
2024-07-22 10:00:00,58.78922512
2024-07-22 10:30:00,56.20928453
2024-07-22 11:00:00,56.56165054
2024-07-22 11:30:00,53.66529703
2024-07-22 12:00:00,53.41672108
2024-07-22 12:30:00,56.00118631
2024-07-22 13:00:00,55.6399329
2024-07-22 13:30:00,52.53255672
2024-07-22 14:00:00,48.47303792
2024-07-22 14:30:00,49.63960092
2024-07-22 15:00:00,50.90705125
2024-07-22 15:30:00,51.48700154
2024-07-22 16:00:00,55.29191975
2024-07-22 16:30:00,56.76338331
2024-07-22 17:00:00,59.77612558
2024-07-22 17:30:00,64.24632315
2024-07-22 18:00:00,68.32086378
2024-07-22 18:30:00,69.39895982
2024-07-22 19:00:00,68.96504427
2024-07-22 19:30:00,66.49921787
2024-07-22 20:00:00,64.91726269
2024-07-22 20:30:00,64.08135453
2024-07-22 21:00:00,62.32170805
2024-07-22 21:30:00,58.96507921
2024-07-22 22:00:00,55.66078246
2024-07-22 22:30:00,53.22152413
2024-07-22 23:00:00,50.05435592
2024-07-22 23:30:00,46.71379897
2024-07-23 00:00:00,43.79900045
2024-07-23 00:30:00,41.18658653
2024-07-23 01:00:00,39.36559217
2024-07-23 01:30:00,38.41595596
2024-07-23 02:00:00,37.67893883
2024-07-23 02:30:00,37.43397066
2024-07-23 03:00:00,37.42744737
2024-07-23 03:30:00,37.56223256
2024-07-23 04:00:00,37.79152214
2024-07-23 04:30:00,38.8069019
2024-07-23 05:00:00,39.73720187
2024-07-23 05:30:00,42.71626712
2024-07-23 06:00:00,45.74657728
2024-07-23 06:30:00,52.01404071
2024-07-23 07:00:00,58.42921845
2024-07-23 07:30:00,66.30707947
2024-07-23 08:00:00,71.54011411
2024-07-23 08:30:00,73.14458783
2024-07-23 09:00:00,71.97414459
2024-07-23 09:30:00,70.54373063
2024-07-23 10:00:00,68.80540622
2024-07-23 10:30:00,65.72030281
2024-07-23 11:00:00,68.27458777
2024-07-23 11:30:00,65.02759422
2024-07-23 12:00:00,58.79044249
2024-07-23 12:30:00,54.94263549
2024-07-23 13:00:00,52.43024052
2024-07-23 13:30:00,50.80742964
2024-07-23 14:00:00,50.04780183
2024-07-23 14:30:00,49.49908523
2024-07-23 15:00:00,49.1065891
2024-07-23 15:30:00,48.72891425
2024-07-23 16:00:00,51.91988046
2024-07-23 16:30:00,55.19895832
2024-07-23 17:00:00,59.70036594
2024-07-23 17:30:00,64.33887793
2024-07-23 18:00:00,68.7072023
2024-07-23 18:30:00,69.66128738
2024-07-23 19:00:00,69.70838649
2024-07-23 19:30:00,67.64682366
2024-07-23 20:00:00,66.50036353
2024-07-23 20:30:00,65.02789144
2024-07-23 21:00:00,63.75202441
2024-07-23 21:30:00,60.8677603
2024-07-23 22:00:00,56.58472234
2024-07-23 22:30:00,54.13983525
2024-07-23 23:00:00,51.12714182
2024-07-23 23:30:00,47.32710079
2024-07-24 00:00:00,43.71636157
2024-07-24 00:30:00,40.82433638
2024-07-24 01:00:00,39.31642084
2024-07-24 01:30:00,38.11295314
2024-07-24 02:00:00,37.63398957
2024-07-24 02:30:00,37.24593432
2024-07-24 03:00:00,36.98116344
2024-07-24 03:30:00,37.3259542
2024-07-24 04:00:00,37.73399275
2024-07-24 04:30:00,38.41991476
2024-07-24 05:00:00,39.75071573
2024-07-24 05:30:00,42.765544
2024-07-24 06:00:00,46.01533741
2024-07-24 06:30:00,52.75207979
2024-07-24 07:00:00,59.52581516
2024-07-24 07:30:00,68.28143455
2024-07-24 08:00:00,73.22014685
2024-07-24 08:30:00,72.88806423
2024-07-24 09:00:00,68.23306108
2024-07-24 09:30:00,63.19563727
2024-07-24 10:00:00,59.81491093
2024-07-24 10:30:00,56.30408684
2024-07-24 11:00:00,53.17264529
2024-07-24 11:30:00,50.71079809
2024-07-24 12:00:00,47.96477531
2024-07-24 12:30:00,48.35088221
2024-07-24 13:00:00,48.29677926
2024-07-24 13:30:00,46.71680163
2024-07-24 14:00:00,48.72977743
2024-07-24 14:30:00,49.68462341
2024-07-24 15:00:00,50.05057223
2024-07-24 15:30:00,52.3448783
2024-07-24 16:00:00,55.09984571
2024-07-24 16:30:00,57.56129094
2024-07-24 17:00:00,61.13446062
2024-07-24 17:30:00,65.43904399
2024-07-24 18:00:00,69.43612138
2024-07-24 18:30:00,69.6445052
2024-07-24 19:00:00,69.28490048
2024-07-24 19:30:00,67.07022567
2024-07-24 20:00:00,65.74468866
2024-07-24 20:30:00,64.40827361
2024-07-24 21:00:00,62.31453334
2024-07-24 21:30:00,59.33426231
2024-07-24 22:00:00,55.53507109
2024-07-24 22:30:00,53.57060895
2024-07-24 23:00:00,50.62318688
2024-07-24 23:30:00,46.83836207
2024-07-25 00:00:00,43.14127715
2024-07-25 00:30:00,40.67434347
2024-07-25 01:00:00,38.79672794
2024-07-25 01:30:00,37.54640469
2024-07-25 02:00:00,36.63230618
2024-07-25 02:30:00,35.95423451
2024-07-25 03:00:00,35.42857765
2024-07-25 03:30:00,35.60032967
2024-07-25 04:00:00,35.71303703
2024-07-25 04:30:00,36.7400933
2024-07-25 05:00:00,37.90089563
2024-07-25 05:30:00,40.8412458
2024-07-25 06:00:00,43.48980651
2024-07-25 06:30:00,49.60609932
2024-07-25 07:00:00,55.80446157
2024-07-25 07:30:00,63.62552023
2024-07-25 08:00:00,66.8694352
2024-07-25 08:30:00,65.39854311
2024-07-25 09:00:00,62.01617987
2024-07-25 09:30:00,60.83941012
2024-07-25 10:00:00,57.99644989
2024-07-25 10:30:00,54.22099902
2024-07-25 11:00:00,52.10327099
2024-07-25 11:30:00,48.96075504
2024-07-25 12:00:00,46.88973284
2024-07-25 12:30:00,48.76188532
2024-07-25 13:00:00,49.82239344
2024-07-25 13:30:00,51.39403162
2024-07-25 14:00:00,49.51587057
2024-07-25 14:30:00,50.16686866
2024-07-25 15:00:00,50.94515706
2024-07-25 15:30:00,50.37808474
2024-07-25 16:00:00,51.52286885
2024-07-25 16:30:00,55.06523068
2024-07-25 17:00:00,57.68057575
2024-07-25 17:30:00,61.34194632
2024-07-25 18:00:00,64.43669223
2024-07-25 18:30:00,64.62843774
2024-07-25 19:00:00,64.28615494
2024-07-25 19:30:00,61.90236406
2024-07-25 20:00:00,60.59759116
2024-07-25 20:30:00,58.92779621
2024-07-25 21:00:00,57.56449156
2024-07-25 21:30:00,54.78554604
2024-07-25 22:00:00,51.5865849
2024-07-25 22:30:00,49.52641765
2024-07-25 23:00:00,46.78330877
2024-07-25 23:30:00,43.3637262
2024-07-26 00:00:00,40.1653785
2024-07-26 00:30:00,37.65392238
2024-07-26 01:00:00,35.89869018
2024-07-26 01:30:00,35.02102633
2024-07-26 02:00:00,34.00664671
2024-07-26 02:30:00,33.28848959
2024-07-26 03:00:00,33.03860464
2024-07-26 03:30:00,33.15240344
2024-07-26 04:00:00,33.30175325
2024-07-26 04:30:00,34.23229011
2024-07-26 05:00:00,35.48066548
2024-07-26 05:30:00,38.26334158
2024-07-26 06:00:00,40.92399895
2024-07-26 06:30:00,46.31136317
2024-07-26 07:00:00,51.89985135
2024-07-26 07:30:00,59.19747431
2024-07-26 08:00:00,63.31742404
2024-07-26 08:30:00,62.63441411
2024-07-26 09:00:00,58.83787287
2024-07-26 09:30:00,55.04548902
2024-07-26 10:00:00,51.63705645
2024-07-26 10:30:00,49.38710352
2024-07-26 11:00:00,46.87286921
2024-07-26 11:30:00,44.80273334
2024-07-26 12:00:00,43.29281911
2024-07-26 12:30:00,43.14811277
2024-07-26 13:00:00,42.00602972
2024-07-26 13:30:00,41.2629841
2024-07-26 14:00:00,41.32905934
2024-07-26 14:30:00,41.7216486
2024-07-26 15:00:00,42.63563891
2024-07-26 15:30:00,44.31446099
2024-07-26 16:00:00,46.92802222
2024-07-26 16:30:00,49.94072208
2024-07-26 17:00:00,53.76249369
2024-07-26 17:30:00,58.05619545
2024-07-26 18:00:00,61.67072996
2024-07-26 18:30:00,62.85678823
2024-07-26 19:00:00,62.92244046
2024-07-26 19:30:00,61.38984133
2024-07-26 20:00:00,60.67660878
2024-07-26 20:30:00,59.7865412
2024-07-26 21:00:00,58.98290682
2024-07-26 21:30:00,56.73520305
2024-07-26 22:00:00,54.02130983
2024-07-26 22:30:00,52.34077273
2024-07-26 23:00:00,50.41957061
2024-07-26 23:30:00,47.60790075
2024-07-27 00:00:00,44.6462704
2024-07-27 00:30:00,42.12705588
2024-07-27 01:00:00,40.50341165
2024-07-27 01:30:00,39.34369576
2024-07-27 02:00:00,38.40625641
2024-07-27 02:30:00,37.67343625
2024-07-27 03:00:00,37.25943152
2024-07-27 03:30:00,37.48439386
2024-07-27 04:00:00,37.45630741
2024-07-27 04:30:00,38.09318557
2024-07-27 05:00:00,38.54819102
2024-07-27 05:30:00,39.93717094
2024-07-27 06:00:00,41.53258376
2024-07-27 06:30:00,44.64076766
2024-07-27 07:00:00,47.0756191
2024-07-27 07:30:00,50.69676825
2024-07-27 08:00:00,54.37302962
2024-07-27 08:30:00,57.03201
2024-07-27 09:00:00,58.35513588
2024-07-27 09:30:00,58.69699643
2024-07-27 10:00:00,55.98186236
2024-07-27 10:30:00,52.90359942
2024-07-27 11:00:00,49.47562419
2024-07-27 11:30:00,45.80135303
2024-07-27 12:00:00,43.92424714
2024-07-27 12:30:00,41.63033699
2024-07-27 13:00:00,40.01275233
2024-07-27 13:30:00,38.88956784
2024-07-27 14:00:00,38.56498829
2024-07-27 14:30:00,38.83375978
2024-07-27 15:00:00,40.09800923
2024-07-27 15:30:00,41.94593435
2024-07-27 16:00:00,44.78776696
2024-07-27 16:30:00,48.02771165
2024-07-27 17:00:00,52.43227008
2024-07-27 17:30:00,57.22541782
2024-07-27 18:00:00,60.67414509
2024-07-27 18:30:00,61.59873179
2024-07-27 19:00:00,60.92975011
2024-07-27 19:30:00,59.75093844
2024-07-27 20:00:00,58.91553326
2024-07-27 20:30:00,58.01799903
2024-07-27 21:00:00,56.78132804
2024-07-27 21:30:00,55.35616964
2024-07-27 22:00:00,53.34495614
2024-07-27 22:30:00,51.82874323
2024-07-27 23:00:00,49.56863526
2024-07-27 23:30:00,46.4003185
2024-07-28 00:00:00,43.78921685
2024-07-28 00:30:00,40.8498928
2024-07-28 01:00:00,39.19511192
2024-07-28 01:30:00,37.81908138
2024-07-28 02:00:00,36.93418489
2024-07-28 02:30:00,36.34970349
2024-07-28 03:00:00,35.86077007
2024-07-28 03:30:00,35.92519334
2024-07-28 04:00:00,35.70691022
2024-07-28 04:30:00,36.34232462
2024-07-28 05:00:00,36.76211393
2024-07-28 05:30:00,37.59990669
2024-07-28 06:00:00,38.8309852
2024-07-28 06:30:00,41.13722881
2024-07-28 07:00:00,43.20892812
2024-07-28 07:30:00,45.84699392
2024-07-28 08:00:00,48.58769413
2024-07-28 08:30:00,50.02766475
2024-07-28 09:00:00,48.88443267
2024-07-28 09:30:00,49.3208484
2024-07-28 10:00:00,46.97397466
2024-07-28 10:30:00,45.55979273
2024-07-28 11:00:00,44.07793687
2024-07-28 11:30:00,41.92716492
2024-07-28 12:00:00,43.76896404
2024-07-28 12:30:00,43.83725333
2024-07-28 13:00:00,42.69637216
2024-07-28 13:30:00,43.70681323
2024-07-28 14:00:00,41.13226038
2024-07-28 14:30:00,41.53639008
2024-07-28 15:00:00,42.11076285
2024-07-28 15:30:00,43.8630404
2024-07-28 16:00:00,46.76740617
2024-07-28 16:30:00,50.5131333
2024-07-28 17:00:00,56.03607707
2024-07-28 17:30:00,60.97561384
2024-07-28 18:00:00,65.2392814
2024-07-28 18:30:00,67.08474578
2024-07-28 19:00:00,66.89344847
2024-07-28 19:30:00,66.51029693
2024-07-28 20:00:00,65.47214566
2024-07-28 20:30:00,64.35918418
2024-07-28 21:00:00,63.20892526
2024-07-28 21:30:00,60.87518819
2024-07-28 22:00:00,57.27607276
2024-07-28 22:30:00,54.87708251
2024-07-28 23:00:00,52.20057843
2024-07-28 23:30:00,48.50339063
2024-07-29 00:00:00,45.34721743
2024-07-29 00:30:00,42.79890973
2024-07-29 01:00:00,41.18225051
2024-07-29 01:30:00,39.97840508
2024-07-29 02:00:00,39.29754017
2024-07-29 02:30:00,38.87006356
2024-07-29 03:00:00,38.83233824
2024-07-29 03:30:00,39.24235612
2024-07-29 04:00:00,39.44073955
2024-07-29 04:30:00,40.48548074
2024-07-29 05:00:00,41.63846925
2024-07-29 05:30:00,44.77277869
2024-07-29 06:00:00,48.42907056
2024-07-29 06:30:00,55.39230626
2024-07-29 07:00:00,62.57311958
2024-07-29 07:30:00,70.23185193
2024-07-29 08:00:00,74.69115155
2024-07-29 08:30:00,74.09493659
2024-07-29 09:00:00,69.33805549
2024-07-29 09:30:00,65.34057304
2024-07-29 10:00:00,61.25276031
2024-07-29 10:30:00,58.73127765
2024-07-29 11:00:00,56.28824219
2024-07-29 11:30:00,53.58412256
2024-07-29 12:00:00,51.58293748
2024-07-29 12:30:00,51.25747062
2024-07-29 13:00:00,50.0062985
2024-07-29 13:30:00,49.24163068
2024-07-29 14:00:00,49.14322148
2024-07-29 14:30:00,49.59402999
2024-07-29 15:00:00,50.03949389
2024-07-29 15:30:00,51.92627728
2024-07-29 16:00:00,54.93336584
2024-07-29 16:30:00,58.69412388
2024-07-29 17:00:00,62.83690679
2024-07-29 17:30:00,67.62589019
2024-07-29 18:00:00,72.76753608
2024-07-29 18:30:00,74.21656234
2024-07-29 19:00:00,74.63543705
2024-07-29 19:30:00,72.42816873
2024-07-29 20:00:00,71.2000042
2024-07-29 20:30:00,69.82786979
2024-07-29 21:00:00,67.95762186
2024-07-29 21:30:00,63.98141205
2024-07-29 22:00:00,59.95444955
2024-07-29 22:30:00,56.77896772
2024-07-29 23:00:00,53.49844114
2024-07-29 23:30:00,49.65926106
2024-07-30 00:00:00,45.93254198
2024-07-30 00:30:00,43.11521175
2024-07-30 01:00:00,41.4130752
2024-07-30 01:30:00,40.35165398
2024-07-30 02:00:00,39.43735292
2024-07-30 02:30:00,38.83845966
2024-07-30 03:00:00,38.51722066
2024-07-30 03:30:00,38.71677204
2024-07-30 04:00:00,39.00774909
2024-07-30 04:30:00,39.74261565
2024-07-30 05:00:00,40.80953437
2024-07-30 05:30:00,44.16964739
2024-07-30 06:00:00,47.39740518
2024-07-30 06:30:00,54.01207884
2024-07-30 07:00:00,60.67696788
2024-07-30 07:30:00,68.75837738
2024-07-30 08:00:00,73.31639128
2024-07-30 08:30:00,71.80917311
2024-07-30 09:00:00,67.27987094
2024-07-30 09:30:00,63.86032308
2024-07-30 10:00:00,59.85198374
2024-07-30 10:30:00,58.30513157
2024-07-30 11:00:00,55.84331227
2024-07-30 11:30:00,52.4995868
2024-07-30 12:00:00,50.33319377
2024-07-30 12:30:00,49.92550315
2024-07-30 13:00:00,48.62609483
2024-07-30 13:30:00,47.60563164
2024-07-30 14:00:00,47.14101449
2024-07-30 14:30:00,47.81952372
2024-07-30 15:00:00,48.35280396
2024-07-30 15:30:00,49.96644363
2024-07-30 16:00:00,52.10062309
2024-07-30 16:30:00,55.36919154
2024-07-30 17:00:00,59.48510111
2024-07-30 17:30:00,64.49593653
2024-07-30 18:00:00,69.32741582
2024-07-30 18:30:00,70.92355008
2024-07-30 19:00:00,71.78987259
2024-07-30 19:30:00,69.80723932
2024-07-30 20:00:00,68.72876755
2024-07-30 20:30:00,67.49201395
2024-07-30 21:00:00,66.20964755
2024-07-30 21:30:00,62.7877033
2024-07-30 22:00:00,59.57863266
2024-07-30 22:30:00,56.85914626
2024-07-30 23:00:00,53.61891029
2024-07-30 23:30:00,49.30718445
2024-07-31 00:00:00,45.615822
2024-07-31 00:30:00,42.84597605
2024-07-31 01:00:00,41.04405621
2024-07-31 01:30:00,39.72930101
2024-07-31 02:00:00,38.80294051
2024-07-31 02:30:00,38.2742896
2024-07-31 03:00:00,38.12495643
2024-07-31 03:30:00,38.46744783
2024-07-31 04:00:00,38.71259543
2024-07-31 04:30:00,39.51028354
2024-07-31 05:00:00,40.84147595
2024-07-31 05:30:00,43.91053414
2024-07-31 06:00:00,47.469718
2024-07-31 06:30:00,53.6361497
2024-07-31 07:00:00,60.8982538
2024-07-31 07:30:00,69.38685782
2024-07-31 08:00:00,74.6945784
2024-07-31 08:30:00,74.14547603
2024-07-31 09:00:00,70.88567362
2024-07-31 09:30:00,68.26814387
2024-07-31 10:00:00,62.78704696
2024-07-31 10:30:00,60.71251613
2024-07-31 11:00:00,57.49545041
2024-07-31 11:30:00,54.36496018
2024-07-31 12:00:00,51.30568396
2024-07-31 12:30:00,50.75090991
2024-07-31 13:00:00,49.03842962
2024-07-31 13:30:00,47.97499968
2024-07-31 14:00:00,47.54975909
2024-07-31 14:30:00,47.72301606
2024-07-31 15:00:00,48.32072163
2024-07-31 15:30:00,50.00288756
2024-07-31 16:00:00,52.88412823
2024-07-31 16:30:00,56.23313778
2024-07-31 17:00:00,60.84728124
2024-07-31 17:30:00,65.21093424
2024-07-31 18:00:00,69.93670935
2024-07-31 18:30:00,71.25046572
2024-07-31 19:00:00,71.61018739
2024-07-31 19:30:00,70.30105132
2024-07-31 20:00:00,69.79513929
2024-07-31 20:30:00,69.23157288
2024-07-31 21:00:00,67.6857976
2024-07-31 21:30:00,65.21537716
2024-07-31 22:00:00,61.13888446
2024-07-31 22:30:00,57.8309656
2024-07-31 23:00:00,54.35589233
2024-07-31 23:30:00,50.49138633
2024-08-01 00:00:00,46.612402
2024-08-01 00:30:00,43.8735954
2024-08-01 01:00:00,41.95525379
2024-08-01 01:30:00,40.71924511
2024-08-01 02:00:00,39.78731857
2024-08-01 02:30:00,39.23911813
2024-08-01 03:00:00,39.04343849
2024-08-01 03:30:00,39.27141472
2024-08-01 04:00:00,39.51821742
2024-08-01 04:30:00,40.46346035
2024-08-01 05:00:00,41.74097676
2024-08-01 05:30:00,44.9937661
2024-08-01 06:00:00,48.23415934
2024-08-01 06:30:00,54.77975415
2024-08-01 07:00:00,61.7888994
2024-08-01 07:30:00,70.19045831
2024-08-01 08:00:00,74.90336606
2024-08-01 08:30:00,73.81626078
2024-08-01 09:00:00,68.77159206
2024-08-01 09:30:00,63.78710691
2024-08-01 10:00:00,60.07025265
2024-08-01 10:30:00,57.04620342
2024-08-01 11:00:00,54.05414558
2024-08-01 11:30:00,51.26671373
2024-08-01 12:00:00,48.89343096
2024-08-01 12:30:00,48.10333408
2024-08-01 13:00:00,47.07920332
2024-08-01 13:30:00,46.42954303
2024-08-01 14:00:00,45.82204116
2024-08-01 14:30:00,46.02219521
2024-08-01 15:00:00,47.08695962
2024-08-01 15:30:00,48.56754589
2024-08-01 16:00:00,51.81600175
2024-08-01 16:30:00,54.7524671
2024-08-01 17:00:00,58.59110482
2024-08-01 17:30:00,63.20009981
2024-08-01 18:00:00,68.16500166
2024-08-01 18:30:00,69.15969338
2024-08-01 19:00:00,69.06090511
2024-08-01 19:30:00,68.0603499
2024-08-01 20:00:00,67.37461538
2024-08-01 20:30:00,66.81899676
2024-08-01 21:00:00,65.94780585
2024-08-01 21:30:00,63.14119544
2024-08-01 22:00:00,60.08185783
2024-08-01 22:30:00,57.0928938
2024-08-01 23:00:00,53.90633705
2024-08-01 23:30:00,50.49793359
2024-08-02 00:00:00,46.70238193
2024-08-02 00:30:00,43.95492505
2024-08-02 01:00:00,42.09600501
2024-08-02 01:30:00,40.95983974
2024-08-02 02:00:00,39.98979096
2024-08-02 02:30:00,39.37807009
2024-08-02 03:00:00,38.9090665
2024-08-02 03:30:00,39.2566058
2024-08-02 04:00:00,39.532436
2024-08-02 04:30:00,40.41273581
2024-08-02 05:00:00,41.6017864
2024-08-02 05:30:00,44.60189269
2024-08-02 06:00:00,47.96300935
2024-08-02 06:30:00,53.95492335
2024-08-02 07:00:00,60.6020969
2024-08-02 07:30:00,68.81992293
2024-08-02 08:00:00,73.28006205
2024-08-02 08:30:00,72.64113942
2024-08-02 09:00:00,68.49585024
2024-08-02 09:30:00,64.88934402
2024-08-02 10:00:00,60.76543586
2024-08-02 10:30:00,57.8447178
2024-08-02 11:00:00,54.87415775
2024-08-02 11:30:00,51.82426137
2024-08-02 12:00:00,49.2888254
2024-08-02 12:30:00,48.46763587
2024-08-02 13:00:00,46.59565918
2024-08-02 13:30:00,45.54748235
2024-08-02 14:00:00,45.85794514
2024-08-02 14:30:00,45.86763112
2024-08-02 15:00:00,46.38300627
2024-08-02 15:30:00,47.51322186
2024-08-02 16:00:00,50.0034062
2024-08-02 16:30:00,53.41704792
2024-08-02 17:00:00,57.84059436
2024-08-02 17:30:00,62.50526829
2024-08-02 18:00:00,66.8730305
2024-08-02 18:30:00,68.21239811
2024-08-02 19:00:00,68.33851075
2024-08-02 19:30:00,66.27054734
2024-08-02 20:00:00,65.15398916
2024-08-02 20:30:00,64.35322466
2024-08-02 21:00:00,63.47787341
2024-08-02 21:30:00,61.3394336
2024-08-02 22:00:00,58.61025031
2024-08-02 22:30:00,56.76187299
2024-08-02 23:00:00,54.55566504
2024-08-02 23:30:00,51.03970045
2024-08-03 00:00:00,47.78464251
2024-08-03 00:30:00,45.11352921
2024-08-03 01:00:00,43.13178924
2024-08-03 01:30:00,41.68404176
2024-08-03 02:00:00,40.7254276
2024-08-03 02:30:00,39.77773347
2024-08-03 03:00:00,39.3330186
2024-08-03 03:30:00,39.3923182
2024-08-03 04:00:00,39.57243087
2024-08-03 04:30:00,39.89044383
2024-08-03 05:00:00,40.61479471
2024-08-03 05:30:00,41.97846751
2024-08-03 06:00:00,43.86896837
2024-08-03 06:30:00,47.05626879
2024-08-03 07:00:00,49.72056152
2024-08-03 07:30:00,53.54939933
2024-08-03 08:00:00,56.48688918
2024-08-03 08:30:00,58.09788187
2024-08-03 09:00:00,57.07570264
2024-08-03 09:30:00,55.79433948
2024-08-03 10:00:00,52.5639264
2024-08-03 10:30:00,50.75657783
2024-08-03 11:00:00,48.45733358
2024-08-03 11:30:00,45.69339567
2024-08-03 12:00:00,43.15256877
2024-08-03 12:30:00,41.73791865
2024-08-03 13:00:00,40.39384958
2024-08-03 13:30:00,39.28150478
2024-08-03 14:00:00,39.41518325
2024-08-03 14:30:00,39.66843149
2024-08-03 15:00:00,40.51870439
2024-08-03 15:30:00,42.26782968
2024-08-03 16:00:00,44.7287764
2024-08-03 16:30:00,48.12978226
2024-08-03 17:00:00,52.50704083
2024-08-03 17:30:00,57.25270932
2024-08-03 18:00:00,61.59098252
2024-08-03 18:30:00,63.09999335
2024-08-03 19:00:00,62.49485472
2024-08-03 19:30:00,61.62560344
2024-08-03 20:00:00,61.15141932
2024-08-03 20:30:00,60.53796908
2024-08-03 21:00:00,59.62459454
2024-08-03 21:30:00,58.46125133
2024-08-03 22:00:00,56.66928049
2024-08-03 22:30:00,55.72580086
2024-08-03 23:00:00,53.73668743
2024-08-03 23:30:00,50.43371069
2024-08-04 00:00:00,47.45181564
2024-08-04 00:30:00,45.04846788
2024-08-04 01:00:00,43.13021296
2024-08-04 01:30:00,41.62458241
2024-08-04 02:00:00,40.63127871
2024-08-04 02:30:00,39.88541477
2024-08-04 03:00:00,39.33357104
2024-08-04 03:30:00,39.36896156
2024-08-04 04:00:00,39.4022602
2024-08-04 04:30:00,39.95052032
2024-08-04 05:00:00,40.44269075
2024-08-04 05:30:00,41.59761816
2024-08-04 06:00:00,42.69195762
2024-08-04 06:30:00,45.35007865
2024-08-04 07:00:00,47.54513985
2024-08-04 07:30:00,50.45580544
2024-08-04 08:00:00,53.35855521
2024-08-04 08:30:00,54.6947008
2024-08-04 09:00:00,54.23888992
2024-08-04 09:30:00,52.56991743
2024-08-04 10:00:00,50.69324418
2024-08-04 10:30:00,49.12650134
2024-08-04 11:00:00,47.04873993
2024-08-04 11:30:00,44.49924307
2024-08-04 12:00:00,41.30012116
2024-08-04 12:30:00,40.06814911
2024-08-04 13:00:00,40.78764131
2024-08-04 13:30:00,39.75643386
2024-08-04 14:00:00,42.32459588
2024-08-04 14:30:00,41.35482293
2024-08-04 15:00:00,43.24844762
2024-08-04 15:30:00,45.68504648
2024-08-04 16:00:00,48.70149289
2024-08-04 16:30:00,51.52303475
2024-08-04 17:00:00,56.27187438
2024-08-04 17:30:00,60.22257188
2024-08-04 18:00:00,63.58501184
2024-08-04 18:30:00,64.84217121
2024-08-04 19:00:00,64.70862553
2024-08-04 19:30:00,64.50712464
2024-08-04 20:00:00,63.54410603
2024-08-04 20:30:00,61.96675997
2024-08-04 21:00:00,60.35081243
2024-08-04 21:30:00,57.21524813
2024-08-04 22:00:00,54.1928809
2024-08-04 22:30:00,51.97090026
2024-08-04 23:00:00,49.39907684
2024-08-04 23:30:00,45.70891648
2024-08-05 00:00:00,42.93875932
2024-08-05 00:30:00,40.59152708
2024-08-05 01:00:00,38.92692179
2024-08-05 01:30:00,37.72999296
2024-08-05 02:00:00,36.74228238
2024-08-05 02:30:00,36.36556231
2024-08-05 03:00:00,35.89478139
2024-08-05 03:30:00,36.09574011
2024-08-05 04:00:00,36.23635372
2024-08-05 04:30:00,37.21934024
2024-08-05 05:00:00,38.31755559
2024-08-05 05:30:00,41.05090443
2024-08-05 06:00:00,44.58094666
2024-08-05 06:30:00,51.07555446
2024-08-05 07:00:00,57.07940892
2024-08-05 07:30:00,63.69827822
2024-08-05 08:00:00,69.15617992
2024-08-05 08:30:00,71.05967398
2024-08-05 09:00:00,70.64636207
2024-08-05 09:30:00,69.52533148
2024-08-05 10:00:00,67.3090479
2024-08-05 10:30:00,63.79886887
2024-08-05 11:00:00,64.44914544
2024-08-05 11:30:00,65.02953894
2024-08-05 12:00:00,64.6653787
2024-08-05 12:30:00,63.41012738
2024-08-05 13:00:00,62.44094863
2024-08-05 13:30:00,59.29159329
2024-08-05 14:00:00,57.1705979
2024-08-05 14:30:00,56.13422184
2024-08-05 15:00:00,57.14872561
2024-08-05 15:30:00,56.60629591
2024-08-05 16:00:00,57.40179832
2024-08-05 16:30:00,59.889319
2024-08-05 17:00:00,64.23771204
2024-08-05 17:30:00,68.09149554
2024-08-05 18:00:00,72.54006328
2024-08-05 18:30:00,73.10018999
2024-08-05 19:00:00,72.51150836
2024-08-05 19:30:00,69.47422847
2024-08-05 20:00:00,67.7781963
2024-08-05 20:30:00,66.37901594
2024-08-05 21:00:00,64.26028473
2024-08-05 21:30:00,60.51013847
2024-08-05 22:00:00,57.21998548
2024-08-05 22:30:00,54.82849779
2024-08-05 23:00:00,51.71987641
2024-08-05 23:30:00,47.93036688
2024-08-06 00:00:00,44.70612627
2024-08-06 00:30:00,41.95010555
2024-08-06 01:00:00,39.97738425
2024-08-06 01:30:00,38.73684005
2024-08-06 02:00:00,38.0772167
2024-08-06 02:30:00,37.49195719
2024-08-06 03:00:00,37.0900426
2024-08-06 03:30:00,37.4941994
2024-08-06 04:00:00,37.81700772
2024-08-06 04:30:00,38.68222287
2024-08-06 05:00:00,39.90265152
2024-08-06 05:30:00,42.95947451
2024-08-06 06:00:00,46.6223579
2024-08-06 06:30:00,53.0444438
2024-08-06 07:00:00,59.80066732
2024-08-06 07:30:00,68.01374504
2024-08-06 08:00:00,72.23192346
2024-08-06 08:30:00,71.16248981
2024-08-06 09:00:00,65.79219196
2024-08-06 09:30:00,61.74099586
2024-08-06 10:00:00,57.71506743
2024-08-06 10:30:00,54.74601872
2024-08-06 11:00:00,51.79898737
2024-08-06 11:30:00,49.75662233
2024-08-06 12:00:00,47.60210321
2024-08-06 12:30:00,46.93540946
2024-08-06 13:00:00,45.79631821
2024-08-06 13:30:00,44.29691406
2024-08-06 14:00:00,43.75794035
2024-08-06 14:30:00,44.15444885
2024-08-06 15:00:00,45.1801601
2024-08-06 15:30:00,46.40692496
2024-08-06 16:00:00,48.90339353
2024-08-06 16:30:00,52.24813034
2024-08-06 17:00:00,56.82753216
2024-08-06 17:30:00,61.45782317
2024-08-06 18:00:00,66.39713911
2024-08-06 18:30:00,68.13085572
2024-08-06 19:00:00,68.37009132
2024-08-06 19:30:00,66.74018677
2024-08-06 20:00:00,65.83060366
2024-08-06 20:30:00,64.82176235
2024-08-06 21:00:00,63.04693828
2024-08-06 21:30:00,59.72036
2024-08-06 22:00:00,56.70353095
2024-08-06 22:30:00,54.29160994
2024-08-06 23:00:00,51.60322273
2024-08-06 23:30:00,48.36903996
2024-08-07 00:00:00,45.03426713
2024-08-07 00:30:00,41.99666805
2024-08-07 01:00:00,40.22497383
2024-08-07 01:30:00,39.41077874
2024-08-07 02:00:00,38.62164967
2024-08-07 02:30:00,38.29729388
2024-08-07 03:00:00,38.12183845
2024-08-07 03:30:00,38.46028952
2024-08-07 04:00:00,38.85397493
2024-08-07 04:30:00,39.85805427
2024-08-07 05:00:00,41.19160824
2024-08-07 05:30:00,44.2138597
2024-08-07 06:00:00,47.71820222
2024-08-07 06:30:00,54.48983539
2024-08-07 07:00:00,61.65406646
2024-08-07 07:30:00,70.3194856
2024-08-07 08:00:00,74.63955754
2024-08-07 08:30:00,73.50172287
2024-08-07 09:00:00,68.92338191
2024-08-07 09:30:00,65.02382305
2024-08-07 10:00:00,60.73667833
2024-08-07 10:30:00,57.71742767
2024-08-07 11:00:00,54.69443831
2024-08-07 11:30:00,51.45097849
2024-08-07 12:00:00,49.31855924
2024-08-07 12:30:00,48.73888709
2024-08-07 13:00:00,47.20151754
2024-08-07 13:30:00,46.5945314
2024-08-07 14:00:00,45.94405726
2024-08-07 14:30:00,46.31271726
2024-08-07 15:00:00,46.51411015
2024-08-07 15:30:00,47.70904404
2024-08-07 16:00:00,50.1533501
2024-08-07 16:30:00,53.81937377
2024-08-07 17:00:00,57.81002268
2024-08-07 17:30:00,62.33632272
2024-08-07 18:00:00,67.14458805
2024-08-07 18:30:00,69.08944784
2024-08-07 19:00:00,69.661152
2024-08-07 19:30:00,67.84820788
2024-08-07 20:00:00,66.99879974
2024-08-07 20:30:00,65.73107718
2024-08-07 21:00:00,65.06866194
2024-08-07 21:30:00,62.31064528
2024-08-07 22:00:00,59.54770928
2024-08-07 22:30:00,56.78727655
2024-08-07 23:00:00,53.64486327
2024-08-07 23:30:00,49.56935966
2024-08-08 00:00:00,45.79943001
2024-08-08 00:30:00,43.03171317
2024-08-08 01:00:00,40.99614365
2024-08-08 01:30:00,39.85826542
2024-08-08 02:00:00,39.36566003
2024-08-08 02:30:00,39.05216719
2024-08-08 03:00:00,38.89158321
2024-08-08 03:30:00,38.8272312
2024-08-08 04:00:00,39.12288573
2024-08-08 04:30:00,40.09812829
2024-08-08 05:00:00,41.35935747
2024-08-08 05:30:00,44.15377791
2024-08-08 06:00:00,47.45918611
2024-08-08 06:30:00,54.52230708
2024-08-08 07:00:00,61.73086573
2024-08-08 07:30:00,70.0768067
2024-08-08 08:00:00,73.60921744
2024-08-08 08:30:00,71.69112796
2024-08-08 09:00:00,67.3657811
2024-08-08 09:30:00,62.52100083
2024-08-08 10:00:00,58.03212574
2024-08-08 10:30:00,55.47669909
2024-08-08 11:00:00,52.25909633
2024-08-08 11:30:00,49.59559393
2024-08-08 12:00:00,47.15539273
2024-08-08 12:30:00,47.05340102
2024-08-08 13:00:00,45.91677372
2024-08-08 13:30:00,44.84791906
2024-08-08 14:00:00,45.89543729
2024-08-08 14:30:00,46.26802065
2024-08-08 15:00:00,49.2628344
2024-08-08 15:30:00,49.97097514
2024-08-08 16:00:00,51.53634333
2024-08-08 16:30:00,53.47274667
2024-08-08 17:00:00,57.80417036
2024-08-08 17:30:00,62.6418722
2024-08-08 18:00:00,66.97469775
2024-08-08 18:30:00,68.23727992
2024-08-08 19:00:00,68.35314875
2024-08-08 19:30:00,66.3747825
2024-08-08 20:00:00,65.13684218
2024-08-08 20:30:00,64.74639347
2024-08-08 21:00:00,63.02642063
2024-08-08 21:30:00,59.67080868
2024-08-08 22:00:00,56.52085422
2024-08-08 22:30:00,54.26125869
2024-08-08 23:00:00,51.1345706
2024-08-08 23:30:00,47.16462576
2024-08-09 00:00:00,43.84713873
2024-08-09 00:30:00,40.93361257
2024-08-09 01:00:00,39.11555497
2024-08-09 01:30:00,37.89529212
2024-08-09 02:00:00,37.21571141
2024-08-09 02:30:00,36.50696763
2024-08-09 03:00:00,36.08827636
2024-08-09 03:30:00,36.19794646
2024-08-09 04:00:00,36.30179283
2024-08-09 04:30:00,37.08585604
2024-08-09 05:00:00,38.03692346
2024-08-09 05:30:00,40.47493675
2024-08-09 06:00:00,43.19334781
2024-08-09 06:30:00,49.17723236
2024-08-09 07:00:00,55.41955064
2024-08-09 07:30:00,62.60167465
2024-08-09 08:00:00,67.14887879
2024-08-09 08:30:00,68.13374432
2024-08-09 09:00:00,67.49152368
2024-08-09 09:30:00,65.82193566
2024-08-09 10:00:00,62.18013021
2024-08-09 10:30:00,57.02556038
2024-08-09 11:00:00,54.06044269
2024-08-09 11:30:00,53.09166657
2024-08-09 12:00:00,50.19606532
2024-08-09 12:30:00,49.19524351
2024-08-09 13:00:00,44.75203013
2024-08-09 13:30:00,42.13005027
2024-08-09 14:00:00,42.08383773
2024-08-09 14:30:00,42.37895828
2024-08-09 15:00:00,43.01028794
2024-08-09 15:30:00,44.36178429
2024-08-09 16:00:00,46.47877121
2024-08-09 16:30:00,50.18859611
2024-08-09 17:00:00,53.53264657
2024-08-09 17:30:00,57.69514385
2024-08-09 18:00:00,61.82158317
2024-08-09 18:30:00,63.41443708
2024-08-09 19:00:00,63.8584791
2024-08-09 19:30:00,61.89332573
2024-08-09 20:00:00,60.91118265
2024-08-09 20:30:00,60.4530755
2024-08-09 21:00:00,59.39272813
2024-08-09 21:30:00,57.23788145
2024-08-09 22:00:00,54.75604002
2024-08-09 22:30:00,53.10980219
2024-08-09 23:00:00,51.027118
2024-08-09 23:30:00,47.78587908
2024-08-10 00:00:00,44.75775877
2024-08-10 00:30:00,42.32848104
2024-08-10 01:00:00,40.07798838
2024-08-10 01:30:00,38.9721825
2024-08-10 02:00:00,38.04003607
2024-08-10 02:30:00,37.24087902
2024-08-10 03:00:00,36.8148119
2024-08-10 03:30:00,36.99162088
2024-08-10 04:00:00,36.95682892
2024-08-10 04:30:00,37.49890676
2024-08-10 05:00:00,38.21796921
2024-08-10 05:30:00,39.38731206
2024-08-10 06:00:00,40.87138074
2024-08-10 06:30:00,43.77829419
2024-08-10 07:00:00,46.43716554
2024-08-10 07:30:00,49.87346466
2024-08-10 08:00:00,52.67922386
2024-08-10 08:30:00,54.55225009
2024-08-10 09:00:00,54.57331795
2024-08-10 09:30:00,53.6811966
2024-08-10 10:00:00,50.35856413
2024-08-10 10:30:00,47.30572246
2024-08-10 11:00:00,43.48471537
2024-08-10 11:30:00,41.82192809
2024-08-10 12:00:00,38.75154073
2024-08-10 12:30:00,38.03199964
2024-08-10 13:00:00,36.69711338
2024-08-10 13:30:00,35.99233345
2024-08-10 14:00:00,38.29548651
2024-08-10 14:30:00,39.65831633
2024-08-10 15:00:00,40.34844395
2024-08-10 15:30:00,41.09292053
2024-08-10 16:00:00,43.45431795
2024-08-10 16:30:00,47.58923741
2024-08-10 17:00:00,50.7362542
2024-08-10 17:30:00,53.62347623
2024-08-10 18:00:00,56.47684025
2024-08-10 18:30:00,57.96818881
2024-08-10 19:00:00,57.63203223
2024-08-10 19:30:00,56.93593536
2024-08-10 20:00:00,56.35914152
2024-08-10 20:30:00,55.64898766
2024-08-10 21:00:00,54.54890424
2024-08-10 21:30:00,52.63537823
2024-08-10 22:00:00,51.03909172
2024-08-10 22:30:00,50.286908
2024-08-10 23:00:00,48.3160914
2024-08-10 23:30:00,45.53815175
2024-08-11 00:00:00,42.89045779
2024-08-11 00:30:00,40.5033254
2024-08-11 01:00:00,38.47351991
2024-08-11 01:30:00,37.47374733
2024-08-11 02:00:00,36.69105874
2024-08-11 02:30:00,35.94190203
2024-08-11 03:00:00,35.21814288
2024-08-11 03:30:00,35.0068628
2024-08-11 04:00:00,34.81442753
2024-08-11 04:30:00,35.02735925
2024-08-11 05:00:00,35.24871798
2024-08-11 05:30:00,36.25112209
2024-08-11 06:00:00,37.05086027
2024-08-11 06:30:00,39.4620216
2024-08-11 07:00:00,41.18345547
2024-08-11 07:30:00,43.43422008
2024-08-11 08:00:00,45.4106404
2024-08-11 08:30:00,45.65569788
2024-08-11 09:00:00,44.11110263
2024-08-11 09:30:00,42.69977191
2024-08-11 10:00:00,40.62105959
2024-08-11 10:30:00,39.82587577
2024-08-11 11:00:00,37.72165947
2024-08-11 11:30:00,35.99165632
2024-08-11 12:00:00,34.69251981
2024-08-11 12:30:00,35.01939519
2024-08-11 13:00:00,34.5999396
2024-08-11 13:30:00,34.34280851
2024-08-11 14:00:00,32.54867408
2024-08-11 14:30:00,32.9576039
2024-08-11 15:00:00,34.56347032
2024-08-11 15:30:00,36.28800163
2024-08-11 16:00:00,38.59446652
2024-08-11 16:30:00,41.10268326
2024-08-11 17:00:00,44.82643017
2024-08-11 17:30:00,48.66675075
2024-08-11 18:00:00,53.59122176
2024-08-11 18:30:00,56.60267519
2024-08-11 19:00:00,57.35173067
2024-08-11 19:30:00,57.02290849
2024-08-11 20:00:00,56.12684146
2024-08-11 20:30:00,55.09872395
2024-08-11 21:00:00,53.81886348
2024-08-11 21:30:00,51.84030263
2024-08-11 22:00:00,49.5546694
2024-08-11 22:30:00,48.00217839
2024-08-11 23:00:00,45.52745644
2024-08-11 23:30:00,42.28535061
2024-08-12 00:00:00,39.45836331
2024-08-12 00:30:00,37.07853282
2024-08-12 01:00:00,35.70507085
2024-08-12 01:30:00,34.56178473
2024-08-12 02:00:00,33.81794218
2024-08-12 02:30:00,33.86980215
2024-08-12 03:00:00,33.65413994
2024-08-12 03:30:00,33.83380313
2024-08-12 04:00:00,34.09839057
2024-08-12 04:30:00,35.08360647
2024-08-12 05:00:00,36.24382476
2024-08-12 05:30:00,38.76282853
2024-08-12 06:00:00,42.13419584
2024-08-12 06:30:00,48.34142311
2024-08-12 07:00:00,54.72146567
2024-08-12 07:30:00,59.54294166
2024-08-12 08:00:00,60.46283443
2024-08-12 08:30:00,58.83802106
2024-08-12 09:00:00,54.80720523
2024-08-12 09:30:00,48.73185772
2024-08-12 10:00:00,44.93719793
2024-08-12 10:30:00,42.53501558
2024-08-12 11:00:00,42.84614147
2024-08-12 11:30:00,40.02151775
2024-08-12 12:00:00,38.69571629
2024-08-12 12:30:00,38.3284491
2024-08-12 13:00:00,38.22642609
2024-08-12 13:30:00,39.3516402
2024-08-12 14:00:00,41.5715482
2024-08-12 14:30:00,39.33958662
2024-08-12 15:00:00,42.78529702
2024-08-12 15:30:00,48.23284121
2024-08-12 16:00:00,50.16758242
2024-08-12 16:30:00,52.70964406
2024-08-12 17:00:00,54.53385347
2024-08-12 17:30:00,57.38942421
2024-08-12 18:00:00,60.4381312
2024-08-12 18:30:00,61.37219954
2024-08-12 19:00:00,60.39390333
2024-08-12 19:30:00,57.75855374
2024-08-12 20:00:00,56.34077178
2024-08-12 20:30:00,54.9387501
2024-08-12 21:00:00,53.1000251
2024-08-12 21:30:00,51.06109205
2024-08-12 22:00:00,48.17697753
2024-08-12 22:30:00,46.4115134
2024-08-12 23:00:00,43.99418759
2024-08-12 23:30:00,40.63360262
2024-08-13 00:00:00,37.6148961
2024-08-13 00:30:00,35.44822891
2024-08-13 01:00:00,33.92738056
2024-08-13 01:30:00,32.94912197
2024-08-13 02:00:00,32.22638245
2024-08-13 02:30:00,31.75774748
2024-08-13 03:00:00,31.5339773
2024-08-13 03:30:00,31.68770259
2024-08-13 04:00:00,31.72624316
2024-08-13 04:30:00,32.49298551
2024-08-13 05:00:00,33.32941882
2024-08-13 05:30:00,35.43026225
2024-08-13 06:00:00,37.73984826
2024-08-13 06:30:00,42.60238347
2024-08-13 07:00:00,48.20207108
2024-08-13 07:30:00,54.48408421
2024-08-13 08:00:00,57.16823385
2024-08-13 08:30:00,57.30329474
2024-08-13 09:00:00,52.87000082
2024-08-13 09:30:00,50.75537391
2024-08-13 10:00:00,52.84309479
2024-08-13 10:30:00,51.78263776
2024-08-13 11:00:00,50.2387762
2024-08-13 11:30:00,49.79981257
2024-08-13 12:00:00,44.76036215
2024-08-13 12:30:00,47.55517162
2024-08-13 13:00:00,44.36759647
2024-08-13 13:30:00,44.04928913
2024-08-13 14:00:00,42.64023519
2024-08-13 14:30:00,42.66496115
2024-08-13 15:00:00,45.11189472
2024-08-13 15:30:00,43.97237619
2024-08-13 16:00:00,44.40716773
2024-08-13 16:30:00,46.34210412
2024-08-13 17:00:00,48.65669966
2024-08-13 17:30:00,52.91654686
2024-08-13 18:00:00,56.64232354
2024-08-13 18:30:00,58.16996808
2024-08-13 19:00:00,58.32391822
2024-08-13 19:30:00,56.34766292
2024-08-13 20:00:00,55.09088764
2024-08-13 20:30:00,53.77796635
2024-08-13 21:00:00,52.08832901
2024-08-13 21:30:00,49.45215008
2024-08-13 22:00:00,46.95961901
2024-08-13 22:30:00,45.22633041
2024-08-13 23:00:00,42.96405328
2024-08-13 23:30:00,39.85203204
2024-08-14 00:00:00,36.96980458
2024-08-14 00:30:00,34.86577333
2024-08-14 01:00:00,33.51035322
2024-08-14 01:30:00,32.45645775
2024-08-14 02:00:00,31.63378473
2024-08-14 02:30:00,31.44258027
2024-08-14 03:00:00,31.0616813
2024-08-14 03:30:00,30.80746968
2024-08-14 04:00:00,30.70968333
2024-08-14 04:30:00,31.71699356
2024-08-14 05:00:00,32.40353931
2024-08-14 05:30:00,34.31912985
2024-08-14 06:00:00,36.30937702
2024-08-14 06:30:00,40.57361454
2024-08-14 07:00:00,45.71414342
2024-08-14 07:30:00,51.82314506
2024-08-14 08:00:00,55.71942668
2024-08-14 08:30:00,56.88179886
2024-08-14 09:00:00,55.07731569
2024-08-14 09:30:00,54.34519749
2024-08-14 10:00:00,54.07107129
2024-08-14 10:30:00,54.19102175
2024-08-14 11:00:00,52.93964379
2024-08-14 11:30:00,54.5180666
2024-08-14 12:00:00,54.79089999
2024-08-14 12:30:00,55.65233486
2024-08-14 13:00:00,54.67912564
2024-08-14 13:30:00,52.71970884
2024-08-14 14:00:00,48.753416
2024-08-14 14:30:00,47.75445854
2024-08-14 15:00:00,48.54290053
2024-08-14 15:30:00,48.5239567
2024-08-14 16:00:00,48.25113531
2024-08-14 16:30:00,49.51638511
2024-08-14 17:00:00,52.63493073
2024-08-14 17:30:00,55.63223446
2024-08-14 18:00:00,58.2271925
2024-08-14 18:30:00,58.94830627
2024-08-14 19:00:00,58.73740758
2024-08-14 19:30:00,56.71311951
2024-08-14 20:00:00,55.9531474
2024-08-14 20:30:00,54.45681728
2024-08-14 21:00:00,52.59315803
2024-08-14 21:30:00,50.26497891
2024-08-14 22:00:00,47.87005982
2024-08-14 22:30:00,46.0213999
2024-08-14 23:00:00,43.92997386
2024-08-14 23:30:00,40.53144413
2024-08-15 00:00:00,37.74700081
2024-08-15 00:30:00,35.27381794
2024-08-15 01:00:00,33.85134787
2024-08-15 01:30:00,32.91769691
2024-08-15 02:00:00,32.00254192
2024-08-15 02:30:00,31.54708244
2024-08-15 03:00:00,31.23596198
2024-08-15 03:30:00,31.59051916
2024-08-15 04:00:00,31.63471726
2024-08-15 04:30:00,32.38070342
2024-08-15 05:00:00,33.22395306
2024-08-15 05:30:00,35.10122142
2024-08-15 06:00:00,37.25767805
2024-08-15 06:30:00,41.82954786
2024-08-15 07:00:00,46.74383194
2024-08-15 07:30:00,53.23794467
2024-08-15 08:00:00,56.14822327
2024-08-15 08:30:00,57.00267136
2024-08-15 09:00:00,55.19358711
2024-08-15 09:30:00,53.53350648
2024-08-15 10:00:00,50.93063025
2024-08-15 10:30:00,45.85911569
2024-08-15 11:00:00,42.0939528
2024-08-15 11:30:00,39.88433849
2024-08-15 12:00:00,38.53277206
2024-08-15 12:30:00,41.47463651
2024-08-15 13:00:00,41.63175347
2024-08-15 13:30:00,41.60797633
2024-08-15 14:00:00,42.70287405
2024-08-15 14:30:00,41.96326726
2024-08-15 15:00:00,40.45458757
2024-08-15 15:30:00,40.68006033
2024-08-15 16:00:00,42.32990349
2024-08-15 16:30:00,44.94631391
2024-08-15 17:00:00,47.5470758
2024-08-15 17:30:00,50.79942994
2024-08-15 18:00:00,53.42663866
2024-08-15 18:30:00,54.70323755
2024-08-15 19:00:00,54.82013383
2024-08-15 19:30:00,53.15914691
2024-08-15 20:00:00,52.44004702
2024-08-15 20:30:00,51.50211363
2024-08-15 21:00:00,50.70184213
2024-08-15 21:30:00,48.51188573
2024-08-15 22:00:00,46.46414558
2024-08-15 22:30:00,44.97128391
2024-08-15 23:00:00,42.85166747
2024-08-15 23:30:00,40.05263072
2024-08-16 00:00:00,37.04932966
2024-08-16 00:30:00,35.01436176
2024-08-16 01:00:00,33.56951743
2024-08-16 01:30:00,32.41861744
2024-08-16 02:00:00,31.55789397
2024-08-16 02:30:00,31.22475285
2024-08-16 03:00:00,30.95085851
2024-08-16 03:30:00,31.19680988
2024-08-16 04:00:00,31.33796126
2024-08-16 04:30:00,32.18986614
2024-08-16 05:00:00,32.84254401
2024-08-16 05:30:00,34.83783848
2024-08-16 06:00:00,36.8901647
2024-08-16 06:30:00,41.28801384
2024-08-16 07:00:00,46.29949627
2024-08-16 07:30:00,52.2572541
2024-08-16 08:00:00,55.73090953
2024-08-16 08:30:00,56.30228567
2024-08-16 09:00:00,55.37057898
2024-08-16 09:30:00,53.63105604
2024-08-16 10:00:00,52.30705395
2024-08-16 10:30:00,52.68171324
2024-08-16 11:00:00,51.21406926
2024-08-16 11:30:00,46.40439157
2024-08-16 12:00:00,44.64500896
2024-08-16 12:30:00,42.79242826
2024-08-16 13:00:00,42.41895866
2024-08-16 13:30:00,44.54888422
2024-08-16 14:00:00,42.81453697
2024-08-16 14:30:00,42.69013653
2024-08-16 15:00:00,42.15819375
2024-08-16 15:30:00,41.78963516
2024-08-16 16:00:00,45.16985463
2024-08-16 16:30:00,48.60505879
2024-08-16 17:00:00,51.33064524
2024-08-16 17:30:00,54.95786072
2024-08-16 18:00:00,57.91182849
2024-08-16 18:30:00,58.57103188
2024-08-16 19:00:00,58.25441342
2024-08-16 19:30:00,56.14940883
2024-08-16 20:00:00,54.94188853
2024-08-16 20:30:00,53.58256894
2024-08-16 21:00:00,52.51665065
2024-08-16 21:30:00,50.10587521
2024-08-16 22:00:00,47.54487894
2024-08-16 22:30:00,46.34398166
2024-08-16 23:00:00,44.67876759
2024-08-16 23:30:00,41.76798679
2024-08-17 00:00:00,38.97802327
2024-08-17 00:30:00,36.65913235
2024-08-17 01:00:00,34.84119521
2024-08-17 01:30:00,33.76025887
2024-08-17 02:00:00,32.90886528
2024-08-17 02:30:00,32.18046172
2024-08-17 03:00:00,31.68454831
2024-08-17 03:30:00,31.60496907
2024-08-17 04:00:00,31.59290539
2024-08-17 04:30:00,31.82903486
2024-08-17 05:00:00,32.34261133
2024-08-17 05:30:00,33.45103704
2024-08-17 06:00:00,34.65585612
2024-08-17 06:30:00,37.18392743
2024-08-17 07:00:00,38.95562166
2024-08-17 07:30:00,41.58152927
2024-08-17 08:00:00,43.02764622
2024-08-17 08:30:00,41.3455954
2024-08-17 09:00:00,40.37948946
2024-08-17 09:30:00,38.69868543
2024-08-17 10:00:00,38.79401782
2024-08-17 10:30:00,38.23936799
2024-08-17 11:00:00,43.35709821
2024-08-17 11:30:00,37.60118876
2024-08-17 12:00:00,39.40822083
2024-08-17 12:30:00,39.61534742
2024-08-17 13:00:00,43.09857892
2024-08-17 13:30:00,46.5339742
2024-08-17 14:00:00,48.52817483
2024-08-17 14:30:00,46.97324294
2024-08-17 15:00:00,41.85719011
2024-08-17 15:30:00,43.05713054
2024-08-17 16:00:00,46.42227327
2024-08-17 16:30:00,48.37526573
2024-08-17 17:00:00,51.29962971
2024-08-17 17:30:00,54.41053625
2024-08-17 18:00:00,57.13466971
2024-08-17 18:30:00,58.08082634
2024-08-17 19:00:00,57.83397713
2024-08-17 19:30:00,56.04440839
2024-08-17 20:00:00,54.952307
2024-08-17 20:30:00,53.68249679
2024-08-17 21:00:00,52.29039286
2024-08-17 21:30:00,50.8257091
2024-08-17 22:00:00,48.69034068
2024-08-17 22:30:00,48.32570185
2024-08-17 23:00:00,46.63552841
2024-08-17 23:30:00,43.81976845
2024-08-18 00:00:00,40.97982678
2024-08-18 00:30:00,38.4516099
2024-08-18 01:00:00,36.88242811
2024-08-18 01:30:00,35.89479785
2024-08-18 02:00:00,35.03281588
2024-08-18 02:30:00,34.16144529
2024-08-18 03:00:00,33.67730033
2024-08-18 03:30:00,33.5886722
2024-08-18 04:00:00,33.60300301
2024-08-18 04:30:00,34.10220067
2024-08-18 05:00:00,34.33506439
2024-08-18 05:30:00,35.09991424
2024-08-18 06:00:00,36.19074761
2024-08-18 06:30:00,38.48521945
2024-08-18 07:00:00,40.19632423
2024-08-18 07:30:00,41.94530717
2024-08-18 08:00:00,43.13691936
2024-08-18 08:30:00,42.58256306
2024-08-18 09:00:00,41.22434563
2024-08-18 09:30:00,39.53037355
2024-08-18 10:00:00,38.15307816
2024-08-18 10:30:00,36.99514571
2024-08-18 11:00:00,39.60629355
2024-08-18 11:30:00,42.52219913
2024-08-18 12:00:00,41.54834489
2024-08-18 12:30:00,38.92278553
2024-08-18 13:00:00,37.80855297
2024-08-18 13:30:00,34.86095783
2024-08-18 14:00:00,40.6401655
2024-08-18 14:30:00,38.20819645
2024-08-18 15:00:00,36.73726801
2024-08-18 15:30:00,42.27470701
2024-08-18 16:00:00,45.0251496
2024-08-18 16:30:00,47.15413671
2024-08-18 17:00:00,49.86564767
2024-08-18 17:30:00,52.75016922
2024-08-18 18:00:00,55.41962805
2024-08-18 18:30:00,56.56116595
2024-08-18 19:00:00,56.59498334
2024-08-18 19:30:00,55.72428388
2024-08-18 20:00:00,54.31957574
2024-08-18 20:30:00,52.8442965
2024-08-18 21:00:00,51.55774101
2024-08-18 21:30:00,49.56158562
2024-08-18 22:00:00,46.68507373
2024-08-18 22:30:00,45.28236112
2024-08-18 23:00:00,43.204704
2024-08-18 23:30:00,40.12962853
2024-08-19 00:00:00,37.46064764
2024-08-19 00:30:00,35.27044033
2024-08-19 01:00:00,33.77557365
2024-08-19 01:30:00,32.8028114
2024-08-19 02:00:00,31.92111427
2024-08-19 02:30:00,31.91225517
2024-08-19 03:00:00,31.84806109
2024-08-19 03:30:00,31.89626458
2024-08-19 04:00:00,32.11543706
2024-08-19 04:30:00,32.95890204
2024-08-19 05:00:00,33.78287316
2024-08-19 05:30:00,36.12332843
2024-08-19 06:00:00,38.96044022
2024-08-19 06:30:00,44.59792895
2024-08-19 07:00:00,50.0068913
2024-08-19 07:30:00,56.33894649
2024-08-19 08:00:00,59.41043922
2024-08-19 08:30:00,59.63322217
2024-08-19 09:00:00,57.94885972
2024-08-19 09:30:00,56.13723363
2024-08-19 10:00:00,55.47138995
2024-08-19 10:30:00,55.354763
2024-08-19 11:00:00,55.16709284
2024-08-19 11:30:00,53.30377894
2024-08-19 12:00:00,47.3410712
2024-08-19 12:30:00,44.2334134
2024-08-19 13:00:00,43.27597284
2024-08-19 13:30:00,41.27432963
2024-08-19 14:00:00,40.24127762
2024-08-19 14:30:00,40.85685301
2024-08-19 15:00:00,40.89484133
2024-08-19 15:30:00,43.20463479
2024-08-19 16:00:00,44.90971407
2024-08-19 16:30:00,46.53000861
2024-08-19 17:00:00,50.64743601
2024-08-19 17:30:00,54.54853801
2024-08-19 18:00:00,57.5791885
2024-08-19 18:30:00,59.01295538
2024-08-19 19:00:00,58.91020764
2024-08-19 19:30:00,56.83609952
2024-08-19 20:00:00,55.76773537
2024-08-19 20:30:00,54.48879907
2024-08-19 21:00:00,52.60031627
2024-08-19 21:30:00,49.88365959
2024-08-19 22:00:00,47.59547421
2024-08-19 22:30:00,46.02092381
2024-08-19 23:00:00,43.6646722
2024-08-19 23:30:00,40.51833767
2024-08-20 00:00:00,37.46738206
2024-08-20 00:30:00,34.85348384
2024-08-20 01:00:00,33.27124593
2024-08-20 01:30:00,32.42618787
2024-08-20 02:00:00,31.71205048
2024-08-20 02:30:00,31.25488495
2024-08-20 03:00:00,31.0400613
2024-08-20 03:30:00,31.24462316
2024-08-20 04:00:00,31.56200332
2024-08-20 04:30:00,32.58255957
2024-08-20 05:00:00,33.69770598
2024-08-20 05:30:00,36.33591687
2024-08-20 06:00:00,38.94336926
2024-08-20 06:30:00,44.7027083
2024-08-20 07:00:00,50.3509678
2024-08-20 07:30:00,56.79188287
2024-08-20 08:00:00,58.07826766
2024-08-20 08:30:00,56.74949074
2024-08-20 09:00:00,53.35995537
2024-08-20 09:30:00,48.78130087
2024-08-20 10:00:00,44.84966432
2024-08-20 10:30:00,44.60902476
2024-08-20 11:00:00,43.63118352
2024-08-20 11:30:00,42.86483753
2024-08-20 12:00:00,42.48788979
2024-08-20 12:30:00,42.6453644
2024-08-20 13:00:00,41.00578523
2024-08-20 13:30:00,38.55945044
2024-08-20 14:00:00,38.10684334
2024-08-20 14:30:00,41.95215493
2024-08-20 15:00:00,46.10278456
2024-08-20 15:30:00,45.02198681
2024-08-20 16:00:00,43.16588495
2024-08-20 16:30:00,46.09242612
2024-08-20 17:00:00,49.84193217
2024-08-20 17:30:00,53.19984949
2024-08-20 18:00:00,56.88758913
2024-08-20 18:30:00,57.86063234
2024-08-20 19:00:00,57.54808804
2024-08-20 19:30:00,55.72154047
2024-08-20 20:00:00,54.96419024
2024-08-20 20:30:00,53.41638293
2024-08-20 21:00:00,51.77230888
2024-08-20 21:30:00,49.6951148
2024-08-20 22:00:00,46.7922521
2024-08-20 22:30:00,45.05345458
2024-08-20 23:00:00,42.78159535
2024-08-20 23:30:00,39.64366016
2024-08-21 00:00:00,36.72076309
2024-08-21 00:30:00,34.03862396
2024-08-21 01:00:00,32.69262347
2024-08-21 01:30:00,31.5682067
2024-08-21 02:00:00,29.75316674
2024-08-21 02:30:00,29.58596671
2024-08-21 03:00:00,29.54107609
2024-08-21 03:30:00,29.57484638
2024-08-21 04:00:00,29.84202781
2024-08-21 04:30:00,30.45201209
2024-08-21 05:00:00,31.27806083
2024-08-21 05:30:00,33.09644303
2024-08-21 06:00:00,35.18437261
2024-08-21 06:30:00,39.49872451
2024-08-21 07:00:00,44.0670289
2024-08-21 07:30:00,49.83157525
2024-08-21 08:00:00,51.20435486
2024-08-21 08:30:00,49.68464434
2024-08-21 09:00:00,46.34477875
2024-08-21 09:30:00,44.29725597
2024-08-21 10:00:00,40.8306247
2024-08-21 10:30:00,39.9948957
2024-08-21 11:00:00,37.73366308
2024-08-21 11:30:00,36.36068783
2024-08-21 12:00:00,35.62924628
2024-08-21 12:30:00,36.37898215
2024-08-21 13:00:00,35.73983154
2024-08-21 13:30:00,35.28854876
2024-08-21 14:00:00,34.97839092
2024-08-21 14:30:00,35.76499604
2024-08-21 15:00:00,38.07328264
2024-08-21 15:30:00,42.74678825
2024-08-21 16:00:00,45.69547532
2024-08-21 16:30:00,48.34587867
2024-08-21 17:00:00,51.06733509
2024-08-21 17:30:00,53.94147207
2024-08-21 18:00:00,56.94313421
2024-08-21 18:30:00,58.35794607
2024-08-21 19:00:00,57.80907587
2024-08-21 19:30:00,55.54166776
2024-08-21 20:00:00,54.56741557
2024-08-21 20:30:00,53.26338664
2024-08-21 21:00:00,51.86308479
2024-08-21 21:30:00,49.6915999
2024-08-21 22:00:00,47.1144367
2024-08-21 22:30:00,45.03554206
2024-08-21 23:00:00,42.75550708
2024-08-21 23:30:00,39.32350156
2024-08-22 00:00:00,36.47042075
2024-08-22 00:30:00,34.25578756
2024-08-22 01:00:00,32.70093609
2024-08-22 01:30:00,31.51650647
2024-08-22 02:00:00,30.90460095
2024-08-22 02:30:00,30.49678475
2024-08-22 03:00:00,30.26302811
2024-08-22 03:30:00,30.1317244
2024-08-22 04:00:00,30.34715376
2024-08-22 04:30:00,31.21518007
2024-08-22 05:00:00,31.93706868
2024-08-22 05:30:00,33.76210298
2024-08-22 06:00:00,35.71152582
2024-08-22 06:30:00,40.21113195
2024-08-22 07:00:00,45.06903365
2024-08-22 07:30:00,50.81599
2024-08-22 08:00:00,52.61658348
2024-08-22 08:30:00,50.67865854
2024-08-22 09:00:00,47.61412231
2024-08-22 09:30:00,44.94241446
2024-08-22 10:00:00,41.94630073
2024-08-22 10:30:00,45.46837329
2024-08-22 11:00:00,43.94226292
2024-08-22 11:30:00,39.68619625
2024-08-22 12:00:00,38.28966846
2024-08-22 12:30:00,35.67022135
2024-08-22 13:00:00,40.97578797
2024-08-22 13:30:00,35.72771266
2024-08-22 14:00:00,37.54088726
2024-08-22 14:30:00,37.23557924
2024-08-22 15:00:00,40.07487293
2024-08-22 15:30:00,38.42621935
2024-08-22 16:00:00,41.12916339
2024-08-22 16:30:00,44.63453006
2024-08-22 17:00:00,48.12526874
2024-08-22 17:30:00,51.14348194
2024-08-22 18:00:00,54.41999358
2024-08-22 18:30:00,55.9158401
2024-08-22 19:00:00,56.23308468
2024-08-22 19:30:00,54.72272363
2024-08-22 20:00:00,53.83746118
2024-08-22 20:30:00,52.99968997
2024-08-22 21:00:00,52.13308443
2024-08-22 21:30:00,49.72928307
2024-08-22 22:00:00,47.49718646
2024-08-22 22:30:00,45.69003143
2024-08-22 23:00:00,43.46551383
2024-08-22 23:30:00,40.54750848
2024-08-23 00:00:00,37.826054
2024-08-23 00:30:00,35.5775688
2024-08-23 01:00:00,34.19070009
2024-08-23 01:30:00,32.89742643
2024-08-23 02:00:00,32.36976828
2024-08-23 02:30:00,31.933435
2024-08-23 03:00:00,31.61732164
2024-08-23 03:30:00,31.86004668
2024-08-23 04:00:00,32.05652551
2024-08-23 04:30:00,33.08112974
2024-08-23 05:00:00,34.15191501
2024-08-23 05:30:00,36.27833513
2024-08-23 06:00:00,39.11885521
2024-08-23 06:30:00,44.51923198
2024-08-23 07:00:00,49.95163752
2024-08-23 07:30:00,56.16211725
2024-08-23 08:00:00,56.73147332
2024-08-23 08:30:00,58.62411058
2024-08-23 09:00:00,57.24728606
2024-08-23 09:30:00,57.67894364
2024-08-23 10:00:00,54.78630284
2024-08-23 10:30:00,52.03381537
2024-08-23 11:00:00,47.42418182
2024-08-23 11:30:00,46.3069987
2024-08-23 12:00:00,41.68278404
2024-08-23 12:30:00,38.8366099
2024-08-23 13:00:00,37.66012167
2024-08-23 13:30:00,36.57853736
2024-08-23 14:00:00,36.84457117
2024-08-23 14:30:00,39.44163047
2024-08-23 15:00:00,39.9739053
2024-08-23 15:30:00,40.13930156
2024-08-23 16:00:00,41.72245703
2024-08-23 16:30:00,45.7971066
2024-08-23 17:00:00,48.10535507
2024-08-23 17:30:00,51.99575081
2024-08-23 18:00:00,55.43876457
2024-08-23 18:30:00,57.34894183
2024-08-23 19:00:00,57.36406761
2024-08-23 19:30:00,55.16096207
2024-08-23 20:00:00,54.06472651
2024-08-23 20:30:00,52.94498983
2024-08-23 21:00:00,51.61651146
2024-08-23 21:30:00,49.59263659
2024-08-23 22:00:00,47.30943645
2024-08-23 22:30:00,45.71919322
2024-08-23 23:00:00,43.74684707
2024-08-23 23:30:00,40.56211713
2024-08-24 00:00:00,38.01193034
2024-08-24 00:30:00,35.65019967
2024-08-24 01:00:00,34.09536562
2024-08-24 01:30:00,33.06403841
2024-08-24 02:00:00,32.23533241
2024-08-24 02:30:00,31.39689015
2024-08-24 03:00:00,30.8779648
2024-08-24 03:30:00,30.87967069
2024-08-24 04:00:00,30.92732109
2024-08-24 04:30:00,30.83479289
2024-08-24 05:00:00,31.17658887
2024-08-24 05:30:00,32.26454886
2024-08-24 06:00:00,33.29749761
2024-08-24 06:30:00,35.44709811
2024-08-24 07:00:00,37.09601554
2024-08-24 07:30:00,38.37185963
2024-08-24 08:00:00,38.30790826
2024-08-24 08:30:00,37.81249774
2024-08-24 09:00:00,36.93298483
2024-08-24 09:30:00,35.64618529
2024-08-24 10:00:00,33.70072121
2024-08-24 10:30:00,32.98601255
2024-08-24 11:00:00,31.86282989
2024-08-24 11:30:00,29.95732849
2024-08-24 12:00:00,28.38320017
2024-08-24 12:30:00,28.4530843
2024-08-24 13:00:00,27.84089078
2024-08-24 13:30:00,27.57540544
2024-08-24 14:00:00,27.79599485
2024-08-24 14:30:00,28.76403856
2024-08-24 15:00:00,29.84869639
2024-08-24 15:30:00,31.46182095
2024-08-24 16:00:00,33.60684922
2024-08-24 16:30:00,36.62424199
2024-08-24 17:00:00,39.58243615
2024-08-24 17:30:00,42.63984104
2024-08-24 18:00:00,45.1106041
2024-08-24 18:30:00,46.93063473
2024-08-24 19:00:00,46.75137879
2024-08-24 19:30:00,45.82979556
2024-08-24 20:00:00,44.91936397
2024-08-24 20:30:00,43.92693089
2024-08-24 21:00:00,43.11669816
2024-08-24 21:30:00,42.09202497
2024-08-24 22:00:00,40.72608764
2024-08-24 22:30:00,40.33315662
2024-08-24 23:00:00,39.16021937
2024-08-24 23:30:00,36.77797466
2024-08-25 00:00:00,34.45853963
2024-08-25 00:30:00,32.48092158
2024-08-25 01:00:00,31.185151
2024-08-25 01:30:00,30.33628936
2024-08-25 02:00:00,29.65193931
2024-08-25 02:30:00,29.03967989
2024-08-25 03:00:00,28.39230672
2024-08-25 03:30:00,28.29139979
2024-08-25 04:00:00,28.13739339
2024-08-25 04:30:00,28.48869839
2024-08-25 05:00:00,28.55432882
2024-08-25 05:30:00,29.05474472
2024-08-25 06:00:00,29.97691772
2024-08-25 06:30:00,31.33958702
2024-08-25 07:00:00,32.01120452
2024-08-25 07:30:00,32.62135297
2024-08-25 08:00:00,33.69981754
2024-08-25 08:30:00,33.82593064
2024-08-25 09:00:00,34.22229088
2024-08-25 09:30:00,36.81400794
2024-08-25 10:00:00,38.49341205
2024-08-25 10:30:00,38.77776842
2024-08-25 11:00:00,37.3243249
2024-08-25 11:30:00,36.07144269
2024-08-25 12:00:00,34.23391558
2024-08-25 12:30:00,36.12359064
2024-08-25 13:00:00,38.62316599
2024-08-25 13:30:00,41.47389906
2024-08-25 14:00:00,40.56322877
2024-08-25 14:30:00,42.18734185
2024-08-25 15:00:00,42.88043627
2024-08-25 15:30:00,42.3087674
2024-08-25 16:00:00,42.35964353
2024-08-25 16:30:00,41.44764552
2024-08-25 17:00:00,43.95937787
2024-08-25 17:30:00,45.51202001
2024-08-25 18:00:00,47.57448465
2024-08-25 18:30:00,49.55513574
2024-08-25 19:00:00,49.44705306
2024-08-25 19:30:00,48.217552
2024-08-25 20:00:00,46.87641968
2024-08-25 20:30:00,45.65479584
2024-08-25 21:00:00,44.66008052
2024-08-25 21:30:00,43.10279396
2024-08-25 22:00:00,40.7209416
2024-08-25 22:30:00,39.70266037
2024-08-25 23:00:00,37.92952971
2024-08-25 23:30:00,35.86787609
2024-08-26 00:00:00,33.18178416
2024-08-26 00:30:00,31.98339333
2024-08-26 01:00:00,30.60397153
2024-08-26 01:30:00,29.50341468
2024-08-26 02:00:00,29.30481656
2024-08-26 02:30:00,29.0415253
2024-08-26 03:00:00,29.03074181
2024-08-26 03:30:00,28.86705868
2024-08-26 04:00:00,29.07355274
2024-08-26 04:30:00,30.08079054
2024-08-26 05:00:00,30.84822207
2024-08-26 05:30:00,32.6095214
2024-08-26 06:00:00,34.87348611
2024-08-26 06:30:00,39.34511883
2024-08-26 07:00:00,43.89605277
2024-08-26 07:30:00,48.85306566
2024-08-26 08:00:00,50.19393001
2024-08-26 08:30:00,48.62711879
2024-08-26 09:00:00,44.58156165
2024-08-26 09:30:00,43.73785027
2024-08-26 10:00:00,42.37877079
2024-08-26 10:30:00,39.57418503
2024-08-26 11:00:00,37.94234378
2024-08-26 11:30:00,36.28216955
2024-08-26 12:00:00,34.2979254
2024-08-26 12:30:00,34.73945669
2024-08-26 13:00:00,33.93577524
2024-08-26 13:30:00,33.54804268
2024-08-26 14:00:00,33.63231054
2024-08-26 14:30:00,34.24055345
2024-08-26 15:00:00,35.13813296
2024-08-26 15:30:00,35.92846566
2024-08-26 16:00:00,39.33029149
2024-08-26 16:30:00,42.2396512
2024-08-26 17:00:00,46.21702923
2024-08-26 17:30:00,49.8015191
2024-08-26 18:00:00,53.58167693
2024-08-26 18:30:00,55.72637784
2024-08-26 19:00:00,55.9515774
2024-08-26 19:30:00,53.7721089
2024-08-26 20:00:00,52.50916006
2024-08-26 20:30:00,51.46482747
2024-08-26 21:00:00,50.16823194
2024-08-26 21:30:00,47.54107806
2024-08-26 22:00:00,45.07241924
2024-08-26 22:30:00,43.39692163
2024-08-26 23:00:00,41.54638852
2024-08-26 23:30:00,38.42370584
2024-08-27 00:00:00,35.73944521
2024-08-27 00:30:00,33.68871405
2024-08-27 01:00:00,32.30588114
2024-08-27 01:30:00,31.53149465
2024-08-27 02:00:00,31.06226096
2024-08-27 02:30:00,30.69269377
2024-08-27 03:00:00,30.41706353
2024-08-27 03:30:00,30.6556326
2024-08-27 04:00:00,30.76341246
2024-08-27 04:30:00,31.73448469
2024-08-27 05:00:00,32.53399757
2024-08-27 05:30:00,34.62404665
2024-08-27 06:00:00,37.1889996
2024-08-27 06:30:00,42.25619883
2024-08-27 07:00:00,47.36337889
2024-08-27 07:30:00,52.36987301
2024-08-27 08:00:00,52.70852537
2024-08-27 08:30:00,50.40229868
2024-08-27 09:00:00,46.36602805
2024-08-27 09:30:00,42.82930706
2024-08-27 10:00:00,40.3193715
2024-08-27 10:30:00,38.16053286
2024-08-27 11:00:00,37.28210367
2024-08-27 11:30:00,35.20563405
2024-08-27 12:00:00,33.3559564
2024-08-27 12:30:00,39.91855177
2024-08-27 13:00:00,40.13261559
2024-08-27 13:30:00,39.4597986
2024-08-27 14:00:00,40.39645625
2024-08-27 14:30:00,36.68533805
2024-08-27 15:00:00,39.3038347
2024-08-27 15:30:00,35.95486738
2024-08-27 16:00:00,38.34902176
2024-08-27 16:30:00,41.24761047
2024-08-27 17:00:00,44.74786504
2024-08-27 17:30:00,49.1500674
2024-08-27 18:00:00,53.00897936
2024-08-27 18:30:00,55.0870175
2024-08-27 19:00:00,55.68909614
2024-08-27 19:30:00,53.69450854
2024-08-27 20:00:00,52.57206605
2024-08-27 20:30:00,51.20499653
2024-08-27 21:00:00,50.03670525
2024-08-27 21:30:00,47.92971178
2024-08-27 22:00:00,45.29206889
2024-08-27 22:30:00,43.64101037
2024-08-27 23:00:00,41.27362252
2024-08-27 23:30:00,38.22077123
2024-08-28 00:00:00,35.68497791
2024-08-28 00:30:00,33.4290705
2024-08-28 01:00:00,31.97795217
2024-08-28 01:30:00,31.08336452
2024-08-28 02:00:00,30.62891128
2024-08-28 02:30:00,30.15514493
2024-08-28 03:00:00,29.65049176
2024-08-28 03:30:00,29.81320634
2024-08-28 04:00:00,29.79369484
2024-08-28 04:30:00,30.68802686
2024-08-28 05:00:00,31.56215744
2024-08-28 05:30:00,33.38147843
2024-08-28 06:00:00,35.41188664
2024-08-28 06:30:00,39.8499292
2024-08-28 07:00:00,43.65051298
2024-08-28 07:30:00,48.55514348
2024-08-28 08:00:00,51.21810703
2024-08-28 08:30:00,50.66890976
2024-08-28 09:00:00,47.28286559
2024-08-28 09:30:00,42.87569138
2024-08-28 10:00:00,40.73066447
2024-08-28 10:30:00,39.7587756
2024-08-28 11:00:00,39.15224489
2024-08-28 11:30:00,35.81899948
2024-08-28 12:00:00,34.22712939
2024-08-28 12:30:00,35.01170407
2024-08-28 13:00:00,36.5771066
2024-08-28 13:30:00,35.92163462
2024-08-28 14:00:00,38.56112833
2024-08-28 14:30:00,40.35950902
2024-08-28 15:00:00,43.32559991
2024-08-28 15:30:00,44.70096041
2024-08-28 16:00:00,43.95225753
2024-08-28 16:30:00,46.75042701
2024-08-28 17:00:00,50.50385779
2024-08-28 17:30:00,53.44457265
2024-08-28 18:00:00,56.57931082
2024-08-28 18:30:00,57.21165173
2024-08-28 19:00:00,57.02127391
2024-08-28 19:30:00,55.00491346
2024-08-28 20:00:00,53.74223387
2024-08-28 20:30:00,52.30951924
2024-08-28 21:00:00,50.89069839
2024-08-28 21:30:00,48.54781106
2024-08-28 22:00:00,46.10782613
2024-08-28 22:30:00,44.20485596
2024-08-28 23:00:00,41.84256483
2024-08-28 23:30:00,38.85377342
2024-08-29 00:00:00,36.05267114
2024-08-29 00:30:00,33.74142833
2024-08-29 01:00:00,32.31754952
2024-08-29 01:30:00,31.3142294
2024-08-29 02:00:00,30.68364892
2024-08-29 02:30:00,30.17951784
2024-08-29 03:00:00,29.97512363
2024-08-29 03:30:00,30.25294751
2024-08-29 04:00:00,30.35683948
2024-08-29 04:30:00,31.39485944
2024-08-29 05:00:00,32.00154843
2024-08-29 05:30:00,34.29872589
2024-08-29 06:00:00,36.52809619
2024-08-29 06:30:00,40.95248544
2024-08-29 07:00:00,45.62689339
2024-08-29 07:30:00,50.64705553
2024-08-29 08:00:00,50.97518028
2024-08-29 08:30:00,48.94075655
2024-08-29 09:00:00,46.29500876
2024-08-29 09:30:00,42.68146965
2024-08-29 10:00:00,39.97333583
2024-08-29 10:30:00,38.80602896
2024-08-29 11:00:00,36.95529291
2024-08-29 11:30:00,35.34719345
2024-08-29 12:00:00,33.90366745
2024-08-29 12:30:00,34.42702183
2024-08-29 13:00:00,33.67368313
2024-08-29 13:30:00,33.3900128
2024-08-29 14:00:00,33.88452762
2024-08-29 14:30:00,34.50243003
2024-08-29 15:00:00,35.89027811
2024-08-29 15:30:00,37.55968747
2024-08-29 16:00:00,40.67845966
2024-08-29 16:30:00,42.5788725
2024-08-29 17:00:00,46.47702621
2024-08-29 17:30:00,50.40689862
2024-08-29 18:00:00,54.2392515
2024-08-29 18:30:00,56.16714454
2024-08-29 19:00:00,56.69702129
2024-08-29 19:30:00,54.97540953
2024-08-29 20:00:00,53.86542918
2024-08-29 20:30:00,52.70807452
2024-08-29 21:00:00,51.27682838
2024-08-29 21:30:00,48.79964266
2024-08-29 22:00:00,46.51357594
2024-08-29 22:30:00,44.79680256
2024-08-29 23:00:00,42.53662352
2024-08-29 23:30:00,39.58273412
2024-08-30 00:00:00,36.83007691
2024-08-30 00:30:00,34.57909433
2024-08-30 01:00:00,33.30035501
2024-08-30 01:30:00,32.10212131
2024-08-30 02:00:00,31.49230216
2024-08-30 02:30:00,30.99957178
2024-08-30 03:00:00,30.60985366
2024-08-30 03:30:00,30.72452013
2024-08-30 04:00:00,30.75590185
2024-08-30 04:30:00,31.60994099
2024-08-30 05:00:00,32.40825028
2024-08-30 05:30:00,34.45575734
2024-08-30 06:00:00,36.62143195
2024-08-30 06:30:00,41.10013645
2024-08-30 07:00:00,44.23021577
2024-08-30 07:30:00,48.51285383
2024-08-30 08:00:00,50.34715584
2024-08-30 08:30:00,51.36810792
2024-08-30 09:00:00,51.34434494
2024-08-30 09:30:00,49.13453576
2024-08-30 10:00:00,47.78774164
2024-08-30 10:30:00,46.42006108
2024-08-30 11:00:00,41.3198506
2024-08-30 11:30:00,39.4980473
2024-08-30 12:00:00,35.64029782
2024-08-30 12:30:00,35.15544702
2024-08-30 13:00:00,34.43337188
2024-08-30 13:30:00,36.1655183
2024-08-30 14:00:00,34.88219862
2024-08-30 14:30:00,40.41851034
2024-08-30 15:00:00,38.11827728
2024-08-30 15:30:00,41.60082654
2024-08-30 16:00:00,44.43775031
2024-08-30 16:30:00,45.22000486
2024-08-30 17:00:00,47.15190236
2024-08-30 17:30:00,49.49944737
2024-08-30 18:00:00,51.87451656
2024-08-30 18:30:00,53.09838674
2024-08-30 19:00:00,53.13236084
2024-08-30 19:30:00,51.15425969
2024-08-30 20:00:00,49.79680918
2024-08-30 20:30:00,48.64140295
2024-08-30 21:00:00,47.251063
2024-08-30 21:30:00,45.07385038
2024-08-30 22:00:00,43.08760262
2024-08-30 22:30:00,42.19095834
2024-08-30 23:00:00,40.41399864
2024-08-30 23:30:00,37.78336453
2024-08-31 00:00:00,35.45136456
2024-08-31 00:30:00,33.54278383
2024-08-31 01:00:00,32.1132507
2024-08-31 01:30:00,31.1472912
2024-08-31 02:00:00,30.40739178
2024-08-31 02:30:00,29.84387828
2024-08-31 03:00:00,29.36696921
2024-08-31 03:30:00,29.41360894
2024-08-31 04:00:00,29.37765834
2024-08-31 04:30:00,29.77631424
2024-08-31 05:00:00,30.21769165
2024-08-31 05:30:00,31.01401527
2024-08-31 06:00:00,32.15856167
2024-08-31 06:30:00,33.98617601
2024-08-31 07:00:00,35.19088675
2024-08-31 07:30:00,36.69339739
2024-08-31 08:00:00,36.11487034
2024-08-31 08:30:00,34.18995272
2024-08-31 09:00:00,33.50465229
2024-08-31 09:30:00,34.58932622
2024-08-31 10:00:00,30.95599781
2024-08-31 10:30:00,29.7611996
2024-08-31 11:00:00,28.74470637
2024-08-31 11:30:00,27.50020958
2024-08-31 12:00:00,26.46290027
2024-08-31 12:30:00,26.77164117
2024-08-31 13:00:00,26.49918143
2024-08-31 13:30:00,26.68677062
2024-08-31 14:00:00,26.41987589
2024-08-31 14:30:00,28.37814757
2024-08-31 15:00:00,30.90883684
2024-08-31 15:30:00,33.00693304
2024-08-31 16:00:00,35.44690429
2024-08-31 16:30:00,38.95611827
2024-08-31 17:00:00,42.38335092
2024-08-31 17:30:00,45.45126396
2024-08-31 18:00:00,48.1115656
2024-08-31 18:30:00,50.34924375
2024-08-31 19:00:00,50.55631651
2024-08-31 19:30:00,49.28082978
2024-08-31 20:00:00,48.17322359
2024-08-31 20:30:00,46.7247864
2024-08-31 21:00:00,46.06531318
2024-08-31 21:30:00,44.56747216
2024-08-31 22:00:00,42.8651224
2024-08-31 22:30:00,42.59818391
2024-08-31 23:00:00,40.72228827
2024-08-31 23:30:00,38.44115828
2024-09-01 00:00:00,36.12469555
2024-09-01 00:30:00,34.21524411
2024-09-01 01:00:00,32.71614201
2024-09-01 01:30:00,31.86478235
2024-09-01 02:00:00,31.17006348
2024-09-01 02:30:00,30.46669686
2024-09-01 03:00:00,29.91526469
2024-09-01 03:30:00,30.06739052
2024-09-01 04:00:00,29.90865225
2024-09-01 04:30:00,30.04150692
2024-09-01 05:00:00,30.25822833
2024-09-01 05:30:00,31.0624645
2024-09-01 06:00:00,31.66559708
2024-09-01 06:30:00,33.22794827
2024-09-01 07:00:00,34.17583829
2024-09-01 07:30:00,35.25545201
2024-09-01 08:00:00,34.99851834
2024-09-01 08:30:00,33.8332195
2024-09-01 09:00:00,32.40196792
2024-09-01 09:30:00,31.43122741
2024-09-01 10:00:00,30.0067397
2024-09-01 10:30:00,30.09186188
2024-09-01 11:00:00,28.76268709
2024-09-01 11:30:00,27.40550211
2024-09-01 12:00:00,26.28289704
2024-09-01 12:30:00,26.23262516
2024-09-01 13:00:00,25.92755187
2024-09-01 13:30:00,25.64427753
2024-09-01 14:00:00,26.16750102
2024-09-01 14:30:00,26.99121048
2024-09-01 15:00:00,28.29128144
2024-09-01 15:30:00,30.1235337
2024-09-01 16:00:00,32.5918949
2024-09-01 16:30:00,35.38932772
2024-09-01 17:00:00,38.53201602
2024-09-01 17:30:00,41.72839375
2024-09-01 18:00:00,44.52039983
2024-09-01 18:30:00,47.60112047
2024-09-01 19:00:00,48.25771051
2024-09-01 19:30:00,47.80909662
2024-09-01 20:00:00,46.9916988
2024-09-01 20:30:00,46.33562814
2024-09-01 21:00:00,45.13835436
2024-09-01 21:30:00,43.56279173
2024-09-01 22:00:00,41.40427176
2024-09-01 22:30:00,40.23091418
2024-09-01 23:00:00,38.59033455
2024-09-01 23:30:00,36.13132384
2024-09-02 00:00:00,33.97714313
2024-09-02 00:30:00,32.13678548
2024-09-02 01:00:00,30.87384124
2024-09-02 01:30:00,29.8450586
2024-09-02 02:00:00,29.28726111
2024-09-02 02:30:00,29.15469602
2024-09-02 03:00:00,28.92618225
2024-09-02 03:30:00,28.93091648
2024-09-02 04:00:00,29.07300364
2024-09-02 04:30:00,30.01121522
2024-09-02 05:00:00,30.70460861
2024-09-02 05:30:00,32.74223133
2024-09-02 06:00:00,34.8669088
2024-09-02 06:30:00,38.8852457
2024-09-02 07:00:00,42.87828931
2024-09-02 07:30:00,46.92713575
2024-09-02 08:00:00,47.74264593
2024-09-02 08:30:00,47.45947799
2024-09-02 09:00:00,46.12156578
2024-09-02 09:30:00,42.93907368
2024-09-02 10:00:00,39.93252704
2024-09-02 10:30:00,38.67468242
2024-09-02 11:00:00,38.18202216
2024-09-02 11:30:00,38.00846592
2024-09-02 12:00:00,37.85924048
2024-09-02 12:30:00,43.09099271
2024-09-02 13:00:00,39.1699612
2024-09-02 13:30:00,40.74931822
2024-09-02 14:00:00,39.02464118
2024-09-02 14:30:00,39.33405612
2024-09-02 15:00:00,42.20382381
2024-09-02 15:30:00,44.24002342
2024-09-02 16:00:00,45.94533017
2024-09-02 16:30:00,49.19125815
2024-09-02 17:00:00,52.75216637
2024-09-02 17:30:00,55.9307278
2024-09-02 18:00:00,59.79771954
2024-09-02 18:30:00,61.81894756
2024-09-02 19:00:00,61.48925367
2024-09-02 19:30:00,59.02775998
2024-09-02 20:00:00,57.68667902
2024-09-02 20:30:00,55.34724657
2024-09-02 21:00:00,53.44968789
2024-09-02 21:30:00,50.77395987
2024-09-02 22:00:00,47.45313248
2024-09-02 22:30:00,45.29347088
2024-09-02 23:00:00,43.21474635
2024-09-02 23:30:00,39.99919877
2024-09-03 00:00:00,37.44332564
2024-09-03 00:30:00,35.29627397
2024-09-03 01:00:00,33.64354124
2024-09-03 01:30:00,32.82518971
2024-09-03 02:00:00,32.19094363
2024-09-03 02:30:00,32.06818709
2024-09-03 03:00:00,31.892678
2024-09-03 03:30:00,31.99059631
2024-09-03 04:00:00,32.29764865
2024-09-03 04:30:00,33.49086618
2024-09-03 05:00:00,34.26520224
2024-09-03 05:30:00,36.8917997
2024-09-03 06:00:00,39.76572564
2024-09-03 06:30:00,45.12385525
2024-09-03 07:00:00,50.37864693
2024-09-03 07:30:00,55.46963577
2024-09-03 08:00:00,56.52800248
2024-09-03 08:30:00,54.28435971
2024-09-03 09:00:00,49.56436796
2024-09-03 09:30:00,45.98207452
2024-09-03 10:00:00,42.54848628
2024-09-03 10:30:00,40.66960584
2024-09-03 11:00:00,39.22043254
2024-09-03 11:30:00,37.18162758
2024-09-03 12:00:00,35.61482597
2024-09-03 12:30:00,35.9125614
2024-09-03 13:00:00,35.02508471
2024-09-03 13:30:00,34.38326568
2024-09-03 14:00:00,34.56762899
2024-09-03 14:30:00,35.19639817
2024-09-03 15:00:00,36.25203498
2024-09-03 15:30:00,37.91040764
2024-09-03 16:00:00,40.28044246
2024-09-03 16:30:00,43.57524996
2024-09-03 17:00:00,46.97322114
2024-09-03 17:30:00,50.79051051
2024-09-03 18:00:00,54.52032092
2024-09-03 18:30:00,56.89897298
2024-09-03 19:00:00,57.66360016
2024-09-03 19:30:00,56.14926955
2024-09-03 20:00:00,55.91120551
2024-09-03 20:30:00,54.57464612
2024-09-03 21:00:00,53.0034925
2024-09-03 21:30:00,50.25243707
2024-09-03 22:00:00,47.60205847
2024-09-03 22:30:00,45.69342641
2024-09-03 23:00:00,43.41899557
2024-09-03 23:30:00,40.41352429
2024-09-04 00:00:00,38.0001572
2024-09-04 00:30:00,35.71682253
2024-09-04 01:00:00,34.66197849
2024-09-04 01:30:00,33.94962138
2024-09-04 02:00:00,33.2656407
2024-09-04 02:30:00,33.1663667
2024-09-04 03:00:00,33.05780446
2024-09-04 03:30:00,33.28906934
2024-09-04 04:00:00,33.47863664
2024-09-04 04:30:00,34.42763161
2024-09-04 05:00:00,35.38942436
2024-09-04 05:30:00,37.95198164
2024-09-04 06:00:00,40.85863862
2024-09-04 06:30:00,46.35310786
2024-09-04 07:00:00,51.89119999
2024-09-04 07:30:00,57.8607655
2024-09-04 08:00:00,59.27874642
2024-09-04 08:30:00,57.08439986
2024-09-04 09:00:00,51.91690406
2024-09-04 09:30:00,47.8270028
2024-09-04 10:00:00,43.63782924
2024-09-04 10:30:00,41.04308583
2024-09-04 11:00:00,39.27483034
2024-09-04 11:30:00,36.62420265
2024-09-04 12:00:00,34.23795667
2024-09-04 12:30:00,37.19030106
2024-09-04 13:00:00,36.69627331
2024-09-04 13:30:00,33.70119264
2024-09-04 14:00:00,37.78350669
2024-09-04 14:30:00,36.16847926
2024-09-04 15:00:00,35.67945766
2024-09-04 15:30:00,37.6937631
2024-09-04 16:00:00,40.08233303
2024-09-04 16:30:00,43.07899707
2024-09-04 17:00:00,46.62035124
2024-09-04 17:30:00,49.89332681
2024-09-04 18:00:00,53.03734982
2024-09-04 18:30:00,55.09848085
2024-09-04 19:00:00,55.83505164
2024-09-04 19:30:00,54.06785642
2024-09-04 20:00:00,53.50926055
2024-09-04 20:30:00,52.34401219
2024-09-04 21:00:00,51.02613148
2024-09-04 21:30:00,48.99799882
2024-09-04 22:00:00,46.25812289
2024-09-04 22:30:00,44.58717808
2024-09-04 23:00:00,42.41983307
2024-09-04 23:30:00,39.3042726
2024-09-05 00:00:00,36.75728919
2024-09-05 00:30:00,34.44409402
2024-09-05 01:00:00,33.24216663
2024-09-05 01:30:00,32.38457693
2024-09-05 02:00:00,31.66995681
2024-09-05 02:30:00,31.21237841
2024-09-05 03:00:00,30.94683304
2024-09-05 03:30:00,31.2187956
2024-09-05 04:00:00,31.20389031
2024-09-05 04:30:00,31.91815367
2024-09-05 05:00:00,32.47306525
2024-09-05 05:30:00,34.44549052
2024-09-05 06:00:00,36.67322911
2024-09-05 06:30:00,40.94807423
2024-09-05 07:00:00,45.27533925
2024-09-05 07:30:00,49.45893595
2024-09-05 08:00:00,50.22116678
2024-09-05 08:30:00,48.55421103
2024-09-05 09:00:00,44.40593159
2024-09-05 09:30:00,41.03726608
2024-09-05 10:00:00,38.4131648
2024-09-05 10:30:00,37.16100848
2024-09-05 11:00:00,35.39201044
2024-09-05 11:30:00,33.88963079
2024-09-05 12:00:00,32.87131502
2024-09-05 12:30:00,33.74112396
2024-09-05 13:00:00,33.49511589
2024-09-05 13:30:00,33.27162518
2024-09-05 14:00:00,33.70563804
2024-09-05 14:30:00,34.5673132
2024-09-05 15:00:00,35.8567967
2024-09-05 15:30:00,37.60009349
2024-09-05 16:00:00,41.03748253
2024-09-05 16:30:00,42.70320054
2024-09-05 17:00:00,45.69378345
2024-09-05 17:30:00,47.34080596
2024-09-05 18:00:00,49.1881129
2024-09-05 18:30:00,49.89664112
2024-09-05 19:00:00,50.30021272
2024-09-05 19:30:00,47.92619814
2024-09-05 20:00:00,46.7690018
2024-09-05 20:30:00,45.59252617
2024-09-05 21:00:00,44.39803833
2024-09-05 21:30:00,42.56466055
2024-09-05 22:00:00,40.77178575
2024-09-05 22:30:00,39.74219928
2024-09-05 23:00:00,37.99888493
2024-09-05 23:30:00,35.34517502
2024-09-06 00:00:00,33.11266438
2024-09-06 00:30:00,31.50165773
2024-09-06 01:00:00,30.50702124
2024-09-06 01:30:00,29.43295407
2024-09-06 02:00:00,28.75837084
2024-09-06 02:30:00,28.38012653
2024-09-06 03:00:00,28.12763162
2024-09-06 03:30:00,28.14730769
2024-09-06 04:00:00,28.23669899
2024-09-06 04:30:00,29.03875713
2024-09-06 05:00:00,29.50544935
2024-09-06 05:30:00,31.27415201
2024-09-06 06:00:00,32.8957486
2024-09-06 06:30:00,36.10212045
2024-09-06 07:00:00,39.15437368
2024-09-06 07:30:00,42.52628144
2024-09-06 08:00:00,43.36915497
2024-09-06 08:30:00,42.77445254
2024-09-06 09:00:00,40.11784216
2024-09-06 09:30:00,37.83618953
2024-09-06 10:00:00,35.38922101
2024-09-06 10:30:00,34.97867736
2024-09-06 11:00:00,34.51019749
2024-09-06 11:30:00,33.40756332
2024-09-06 12:00:00,32.19799923
2024-09-06 12:30:00,32.40983079
2024-09-06 13:00:00,32.46667084
2024-09-06 13:30:00,32.50079131
2024-09-06 14:00:00,33.64130952
2024-09-06 14:30:00,35.13986711
2024-09-06 15:00:00,36.35855107
2024-09-06 15:30:00,38.0039982
2024-09-06 16:00:00,40.08349037
2024-09-06 16:30:00,42.62789619
2024-09-06 17:00:00,45.13297578
2024-09-06 17:30:00,47.27804075
2024-09-06 18:00:00,48.3391163
2024-09-06 18:30:00,48.8849878
2024-09-06 19:00:00,48.51549109
2024-09-06 19:30:00,46.3086671
2024-09-06 20:00:00,44.98033842
2024-09-06 20:30:00,43.85949091
2024-09-06 21:00:00,42.57848446
2024-09-06 21:30:00,40.45999558
2024-09-06 22:00:00,38.45424851
2024-09-06 22:30:00,37.50054158
2024-09-06 23:00:00,36.30592651
2024-09-06 23:30:00,34.05932277
2024-09-07 00:00:00,32.09516832
2024-09-07 00:30:00,30.50221631
2024-09-07 01:00:00,28.98520348
2024-09-07 01:30:00,28.03173456
2024-09-07 02:00:00,27.51802689
2024-09-07 02:30:00,26.97981483
2024-09-07 03:00:00,26.4109288
2024-09-07 03:30:00,26.62327941
2024-09-07 04:00:00,26.49446871
2024-09-07 04:30:00,26.70707147
2024-09-07 05:00:00,26.77241716
2024-09-07 05:30:00,27.42989883
2024-09-07 06:00:00,28.06972528
2024-09-07 06:30:00,29.26817422
2024-09-07 07:00:00,30.09697165
2024-09-07 07:30:00,31.98647704
2024-09-07 08:00:00,33.33712488
2024-09-07 08:30:00,35.57762934
2024-09-07 09:00:00,37.00338504
2024-09-07 09:30:00,37.50352371
2024-09-07 10:00:00,38.0954264
2024-09-07 10:30:00,37.67953251
2024-09-07 11:00:00,32.86770019
2024-09-07 11:30:00,31.759797
2024-09-07 12:00:00,29.26284038
2024-09-07 12:30:00,27.90272734
2024-09-07 13:00:00,25.83021709
2024-09-07 13:30:00,25.4378842
2024-09-07 14:00:00,25.80120394
2024-09-07 14:30:00,26.33476045
2024-09-07 15:00:00,27.67616542
2024-09-07 15:30:00,29.64317879
2024-09-07 16:00:00,31.4523948
2024-09-07 16:30:00,34.27600428
2024-09-07 17:00:00,37.02251631
2024-09-07 17:30:00,39.70713418
2024-09-07 18:00:00,41.8191127
2024-09-07 18:30:00,43.58830364
2024-09-07 19:00:00,43.97216313
2024-09-07 19:30:00,42.80689873
2024-09-07 20:00:00,41.93204313
2024-09-07 20:30:00,41.29343776
2024-09-07 21:00:00,40.55063458
2024-09-07 21:30:00,39.85688721
2024-09-07 22:00:00,38.92044974
2024-09-07 22:30:00,38.83834256
2024-09-07 23:00:00,37.7122846
2024-09-07 23:30:00,35.83092644
2024-09-08 00:00:00,33.97587671
2024-09-08 00:30:00,32.4719418
2024-09-08 01:00:00,31.18074394
2024-09-08 01:30:00,30.54317174
2024-09-08 02:00:00,29.90690891
2024-09-08 02:30:00,29.38375372
2024-09-08 03:00:00,28.91448543
2024-09-08 03:30:00,29.07539586
2024-09-08 04:00:00,29.20418118
2024-09-08 04:30:00,29.43666059
2024-09-08 05:00:00,29.56687959
2024-09-08 05:30:00,30.32907987
2024-09-08 06:00:00,31.43433498
2024-09-08 06:30:00,32.75120154
2024-09-08 07:00:00,33.79035822
2024-09-08 07:30:00,35.40631012
2024-09-08 08:00:00,35.19165158
2024-09-08 08:30:00,33.51408671
2024-09-08 09:00:00,33.39375116
2024-09-08 09:30:00,30.51018628
2024-09-08 10:00:00,28.95475269
2024-09-08 10:30:00,30.58961536
2024-09-08 11:00:00,31.50518411
2024-09-08 11:30:00,30.86821568
2024-09-08 12:00:00,30.42840761
2024-09-08 12:30:00,28.44046667
2024-09-08 13:00:00,25.94962539
2024-09-08 13:30:00,25.67396866
2024-09-08 14:00:00,26.62835846
2024-09-08 14:30:00,26.99965621
2024-09-08 15:00:00,27.94562204
2024-09-08 15:30:00,29.88007309
2024-09-08 16:00:00,32.43447998
2024-09-08 16:30:00,34.91473333
2024-09-08 17:00:00,38.7292895
2024-09-08 17:30:00,42.06937597
2024-09-08 18:00:00,45.79798461
2024-09-08 18:30:00,49.01576749
2024-09-08 19:00:00,49.92705359
2024-09-08 19:30:00,49.28110555
2024-09-08 20:00:00,48.57611158
2024-09-08 20:30:00,47.24847557
2024-09-08 21:00:00,45.95252626
2024-09-08 21:30:00,44.30300403
2024-09-08 22:00:00,41.83913731
2024-09-08 22:30:00,40.66844985
2024-09-08 23:00:00,38.884306
2024-09-08 23:30:00,36.38513101
2024-09-09 00:00:00,34.02185328
2024-09-09 00:30:00,32.08786952
2024-09-09 01:00:00,30.92164672
2024-09-09 01:30:00,30.01420972
2024-09-09 02:00:00,29.33080159
2024-09-09 02:30:00,29.01700042
2024-09-09 03:00:00,28.6812582
2024-09-09 03:30:00,28.70921314
2024-09-09 04:00:00,28.74433135
2024-09-09 04:30:00,29.59109939
2024-09-09 05:00:00,30.24992169
2024-09-09 05:30:00,32.08673483
2024-09-09 06:00:00,34.36587908
2024-09-09 06:30:00,38.58185409
2024-09-09 07:00:00,42.47261825
2024-09-09 07:30:00,45.9348411
2024-09-09 08:00:00,45.26763741
2024-09-09 08:30:00,43.63078849
2024-09-09 09:00:00,40.53802702
2024-09-09 09:30:00,38.40213875
2024-09-09 10:00:00,35.73781819
2024-09-09 10:30:00,34.96634686
2024-09-09 11:00:00,34.10643327
2024-09-09 11:30:00,32.55091208
2024-09-09 12:00:00,30.99826545
2024-09-09 12:30:00,31.15306741
2024-09-09 13:00:00,30.91994199
2024-09-09 13:30:00,30.55827012
2024-09-09 14:00:00,30.99322855
2024-09-09 14:30:00,31.50071655
2024-09-09 15:00:00,33.42476049
2024-09-09 15:30:00,37.00914757
2024-09-09 16:00:00,40.12085332
2024-09-09 16:30:00,41.75855701
2024-09-09 17:00:00,44.86981005
2024-09-09 17:30:00,47.64080172
2024-09-09 18:00:00,50.75758332
2024-09-09 18:30:00,53.0908233
2024-09-09 19:00:00,53.41549096
2024-09-09 19:30:00,51.23823863
2024-09-09 20:00:00,49.96667288
2024-09-09 20:30:00,48.49443761
2024-09-09 21:00:00,47.47573534
2024-09-09 21:30:00,45.35007815
2024-09-09 22:00:00,43.02421909
2024-09-09 22:30:00,41.76534839
2024-09-09 23:00:00,39.95755542
2024-09-09 23:30:00,37.1219029
2024-09-10 00:00:00,34.56704819
2024-09-10 00:30:00,32.65572914
2024-09-10 01:00:00,31.32899565
2024-09-10 01:30:00,30.50072365
2024-09-10 02:00:00,29.92000961
2024-09-10 02:30:00,29.67129824
2024-09-10 03:00:00,29.57876403
2024-09-10 03:30:00,29.896971
2024-09-10 04:00:00,30.0381648
2024-09-10 04:30:00,30.9409074
2024-09-10 05:00:00,31.75788637
2024-09-10 05:30:00,34.02254149
2024-09-10 06:00:00,36.78556514
2024-09-10 06:30:00,41.34421872
2024-09-10 07:00:00,46.51717768
2024-09-10 07:30:00,51.31594752
2024-09-10 08:00:00,52.03496367
2024-09-10 08:30:00,49.90952574
2024-09-10 09:00:00,45.73225368
2024-09-10 09:30:00,42.47371067
2024-09-10 10:00:00,39.35924876
2024-09-10 10:30:00,37.82117043
2024-09-10 11:00:00,36.05604476
2024-09-10 11:30:00,34.35267254
2024-09-10 12:00:00,32.95108458
2024-09-10 12:30:00,33.26176944
2024-09-10 13:00:00,32.75424319
2024-09-10 13:30:00,32.53227022
2024-09-10 14:00:00,33.34450996
2024-09-10 14:30:00,34.59342311
2024-09-10 15:00:00,36.28447774
2024-09-10 15:30:00,37.53485673
2024-09-10 16:00:00,39.49792543
2024-09-10 16:30:00,42.10169972
2024-09-10 17:00:00,44.84759929
2024-09-10 17:30:00,47.42179646
2024-09-10 18:00:00,49.81945934
2024-09-10 18:30:00,51.16880682
2024-09-10 19:00:00,51.89517579
2024-09-10 19:30:00,50.66757271
2024-09-10 20:00:00,49.76619043
2024-09-10 20:30:00,48.66057386
2024-09-10 21:00:00,47.69173408
2024-09-10 21:30:00,45.45652938
2024-09-10 22:00:00,43.27712731
2024-09-10 22:30:00,41.81750538
2024-09-10 23:00:00,39.87741964
2024-09-10 23:30:00,37.09213794
2024-09-11 00:00:00,34.71146383
2024-09-11 00:30:00,32.90509504
2024-09-11 01:00:00,31.58268251
2024-09-11 01:30:00,30.81389973
2024-09-11 02:00:00,30.26287564
2024-09-11 02:30:00,29.81802633
2024-09-11 03:00:00,29.6330606
2024-09-11 03:30:00,29.80417857
2024-09-11 04:00:00,29.96691483
2024-09-11 04:30:00,30.88897342
2024-09-11 05:00:00,31.71081005
2024-09-11 05:30:00,33.62905408
2024-09-11 06:00:00,36.0895883
2024-09-11 06:30:00,40.89267055
2024-09-11 07:00:00,45.66100643
2024-09-11 07:30:00,50.20143062
2024-09-11 08:00:00,49.83042755
2024-09-11 08:30:00,48.23045437
2024-09-11 09:00:00,44.28587987
2024-09-11 09:30:00,40.218086
2024-09-11 10:00:00,39.41824786
2024-09-11 10:30:00,43.79852806
2024-09-11 11:00:00,42.49805957
2024-09-11 11:30:00,37.37387121
2024-09-11 12:00:00,33.03908084
2024-09-11 12:30:00,36.15132177
2024-09-11 13:00:00,41.21578197
2024-09-11 13:30:00,39.92389951
2024-09-11 14:00:00,36.2457201
2024-09-11 14:30:00,37.75291338
2024-09-11 15:00:00,39.34315747
2024-09-11 15:30:00,39.54964755
2024-09-11 16:00:00,41.53193669
2024-09-11 16:30:00,45.17862958
2024-09-11 17:00:00,47.5594244
2024-09-11 17:30:00,50.18928375
2024-09-11 18:00:00,52.07778803
2024-09-11 18:30:00,53.2531032
2024-09-11 19:00:00,53.00754556
2024-09-11 19:30:00,50.87397847
2024-09-11 20:00:00,49.27894556
2024-09-11 20:30:00,48.34370209
2024-09-11 21:00:00,47.10523364
2024-09-11 21:30:00,45.09494198
2024-09-11 22:00:00,42.93152448
2024-09-11 22:30:00,41.59931489
2024-09-11 23:00:00,39.59818476
2024-09-11 23:30:00,36.56989682
2024-09-12 00:00:00,34.10428234
2024-09-12 00:30:00,32.41665242
2024-09-12 01:00:00,30.98365751
2024-09-12 01:30:00,30.04151397
2024-09-12 02:00:00,29.54022219
2024-09-12 02:30:00,29.16412549
2024-09-12 03:00:00,28.89405766
2024-09-12 03:30:00,29.14526234
2024-09-12 04:00:00,29.3077899
2024-09-12 04:30:00,30.01439807
2024-09-12 05:00:00,30.70706615
2024-09-12 05:30:00,32.23379521
2024-09-12 06:00:00,34.31122313
2024-09-12 06:30:00,37.74131538
2024-09-12 07:00:00,41.33281479
2024-09-12 07:30:00,46.87251258
2024-09-12 08:00:00,48.91767539
2024-09-12 08:30:00,46.57704016
2024-09-12 09:00:00,41.96179864
2024-09-12 09:30:00,39.69012005
2024-09-12 10:00:00,45.78503434
2024-09-12 10:30:00,49.54985845
2024-09-12 11:00:00,49.99044557
2024-09-12 11:30:00,51.96098822
2024-09-12 12:00:00,53.15406172
2024-09-12 12:30:00,54.3474383
2024-09-12 13:00:00,53.71035655
2024-09-12 13:30:00,49.86573637
2024-09-12 14:00:00,47.06209452
2024-09-12 14:30:00,46.19696499
2024-09-12 15:00:00,44.24203597
2024-09-12 15:30:00,46.07183688
2024-09-12 16:00:00,46.2975825
2024-09-12 16:30:00,49.3791864
2024-09-12 17:00:00,51.34274073
2024-09-12 17:30:00,53.2874021
2024-09-12 18:00:00,56.66733967
2024-09-12 18:30:00,58.60442822
2024-09-12 19:00:00,58.50955668
2024-09-12 19:30:00,56.13341568
2024-09-12 20:00:00,54.83819778
2024-09-12 20:30:00,53.38878219
2024-09-12 21:00:00,52.2362901
2024-09-12 21:30:00,49.93394507
2024-09-12 22:00:00,47.1201187
2024-09-12 22:30:00,45.55183606
2024-09-12 23:00:00,43.43086556
2024-09-12 23:30:00,40.0414414
2024-09-13 00:00:00,37.26077511
2024-09-13 00:30:00,35.23274286
2024-09-13 01:00:00,33.84062818
2024-09-13 01:30:00,32.75797364
2024-09-13 02:00:00,32.0701984
2024-09-13 02:30:00,31.70446173
2024-09-13 03:00:00,31.43830718
2024-09-13 03:30:00,31.6009467
2024-09-13 04:00:00,31.54551437
2024-09-13 04:30:00,32.57773093
2024-09-13 05:00:00,33.46576283
2024-09-13 05:30:00,35.87426456
2024-09-13 06:00:00,38.38765068
2024-09-13 06:30:00,43.27905136
2024-09-13 07:00:00,47.85364664
2024-09-13 07:30:00,52.47043191
2024-09-13 08:00:00,52.89219274
2024-09-13 08:30:00,50.71164867
2024-09-13 09:00:00,46.41812684
2024-09-13 09:30:00,44.46046045
2024-09-13 10:00:00,41.31485974
2024-09-13 10:30:00,39.71861116
2024-09-13 11:00:00,38.04775293
2024-09-13 11:30:00,36.28765344
2024-09-13 12:00:00,34.57883887
2024-09-13 12:30:00,34.78713711
2024-09-13 13:00:00,34.11597827
2024-09-13 13:30:00,33.77095278
2024-09-13 14:00:00,34.24431867
2024-09-13 14:30:00,34.55156052
2024-09-13 15:00:00,35.73466375
2024-09-13 15:30:00,37.01676879
2024-09-13 16:00:00,39.15913576
2024-09-13 16:30:00,42.13223861
2024-09-13 17:00:00,45.7886176
2024-09-13 17:30:00,49.5323997
2024-09-13 18:00:00,52.03994876
2024-09-13 18:30:00,54.09761969
2024-09-13 19:00:00,54.99417095
2024-09-13 19:30:00,53.0983148
2024-09-13 20:00:00,52.45648565
2024-09-13 20:30:00,51.67334653
2024-09-13 21:00:00,50.19245765
2024-09-13 21:30:00,48.14459296
2024-09-13 22:00:00,46.14907253
2024-09-13 22:30:00,44.83237212
2024-09-13 23:00:00,43.32414047
2024-09-13 23:30:00,40.44405849
2024-09-14 00:00:00,38.0519161
2024-09-14 00:30:00,35.78641582
2024-09-14 01:00:00,34.18746935
2024-09-14 01:30:00,33.2311673
2024-09-14 02:00:00,32.55620198
2024-09-14 02:30:00,31.96304088
2024-09-14 03:00:00,31.5776787
2024-09-14 03:30:00,31.73001982
2024-09-14 04:00:00,31.56117333
2024-09-14 04:30:00,31.92456503
2024-09-14 05:00:00,32.24990424
2024-09-14 05:30:00,33.36535874
2024-09-14 06:00:00,34.83977974
2024-09-14 06:30:00,36.88349471
2024-09-14 07:00:00,38.64652549
2024-09-14 07:30:00,40.22463062
2024-09-14 08:00:00,42.64965222
2024-09-14 08:30:00,43.84484955
2024-09-14 09:00:00,42.97885873
2024-09-14 09:30:00,39.54286149
2024-09-14 10:00:00,35.55704769
2024-09-14 10:30:00,35.30754756
2024-09-14 11:00:00,33.62472453
2024-09-14 11:30:00,30.05007997
2024-09-14 12:00:00,28.31549906
2024-09-14 12:30:00,28.28791055
2024-09-14 13:00:00,27.95338576
2024-09-14 13:30:00,28.60007942
2024-09-14 14:00:00,27.71765481
2024-09-14 14:30:00,28.20306431
2024-09-14 15:00:00,29.81077418
2024-09-14 15:30:00,30.88823433
2024-09-14 16:00:00,35.86726528
2024-09-14 16:30:00,39.38999786
2024-09-14 17:00:00,43.72845885
2024-09-14 17:30:00,48.21617991
2024-09-14 18:00:00,51.33575735
2024-09-14 18:30:00,53.08833368
2024-09-14 19:00:00,53.17875626
2024-09-14 19:30:00,52.61701198
2024-09-14 20:00:00,52.21645967
2024-09-14 20:30:00,51.96841571
2024-09-14 21:00:00,51.29185778
2024-09-14 21:30:00,50.12276488
2024-09-14 22:00:00,48.39442906
2024-09-14 22:30:00,47.75397759
2024-09-14 23:00:00,45.73698217
2024-09-14 23:30:00,42.98858746
2024-09-15 00:00:00,40.18969564
2024-09-15 00:30:00,38.06528393
2024-09-15 01:00:00,36.41306847
2024-09-15 01:30:00,35.40072228
2024-09-15 02:00:00,34.79525902
2024-09-15 02:30:00,34.30397094
2024-09-15 03:00:00,33.86591731
2024-09-15 03:30:00,33.90022848
2024-09-15 04:00:00,33.90098286
2024-09-15 04:30:00,34.15643191
2024-09-15 05:00:00,34.31935837
2024-09-15 05:30:00,35.17376891
2024-09-15 06:00:00,36.47342301
2024-09-15 06:30:00,38.35553091
2024-09-15 07:00:00,39.65717006
2024-09-15 07:30:00,40.58827642
2024-09-15 08:00:00,40.35759648
2024-09-15 08:30:00,39.78937389
2024-09-15 09:00:00,38.17763201
2024-09-15 09:30:00,37.01638691
2024-09-15 10:00:00,35.17315116
2024-09-15 10:30:00,34.6899717
2024-09-15 11:00:00,33.20483688
2024-09-15 11:30:00,31.65972201
2024-09-15 12:00:00,30.74510585
2024-09-15 12:30:00,30.6441926
2024-09-15 13:00:00,29.86002028
2024-09-15 13:30:00,29.8969472
2024-09-15 14:00:00,31.24977611
2024-09-15 14:30:00,31.87763427
2024-09-15 15:00:00,32.82581022
2024-09-15 15:30:00,33.81747444
2024-09-15 16:00:00,36.01074406
2024-09-15 16:30:00,39.69957543
2024-09-15 17:00:00,43.69661431
2024-09-15 17:30:00,47.83470587
2024-09-15 18:00:00,51.85056553
2024-09-15 18:30:00,56.33445128
2024-09-15 19:00:00,58.01301554
2024-09-15 19:30:00,57.97428778
2024-09-15 20:00:00,57.51261527
2024-09-15 20:30:00,56.50452864
2024-09-15 21:00:00,55.59536493
2024-09-15 21:30:00,52.67940649
2024-09-15 22:00:00,49.73862928
2024-09-15 22:30:00,48.05449172
2024-09-15 23:00:00,45.56068356
2024-09-15 23:30:00,42.35730142
2024-09-16 00:00:00,40.01353327
2024-09-16 00:30:00,37.81754654
2024-09-16 01:00:00,36.34403891
2024-09-16 01:30:00,35.66403209
2024-09-16 02:00:00,34.9628404
2024-09-16 02:30:00,34.73771622
2024-09-16 03:00:00,34.57615882
2024-09-16 03:30:00,34.88512055
2024-09-16 04:00:00,35.29489021
2024-09-16 04:30:00,36.54477852
2024-09-16 05:00:00,37.63816876
2024-09-16 05:30:00,40.35903032
2024-09-16 06:00:00,43.54793929
2024-09-16 06:30:00,50.10175634
2024-09-16 07:00:00,55.68297057
2024-09-16 07:30:00,60.35138151
2024-09-16 08:00:00,61.10611167
2024-09-16 08:30:00,59.23567455
2024-09-16 09:00:00,54.60496266
2024-09-16 09:30:00,51.79538947
2024-09-16 10:00:00,49.20343941
2024-09-16 10:30:00,48.0313465
2024-09-16 11:00:00,43.12683815
2024-09-16 11:30:00,40.65460916
2024-09-16 12:00:00,38.29172008
2024-09-16 12:30:00,38.14292752
2024-09-16 13:00:00,37.01375307
2024-09-16 13:30:00,36.17077581
2024-09-16 14:00:00,35.70470214
2024-09-16 14:30:00,36.22895402
2024-09-16 15:00:00,39.06704899
2024-09-16 15:30:00,41.49542119
2024-09-16 16:00:00,44.45986077
2024-09-16 16:30:00,50.94253069
2024-09-16 17:00:00,53.97773301
2024-09-16 17:30:00,56.64078844
2024-09-16 18:00:00,58.83052843
2024-09-16 18:30:00,60.63784985
2024-09-16 19:00:00,60.83176269
2024-09-16 19:30:00,58.63101972
2024-09-16 20:00:00,57.50003223
2024-09-16 20:30:00,56.52031922
2024-09-16 21:00:00,54.15756113
2024-09-16 21:30:00,51.25801251
2024-09-16 22:00:00,48.65866985
2024-09-16 22:30:00,46.72329043
2024-09-16 23:00:00,44.35551949
2024-09-16 23:30:00,41.267586
2024-09-17 00:00:00,38.37992475
2024-09-17 00:30:00,36.02339653
2024-09-17 01:00:00,34.61145119
2024-09-17 01:30:00,33.87793273
2024-09-17 02:00:00,33.45982561
2024-09-17 02:30:00,33.24057992
2024-09-17 03:00:00,33.57955051
2024-09-17 03:30:00,33.76103815
2024-09-17 04:00:00,33.96207467
2024-09-17 04:30:00,34.93661699
2024-09-17 05:00:00,35.95992631
2024-09-17 05:30:00,38.30810913
2024-09-17 06:00:00,41.34701086
2024-09-17 06:30:00,47.25659429
2024-09-17 07:00:00,52.65498365
2024-09-17 07:30:00,57.19957848
2024-09-17 08:00:00,57.23951225
2024-09-17 08:30:00,53.8152412
2024-09-17 09:00:00,49.30609219
2024-09-17 09:30:00,45.76923078
2024-09-17 10:00:00,42.53111383
2024-09-17 10:30:00,40.60850351
2024-09-17 11:00:00,38.78004227
2024-09-17 11:30:00,36.78838362
2024-09-17 12:00:00,35.39023418
2024-09-17 12:30:00,34.87431868
2024-09-17 13:00:00,34.54335028
2024-09-17 13:30:00,34.10785543
2024-09-17 14:00:00,34.24446833
2024-09-17 14:30:00,34.94511756
2024-09-17 15:00:00,36.09186002
2024-09-17 15:30:00,37.28280722
2024-09-17 16:00:00,39.74780441
2024-09-17 16:30:00,43.15579415
2024-09-17 17:00:00,47.09293358
2024-09-17 17:30:00,51.0542637
2024-09-17 18:00:00,54.26085537
2024-09-17 18:30:00,56.82739172
2024-09-17 19:00:00,58.18109909
2024-09-17 19:30:00,57.02279337
2024-09-17 20:00:00,56.10410813
2024-09-17 20:30:00,54.89723769
2024-09-17 21:00:00,53.50141946
2024-09-17 21:30:00,51.0824699
2024-09-17 22:00:00,48.33766959
2024-09-17 22:30:00,46.57919537
2024-09-17 23:00:00,44.29848423
2024-09-17 23:30:00,40.71227592
2024-09-18 00:00:00,37.85070973
2024-09-18 00:30:00,35.59635055
2024-09-18 01:00:00,34.07224913
2024-09-18 01:30:00,33.36128228
2024-09-18 02:00:00,32.72002716
2024-09-18 02:30:00,32.41316137
2024-09-18 03:00:00,32.18244863
2024-09-18 03:30:00,32.38753659
2024-09-18 04:00:00,32.6185233
2024-09-18 04:30:00,33.58859276
2024-09-18 05:00:00,34.47972273
2024-09-18 05:30:00,36.53918729
2024-09-18 06:00:00,39.27053875
2024-09-18 06:30:00,44.31720459
2024-09-18 07:00:00,48.64072345
2024-09-18 07:30:00,53.12888214
2024-09-18 08:00:00,52.51654696
2024-09-18 08:30:00,49.9847714
2024-09-18 09:00:00,45.862221
2024-09-18 09:30:00,42.49354976
2024-09-18 10:00:00,39.58398357
2024-09-18 10:30:00,38.12860293
2024-09-18 11:00:00,36.31343988
2024-09-18 11:30:00,34.35730738
2024-09-18 12:00:00,33.2205963
2024-09-18 12:30:00,33.59997671
2024-09-18 13:00:00,33.27883561
2024-09-18 13:30:00,33.03014538
2024-09-18 14:00:00,33.38259964
2024-09-18 14:30:00,34.55256784
2024-09-18 15:00:00,35.10958038
2024-09-18 15:30:00,36.46073152
2024-09-18 16:00:00,39.35911288
2024-09-18 16:30:00,42.58878491
2024-09-18 17:00:00,46.3750738
2024-09-18 17:30:00,49.82317989
2024-09-18 18:00:00,53.01329541
2024-09-18 18:30:00,54.97252664
2024-09-18 19:00:00,55.44821497
2024-09-18 19:30:00,53.56277403
2024-09-18 20:00:00,53.22680659
2024-09-18 20:30:00,51.61508045
2024-09-18 21:00:00,50.14707657
2024-09-18 21:30:00,47.77247791
2024-09-18 22:00:00,45.47420321
2024-09-18 22:30:00,44.33222265
2024-09-18 23:00:00,41.910095
2024-09-18 23:30:00,38.74879132
2024-09-19 00:00:00,35.84687986
2024-09-19 00:30:00,33.85636313
2024-09-19 01:00:00,32.61836135
2024-09-19 01:30:00,31.61531874
2024-09-19 02:00:00,31.02200491
2024-09-19 02:30:00,30.68136872
2024-09-19 03:00:00,30.52011699
2024-09-19 03:30:00,30.5238356
2024-09-19 04:00:00,30.74148648
2024-09-19 04:30:00,31.60982327
2024-09-19 05:00:00,32.67337514
2024-09-19 05:30:00,34.73243977
2024-09-19 06:00:00,37.24591028
2024-09-19 06:30:00,41.96286605
2024-09-19 07:00:00,46.20231477
2024-09-19 07:30:00,48.98443124
2024-09-19 08:00:00,48.06938242
2024-09-19 08:30:00,47.2110722
2024-09-19 09:00:00,41.90161723
2024-09-19 09:30:00,38.64723474
2024-09-19 10:00:00,36.24794191
2024-09-19 10:30:00,35.48527459
2024-09-19 11:00:00,33.62446668
2024-09-19 11:30:00,32.16677462
2024-09-19 12:00:00,30.91846924
2024-09-19 12:30:00,31.4090336
2024-09-19 13:00:00,31.18829837
2024-09-19 13:30:00,30.66334877
2024-09-19 14:00:00,31.75212107
2024-09-19 14:30:00,33.31736815
2024-09-19 15:00:00,34.42644957
2024-09-19 15:30:00,36.53389594
2024-09-19 16:00:00,39.19092551
2024-09-19 16:30:00,42.30391892
2024-09-19 17:00:00,47.23084612
2024-09-19 17:30:00,49.80703154
2024-09-19 18:00:00,52.45262948
2024-09-19 18:30:00,54.18201514
2024-09-19 19:00:00,54.48107282
2024-09-19 19:30:00,52.79610607
2024-09-19 20:00:00,51.55161273
2024-09-19 20:30:00,49.84680597
2024-09-19 21:00:00,48.72218059
2024-09-19 21:30:00,46.79664252
2024-09-19 22:00:00,44.91687408
2024-09-19 22:30:00,43.40410536
2024-09-19 23:00:00,41.28934438
2024-09-19 23:30:00,38.32532442
2024-09-20 00:00:00,35.95407204
2024-09-20 00:30:00,33.83041205
2024-09-20 01:00:00,32.35574616
2024-09-20 01:30:00,31.52002233
2024-09-20 02:00:00,30.95515092
2024-09-20 02:30:00,30.59370292
2024-09-20 03:00:00,30.35211973
2024-09-20 03:30:00,30.3229541
2024-09-20 04:00:00,30.61131028
2024-09-20 04:30:00,31.46388632
2024-09-20 05:00:00,32.44398658
2024-09-20 05:30:00,34.59373412
2024-09-20 06:00:00,36.74460082
2024-09-20 06:30:00,41.21186823
2024-09-20 07:00:00,44.8540337
2024-09-20 07:30:00,48.34674531
2024-09-20 08:00:00,48.33871734
2024-09-20 08:30:00,46.51817972
2024-09-20 09:00:00,43.29871629
2024-09-20 09:30:00,40.39391781
2024-09-20 10:00:00,37.93344789
2024-09-20 10:30:00,36.69995175
2024-09-20 11:00:00,35.10011292
2024-09-20 11:30:00,33.12564147
2024-09-20 12:00:00,31.95141524
2024-09-20 12:30:00,32.73938903
2024-09-20 13:00:00,32.04763796
2024-09-20 13:30:00,32.0872992
2024-09-20 14:00:00,32.14653262
2024-09-20 14:30:00,33.12002421
2024-09-20 15:00:00,34.69906726
2024-09-20 15:30:00,36.94306315
2024-09-20 16:00:00,41.07398913
2024-09-20 16:30:00,45.03957785
2024-09-20 17:00:00,47.95335273
2024-09-20 17:30:00,50.61977941
2024-09-20 18:00:00,53.8854847
2024-09-20 18:30:00,55.79121093
2024-09-20 19:00:00,55.9444919
2024-09-20 19:30:00,53.8576512
2024-09-20 20:00:00,52.79150216
2024-09-20 20:30:00,51.63156573
2024-09-20 21:00:00,50.49077181
2024-09-20 21:30:00,47.73477111
2024-09-20 22:00:00,45.37657332
2024-09-20 22:30:00,44.14341433
2024-09-20 23:00:00,42.58801332
2024-09-20 23:30:00,39.62526934
2024-09-21 00:00:00,36.69071703
2024-09-21 00:30:00,34.90958648
2024-09-21 01:00:00,33.43140382
2024-09-21 01:30:00,32.49214164
2024-09-21 02:00:00,31.56641813
2024-09-21 02:30:00,30.94920356
2024-09-21 03:00:00,30.50293018
2024-09-21 03:30:00,30.4584029
2024-09-21 04:00:00,30.36277965
2024-09-21 04:30:00,30.68476173
2024-09-21 05:00:00,30.91651865
2024-09-21 05:30:00,31.68999956
2024-09-21 06:00:00,32.72104971
2024-09-21 06:30:00,34.23575957
2024-09-21 07:00:00,34.05636914
2024-09-21 07:30:00,33.89321646
2024-09-21 08:00:00,33.50171835
2024-09-21 08:30:00,32.74320462
2024-09-21 09:00:00,32.22890002
2024-09-21 09:30:00,31.87059461
2024-09-21 10:00:00,29.92614822
2024-09-21 10:30:00,29.04933784
2024-09-21 11:00:00,28.10638302
2024-09-21 11:30:00,27.68685808
2024-09-21 12:00:00,26.22090909
2024-09-21 12:30:00,26.08216593
2024-09-21 13:00:00,25.59788701
2024-09-21 13:30:00,25.83151292
2024-09-21 14:00:00,26.85262638
2024-09-21 14:30:00,27.0201889
2024-09-21 15:00:00,27.991394
2024-09-21 15:30:00,29.1791595
2024-09-21 16:00:00,32.2923412
2024-09-21 16:30:00,35.79276299
2024-09-21 17:00:00,37.41235751
2024-09-21 17:30:00,41.54767847
2024-09-21 18:00:00,45.40497328
2024-09-21 18:30:00,48.43181177
2024-09-21 19:00:00,49.2965265
2024-09-21 19:30:00,48.30990317
2024-09-21 20:00:00,47.05977338
2024-09-21 20:30:00,46.01806127
2024-09-21 21:00:00,45.30978322
2024-09-21 21:30:00,43.90396792
2024-09-21 22:00:00,42.60761804
2024-09-21 22:30:00,42.10995808
2024-09-21 23:00:00,40.48416386
2024-09-21 23:30:00,38.37598257
2024-09-22 00:00:00,35.89349301
2024-09-22 00:30:00,34.24008202
2024-09-22 01:00:00,32.87674832
2024-09-22 01:30:00,31.83938183
2024-09-22 02:00:00,31.11802337
2024-09-22 02:30:00,30.35202522
2024-09-22 03:00:00,29.84839843
2024-09-22 03:30:00,29.68475441
2024-09-22 04:00:00,29.58661756
2024-09-22 04:30:00,29.625604
2024-09-22 05:00:00,29.83382431
2024-09-22 05:30:00,30.47383467
2024-09-22 06:00:00,31.12241509
2024-09-22 06:30:00,32.49699564
2024-09-22 07:00:00,34.12331409
2024-09-22 07:30:00,35.10680487
2024-09-22 08:00:00,34.47875557
2024-09-22 08:30:00,33.90191911
2024-09-22 09:00:00,35.43697648
2024-09-22 09:30:00,34.94657387
2024-09-22 10:00:00,32.28300259
2024-09-22 10:30:00,30.7400852
2024-09-22 11:00:00,29.67258439
2024-09-22 11:30:00,30.05348118
2024-09-22 12:00:00,26.15796239
2024-09-22 12:30:00,27.14551486
2024-09-22 13:00:00,26.17720166
2024-09-22 13:30:00,27.15630381
2024-09-22 14:00:00,28.94712024
2024-09-22 14:30:00,28.3920167
2024-09-22 15:00:00,29.70053315
2024-09-22 15:30:00,30.72796201
2024-09-22 16:00:00,32.31159119
2024-09-22 16:30:00,35.51372918
2024-09-22 17:00:00,38.44369859
2024-09-22 17:30:00,42.71844631
2024-09-22 18:00:00,45.09878283
2024-09-22 18:30:00,48.33212163
2024-09-22 19:00:00,49.34407999
2024-09-22 19:30:00,49.09176929
2024-09-22 20:00:00,47.90243328
2024-09-22 20:30:00,46.93418759
2024-09-22 21:00:00,45.8281207
2024-09-22 21:30:00,43.85492974
2024-09-22 22:00:00,42.15327818
2024-09-22 22:30:00,41.19413488
2024-09-22 23:00:00,39.30542875
2024-09-22 23:30:00,36.74991149
2024-09-23 00:00:00,34.38357087
2024-09-23 00:30:00,32.49269977
2024-09-23 01:00:00,31.06911855
2024-09-23 01:30:00,30.27652323
2024-09-23 02:00:00,29.98525839
2024-09-23 02:30:00,29.53662978
2024-09-23 03:00:00,29.32865425
2024-09-23 03:30:00,29.4320997
2024-09-23 04:00:00,29.57364952
2024-09-23 04:30:00,30.47314245
2024-09-23 05:00:00,31.12975527
2024-09-23 05:30:00,33.24280541
2024-09-23 06:00:00,35.50272147
2024-09-23 06:30:00,40.10003498
2024-09-23 07:00:00,43.10751769
2024-09-23 07:30:00,45.4119027
2024-09-23 08:00:00,44.71679039
2024-09-23 08:30:00,43.49653044
2024-09-23 09:00:00,40.27982337
2024-09-23 09:30:00,37.72331386
2024-09-23 10:00:00,35.18765833
2024-09-23 10:30:00,33.85011721
2024-09-23 11:00:00,32.4495833
2024-09-23 11:30:00,31.1922911
2024-09-23 12:00:00,30.48895198
2024-09-23 12:30:00,31.06621202
2024-09-23 13:00:00,30.62801064
2024-09-23 13:30:00,31.0188842
2024-09-23 14:00:00,30.87749038
2024-09-23 14:30:00,32.02049576
2024-09-23 15:00:00,34.05769669
2024-09-23 15:30:00,35.88323079
2024-09-23 16:00:00,38.33948798
2024-09-23 16:30:00,41.14139771
2024-09-23 17:00:00,43.4937403
2024-09-23 17:30:00,45.59453503
2024-09-23 18:00:00,47.74891892
2024-09-23 18:30:00,49.77345573
2024-09-23 19:00:00,50.2241069
2024-09-23 19:30:00,48.00378358
2024-09-23 20:00:00,47.0613399
2024-09-23 20:30:00,45.89504458
2024-09-23 21:00:00,45.024432
2024-09-23 21:30:00,43.16181836
2024-09-23 22:00:00,40.64518957
2024-09-23 22:30:00,39.52823217
2024-09-23 23:00:00,37.88968336
2024-09-23 23:30:00,35.59112514
2024-09-24 00:00:00,33.13314755
2024-09-24 00:30:00,31.13648497
2024-09-24 01:00:00,29.85302637
2024-09-24 01:30:00,29.26813198
2024-09-24 02:00:00,28.76255208
2024-09-24 02:30:00,28.45410113
2024-09-24 03:00:00,28.31625312
2024-09-24 03:30:00,28.48354282
2024-09-24 04:00:00,28.64038954
2024-09-24 04:30:00,29.41552778
2024-09-24 05:00:00,30.22150226
2024-09-24 05:30:00,32.15513592
2024-09-24 06:00:00,34.1757505
2024-09-24 06:30:00,37.52726662
2024-09-24 07:00:00,39.63945955
2024-09-24 07:30:00,44.53687079
2024-09-24 08:00:00,46.14579437
2024-09-24 08:30:00,44.76321275
2024-09-24 09:00:00,41.98688868
2024-09-24 09:30:00,38.89123527
2024-09-24 10:00:00,36.04067717
2024-09-24 10:30:00,36.38936282
2024-09-24 11:00:00,37.81058759
2024-09-24 11:30:00,34.08959909
2024-09-24 12:00:00,32.96400625
2024-09-24 12:30:00,34.04330763
2024-09-24 13:00:00,33.32681732
2024-09-24 13:30:00,31.20323464
2024-09-24 14:00:00,34.44886497
2024-09-24 14:30:00,36.17648034
2024-09-24 15:00:00,37.91343988
2024-09-24 15:30:00,37.49422463
2024-09-24 16:00:00,38.58686049
2024-09-24 16:30:00,41.84976128
2024-09-24 17:00:00,45.78811399
2024-09-24 17:30:00,47.01832575
2024-09-24 18:00:00,48.3089375
2024-09-24 18:30:00,48.83330356
2024-09-24 19:00:00,48.99332429
2024-09-24 19:30:00,46.41311149
2024-09-24 20:00:00,45.44788102
2024-09-24 20:30:00,44.60059316
2024-09-24 21:00:00,43.22497663
2024-09-24 21:30:00,41.94606314
2024-09-24 22:00:00,39.72085968
2024-09-24 22:30:00,38.44923154
2024-09-24 23:00:00,36.75237889
2024-09-24 23:30:00,33.94338339
2024-09-25 00:00:00,31.62581616
2024-09-25 00:30:00,29.94015968
2024-09-25 01:00:00,28.76110881
2024-09-25 01:30:00,28.00613462
2024-09-25 02:00:00,27.28044771
2024-09-25 02:30:00,27.0183656
2024-09-25 03:00:00,26.77174374
2024-09-25 03:30:00,26.83682119
2024-09-25 04:00:00,26.99890894
2024-09-25 04:30:00,27.6381794
2024-09-25 05:00:00,28.03668005
2024-09-25 05:30:00,29.70795661
2024-09-25 06:00:00,31.05092323
2024-09-25 06:30:00,33.38030038
2024-09-25 07:00:00,35.64019507
2024-09-25 07:30:00,37.93050246
2024-09-25 08:00:00,39.40723949
2024-09-25 08:30:00,39.87740738
2024-09-25 09:00:00,41.4676663
2024-09-25 09:30:00,37.81653574
2024-09-25 10:00:00,36.9581734
2024-09-25 10:30:00,35.85954147
2024-09-25 11:00:00,38.54247126
2024-09-25 11:30:00,38.30936342
2024-09-25 12:00:00,36.61595228
2024-09-25 12:30:00,40.51699585
2024-09-25 13:00:00,41.42460566
2024-09-25 13:30:00,43.8485586
2024-09-25 14:00:00,46.21842151
2024-09-25 14:30:00,45.99908556
2024-09-25 15:00:00,45.43396137
2024-09-25 15:30:00,45.00210419
2024-09-25 16:00:00,46.06421731
2024-09-25 16:30:00,46.72118025
2024-09-25 17:00:00,48.12148655
2024-09-25 17:30:00,49.73965531
2024-09-25 18:00:00,51.18806013
2024-09-25 18:30:00,51.76547076
2024-09-25 19:00:00,51.7095475
2024-09-25 19:30:00,49.01423686
2024-09-25 20:00:00,47.77230528
2024-09-25 20:30:00,46.3443549
2024-09-25 21:00:00,44.96209662
2024-09-25 21:30:00,42.98171167
2024-09-25 22:00:00,40.71007245
2024-09-25 22:30:00,39.554654
2024-09-25 23:00:00,37.90235336
2024-09-25 23:30:00,35.28891617
2024-09-26 00:00:00,32.73451846
2024-09-26 00:30:00,30.99072018
2024-09-26 01:00:00,30.0366801
2024-09-26 01:30:00,29.2079186
2024-09-26 02:00:00,29.00310542
2024-09-26 02:30:00,29.20618825
2024-09-26 03:00:00,29.00729121
2024-09-26 03:30:00,29.2100815
2024-09-26 04:00:00,29.67144071
2024-09-26 04:30:00,30.61870719
2024-09-26 05:00:00,31.33461515
2024-09-26 05:30:00,32.9438195
2024-09-26 06:00:00,34.93710173
2024-09-26 06:30:00,39.5640014
2024-09-26 07:00:00,45.14157382
2024-09-26 07:30:00,50.85578006
2024-09-26 08:00:00,53.48547484
2024-09-26 08:30:00,55.48354177
2024-09-26 09:00:00,54.21520342
2024-09-26 09:30:00,55.70851164
2024-09-26 10:00:00,
2024-09-26 10:30:00,
2024-09-26 11:00:00,54.86439874
2024-09-26 11:30:00,
2024-09-26 12:00:00,
2024-09-26 12:30:00,
2024-09-26 13:00:00,50.5230134
2024-09-26 13:30:00,45.99644351
2024-09-26 14:00:00,42.64877588
2024-09-26 14:30:00,38.51263575
2024-09-26 15:00:00,39.03167558
2024-09-26 15:30:00,43.99306575
2024-09-26 16:00:00,45.41910077
2024-09-26 16:30:00,48.00594839
2024-09-26 17:00:00,49.6904845
2024-09-26 17:30:00,54.19399391
2024-09-26 18:00:00,56.86458593
2024-09-26 18:30:00,58.22259187
2024-09-26 19:00:00,59.28715982
2024-09-26 19:30:00,57.88496698
2024-09-26 20:00:00,56.72752195
2024-09-26 20:30:00,55.59017551
2024-09-26 21:00:00,54.3770259
2024-09-26 21:30:00,52.20393831
2024-09-26 22:00:00,49.49804589
2024-09-26 22:30:00,47.73039773
2024-09-26 23:00:00,45.077528
2024-09-26 23:30:00,41.89999943
2024-09-27 00:00:00,38.52108979
2024-09-27 00:30:00,36.41887326
2024-09-27 01:00:00,35.07058837
2024-09-27 01:30:00,34.06695597
2024-09-27 02:00:00,33.22687266
2024-09-27 02:30:00,32.8634721
2024-09-27 03:00:00,32.70292776
2024-09-27 03:30:00,32.95614444
2024-09-27 04:00:00,33.16532784
2024-09-27 04:30:00,34.19616572
2024-09-27 05:00:00,34.75095378
2024-09-27 05:30:00,37.20649402
2024-09-27 06:00:00,39.60310234
2024-09-27 06:30:00,44.50476414
2024-09-27 07:00:00,48.11398155
2024-09-27 07:30:00,51.73793095
2024-09-27 08:00:00,50.92616296
2024-09-27 08:30:00,48.74063715
2024-09-27 09:00:00,46.25424051
2024-09-27 09:30:00,45.50834032
2024-09-27 10:00:00,42.30818909
2024-09-27 10:30:00,39.22655388
2024-09-27 11:00:00,39.16812694
2024-09-27 11:30:00,40.35544531
2024-09-27 12:00:00,37.84305037
2024-09-27 12:30:00,36.17958193
2024-09-27 13:00:00,35.22330179
2024-09-27 13:30:00,33.85311111
2024-09-27 14:00:00,33.60969335
2024-09-27 14:30:00,34.54159419
2024-09-27 15:00:00,35.753648
2024-09-27 15:30:00,37.01353444
2024-09-27 16:00:00,39.24758811
2024-09-27 16:30:00,42.34849181
2024-09-27 17:00:00,46.38604837
2024-09-27 17:30:00,49.89370364
2024-09-27 18:00:00,53.41822395
2024-09-27 18:30:00,55.29653589
2024-09-27 19:00:00,56.49070357
2024-09-27 19:30:00,55.50324583
2024-09-27 20:00:00,54.89114562
2024-09-27 20:30:00,53.88225334
2024-09-27 21:00:00,53.13955468
2024-09-27 21:30:00,50.76933135
2024-09-27 22:00:00,48.24779707
2024-09-27 22:30:00,46.72032095
2024-09-27 23:00:00,44.56358436
2024-09-27 23:30:00,41.58446073
2024-09-28 00:00:00,39.09528575
2024-09-28 00:30:00,36.83251181
2024-09-28 01:00:00,35.41982788
2024-09-28 01:30:00,34.37835656
2024-09-28 02:00:00,33.54836872
2024-09-28 02:30:00,32.86521435
2024-09-28 03:00:00,32.5175892
2024-09-28 03:30:00,32.53893233
2024-09-28 04:00:00,32.59537361
2024-09-28 04:30:00,32.91831318
2024-09-28 05:00:00,33.24989161
2024-09-28 05:30:00,34.22292777
2024-09-28 06:00:00,35.26345443
2024-09-28 06:30:00,37.08141181
2024-09-28 07:00:00,38.54732462
2024-09-28 07:30:00,39.77577655
2024-09-28 08:00:00,39.48244354
2024-09-28 08:30:00,38.34379054
2024-09-28 09:00:00,38.8857543
2024-09-28 09:30:00,40.34613429
2024-09-28 10:00:00,39.27644042
2024-09-28 10:30:00,39.20977939
2024-09-28 11:00:00,37.44840848
2024-09-28 11:30:00,37.00263092
2024-09-28 12:00:00,34.79772368
2024-09-28 12:30:00,33.47269862
2024-09-28 13:00:00,30.87878407
2024-09-28 13:30:00,29.59253643
2024-09-28 14:00:00,28.97292362
2024-09-28 14:30:00,29.09568282
2024-09-28 15:00:00,30.36823676
2024-09-28 15:30:00,31.91202169
2024-09-28 16:00:00,33.15609343
2024-09-28 16:30:00,35.89039406
2024-09-28 17:00:00,38.80983567
2024-09-28 17:30:00,41.75915092
2024-09-28 18:00:00,44.24448103
2024-09-28 18:30:00,46.98742969
2024-09-28 19:00:00,48.35556357
2024-09-28 19:30:00,47.93009019
2024-09-28 20:00:00,47.76525023
2024-09-28 20:30:00,46.88618963
2024-09-28 21:00:00,46.10410412
2024-09-28 21:30:00,44.66658183
2024-09-28 22:00:00,43.08038001
2024-09-28 22:30:00,42.78595489
2024-09-28 23:00:00,41.30031089
2024-09-28 23:30:00,38.79354707
2024-09-29 00:00:00,36.43870548
2024-09-29 00:30:00,34.56691639
2024-09-29 01:00:00,32.96480223
2024-09-29 01:30:00,32.15999538
2024-09-29 02:00:00,31.54640911
2024-09-29 02:30:00,30.8512831
2024-09-29 03:00:00,30.52953292
2024-09-29 03:30:00,30.19865678
2024-09-29 04:00:00,30.0613108
2024-09-29 04:30:00,30.2393745
2024-09-29 05:00:00,30.43885146
2024-09-29 05:30:00,30.93884579
2024-09-29 06:00:00,31.33714938
2024-09-29 06:30:00,31.7040836
2024-09-29 07:00:00,31.13813864
2024-09-29 07:30:00,31.25818388
2024-09-29 08:00:00,33.22628728
2024-09-29 08:30:00,33.03612933
2024-09-29 09:00:00,32.88836445
2024-09-29 09:30:00,29.74239029
2024-09-29 10:00:00,27.39214424
2024-09-29 10:30:00,27.33832302
2024-09-29 11:00:00,26.87433255
2024-09-29 11:30:00,29.67836587
2024-09-29 12:00:00,28.19229784
2024-09-29 12:30:00,34.54034515
2024-09-29 13:00:00,28.61352014
2024-09-29 13:30:00,26.32087699
2024-09-29 14:00:00,26.30306582
2024-09-29 14:30:00,27.82918471
2024-09-29 15:00:00,30.91410202
2024-09-29 15:30:00,30.94100013
2024-09-29 16:00:00,36.93966094
2024-09-29 16:30:00,38.91852601
2024-09-29 17:00:00,40.92139428
2024-09-29 17:30:00,43.66576644
2024-09-29 18:00:00,45.59093333
2024-09-29 18:30:00,47.38892803
2024-09-29 19:00:00,47.78494696
2024-09-29 19:30:00,47.11132928
2024-09-29 20:00:00,45.65341033
2024-09-29 20:30:00,44.68340317
2024-09-29 21:00:00,43.84596279
2024-09-29 21:30:00,42.00868295
2024-09-29 22:00:00,40.06548102
2024-09-29 22:30:00,39.04432767
2024-09-29 23:00:00,37.14526822
2024-09-29 23:30:00,34.63429219
2024-09-30 00:00:00,32.53810888
2024-09-30 00:30:00,30.82186546
2024-09-30 01:00:00,29.91029727
2024-09-30 01:30:00,29.13669407
2024-09-30 02:00:00,28.44263333
2024-09-30 02:30:00,28.00526504
2024-09-30 03:00:00,27.83869835
2024-09-30 03:30:00,27.88873049
2024-09-30 04:00:00,28.00493311
2024-09-30 04:30:00,28.88549633
2024-09-30 05:00:00,29.58073102
2024-09-30 05:30:00,31.36144382
2024-09-30 06:00:00,33.03191311
2024-09-30 06:30:00,36.40715164
2024-09-30 07:00:00,38.41452418
2024-09-30 07:30:00,40.65805309
2024-09-30 08:00:00,41.0335611
2024-09-30 08:30:00,39.21675529
2024-09-30 09:00:00,38.60865691
2024-09-30 09:30:00,36.44789426
2024-09-30 10:00:00,34.39435078
2024-09-30 10:30:00,35.17553026
2024-09-30 11:00:00,35.3746675
2024-09-30 11:30:00,32.53967273
2024-09-30 12:00:00,36.854232089999996
2024-09-30 12:30:00,33.6763601
2024-09-30 13:00:00,32.72778007
2024-09-30 13:30:00,31.74589956
2024-09-30 14:00:00,32.4735655
2024-09-30 14:30:00,37.15478857
2024-09-30 15:00:00,40.8527191
2024-09-30 15:30:00,41.91421808
2024-09-30 16:00:00,38.80274472
2024-09-30 16:30:00,37.73845172
2024-09-30 17:00:00,40.41954299
2024-09-30 17:30:00,43.61196014
2024-09-30 18:00:00,46.91755396
2024-09-30 18:30:00,48.59664946
2024-09-30 19:00:00,49.56591599
2024-09-30 19:30:00,47.3649241
2024-09-30 20:00:00,45.9467714
2024-09-30 20:30:00,44.70537119
2024-09-30 21:00:00,43.93622955
2024-09-30 21:30:00,42.24010698
2024-09-30 22:00:00,40.38726472
2024-09-30 22:30:00,39.32569484
2024-09-30 23:00:00,37.62051495
2024-09-30 23:30:00,35.16362086
2024-10-01 00:00:00,32.90315216
2024-10-01 00:30:00,30.96225229
2024-10-01 01:00:00,30.0411177
2024-10-01 01:30:00,29.14317188
2024-10-01 02:00:00,28.81935231
2024-10-01 02:30:00,28.44919653
2024-10-01 03:00:00,28.25796544
2024-10-01 03:30:00,28.46673708
2024-10-01 04:00:00,28.8489764
2024-10-01 04:30:00,29.73838496
2024-10-01 05:00:00,30.14854774
2024-10-01 05:30:00,31.59284229
2024-10-01 06:00:00,33.07680138
2024-10-01 06:30:00,36.72715761
2024-10-01 07:00:00,39.86392746
2024-10-01 07:30:00,43.64635011
2024-10-01 08:00:00,45.46014783
2024-10-01 08:30:00,46.32679109
2024-10-01 09:00:00,45.26970327
2024-10-01 09:30:00,41.42944041
2024-10-01 10:00:00,36.09888835
2024-10-01 10:30:00,33.54837922
2024-10-01 11:00:00,31.92316432
2024-10-01 11:30:00,30.34876071
2024-10-01 12:00:00,29.55741964
2024-10-01 12:30:00,30.18750274
2024-10-01 13:00:00,29.98143014
2024-10-01 13:30:00,30.30446247
2024-10-01 14:00:00,31.401621
2024-10-01 14:30:00,32.80948455
2024-10-01 15:00:00,33.65230739
2024-10-01 15:30:00,35.15294216
2024-10-01 16:00:00,37.24150907
2024-10-01 16:30:00,40.17188847
2024-10-01 17:00:00,43.01432088
2024-10-01 17:30:00,45.3395978
2024-10-01 18:00:00,47.03541495
2024-10-01 18:30:00,48.13469554
2024-10-01 19:00:00,49.12647505
2024-10-01 19:30:00,47.27805842
2024-10-01 20:00:00,46.26812471
2024-10-01 20:30:00,45.34518436
2024-10-01 21:00:00,44.28517204
2024-10-01 21:30:00,42.51670673
2024-10-01 22:00:00,40.66777685
2024-10-01 22:30:00,39.54936112
2024-10-01 23:00:00,37.51028307
2024-10-01 23:30:00,35.23861363
2024-10-02 00:00:00,33.0196835
2024-10-02 00:30:00,31.07455296
2024-10-02 01:00:00,29.91748414
2024-10-02 01:30:00,29.0961823
2024-10-02 02:00:00,28.5216977
2024-10-02 02:30:00,28.24451946
2024-10-02 03:00:00,27.75368252
2024-10-02 03:30:00,27.75809828
2024-10-02 04:00:00,27.86514962
2024-10-02 04:30:00,28.53785112
2024-10-02 05:00:00,28.95822072
2024-10-02 05:30:00,30.02725086
2024-10-02 06:00:00,31.47162633
2024-10-02 06:30:00,33.75754975
2024-10-02 07:00:00,36.99549136
2024-10-02 07:30:00,41.1890253
2024-10-02 08:00:00,41.99740618
2024-10-02 08:30:00,42.36031726
2024-10-02 09:00:00,37.59666486
2024-10-02 09:30:00,37.36436162
2024-10-02 10:00:00,36.9239192
2024-10-02 10:30:00,32.77804227
2024-10-02 11:00:00,31.40833953
2024-10-02 11:30:00,33.51472325
2024-10-02 12:00:00,33.75118218
2024-10-02 12:30:00,36.51757481
2024-10-02 13:00:00,33.86754322
2024-10-02 13:30:00,29.90955533
2024-10-02 14:00:00,31.46300835
2024-10-02 14:30:00,32.1612528
2024-10-02 15:00:00,34.40996249
2024-10-02 15:30:00,34.88241294
2024-10-02 16:00:00,37.17332905
2024-10-02 16:30:00,40.25308382
2024-10-02 17:00:00,43.02221446
2024-10-02 17:30:00,45.47084449
2024-10-02 18:00:00,47.38818466
2024-10-02 18:30:00,48.0310108
2024-10-02 19:00:00,48.99856086
2024-10-02 19:30:00,47.56138514
2024-10-02 20:00:00,47.05531213
2024-10-02 20:30:00,45.84259296
2024-10-02 21:00:00,45.10029452
2024-10-02 21:30:00,43.38962857
2024-10-02 22:00:00,41.26602577
2024-10-02 22:30:00,40.10615165
2024-10-02 23:00:00,38.18919581
2024-10-02 23:30:00,35.63441253
2024-10-03 00:00:00,33.36222036
2024-10-03 00:30:00,31.41311015
2024-10-03 01:00:00,30.15451248
2024-10-03 01:30:00,29.26872055
2024-10-03 02:00:00,28.91228607
2024-10-03 02:30:00,28.61065384
2024-10-03 03:00:00,28.52826806
2024-10-03 03:30:00,28.67822092
2024-10-03 04:00:00,28.75578158
2024-10-03 04:30:00,29.36054605
2024-10-03 05:00:00,29.78779525
2024-10-03 05:30:00,31.21642868
2024-10-03 06:00:00,32.66783429
2024-10-03 06:30:00,35.84580953
2024-10-03 07:00:00,38.12046921
2024-10-03 07:30:00,41.92058399
2024-10-03 08:00:00,40.89801235
2024-10-03 08:30:00,40.33894335
2024-10-03 09:00:00,37.17482182
2024-10-03 09:30:00,34.96862967
2024-10-03 10:00:00,32.95666936
2024-10-03 10:30:00,32.36012996
2024-10-03 11:00:00,30.69798028
2024-10-03 11:30:00,29.45265419
2024-10-03 12:00:00,28.93964068
2024-10-03 12:30:00,29.55966656
2024-10-03 13:00:00,30.13456872
2024-10-03 13:30:00,29.94262342
2024-10-03 14:00:00,30.98624065
2024-10-03 14:30:00,32.05478536
2024-10-03 15:00:00,33.02166232
2024-10-03 15:30:00,35.04711899
2024-10-03 16:00:00,37.40663321
2024-10-03 16:30:00,40.34796468
2024-10-03 17:00:00,43.40767586
2024-10-03 17:30:00,45.53365645
2024-10-03 18:00:00,46.69080029
2024-10-03 18:30:00,47.52606413
2024-10-03 19:00:00,47.77823907
2024-10-03 19:30:00,45.82368959
2024-10-03 20:00:00,44.91101689
2024-10-03 20:30:00,44.01589047
2024-10-03 21:00:00,43.48540037
2024-10-03 21:30:00,41.20246969
2024-10-03 22:00:00,39.65528555
2024-10-03 22:30:00,38.9104183
2024-10-03 23:00:00,37.24626832
2024-10-03 23:30:00,34.66521688
2024-10-04 00:00:00,32.49938
2024-10-04 00:30:00,30.64043247
2024-10-04 01:00:00,29.70232953
2024-10-04 01:30:00,28.93006171
2024-10-04 02:00:00,28.35491478
2024-10-04 02:30:00,28.04166805
2024-10-04 03:00:00,27.7127497
2024-10-04 03:30:00,27.80208889
2024-10-04 04:00:00,27.94591082
2024-10-04 04:30:00,28.76863978
2024-10-04 05:00:00,29.31648794
2024-10-04 05:30:00,30.72936355
2024-10-04 06:00:00,32.04082291
2024-10-04 06:30:00,35.16316839
2024-10-04 07:00:00,37.52058144
2024-10-04 07:30:00,38.25399461
2024-10-04 08:00:00,37.79013825
2024-10-04 08:30:00,37.75910546
2024-10-04 09:00:00,39.35014096
2024-10-04 09:30:00,35.90223684
2024-10-04 10:00:00,36.35052977
2024-10-04 10:30:00,38.18372477
2024-10-04 11:00:00,38.87846453
2024-10-04 11:30:00,37.35048061
2024-10-04 12:00:00,40.97893708
2024-10-04 12:30:00,39.20350428
2024-10-04 13:00:00,42.14300233
2024-10-04 13:30:00,42.60785531
2024-10-04 14:00:00,44.09669809
2024-10-04 14:30:00,41.03672103
2024-10-04 15:00:00,37.07336145
2024-10-04 15:30:00,35.15307339
2024-10-04 16:00:00,40.1388776
2024-10-04 16:30:00,42.76573997
2024-10-04 17:00:00,44.83864869
2024-10-04 17:30:00,46.17619361
2024-10-04 18:00:00,48.06603867
2024-10-04 18:30:00,48.58483082
2024-10-04 19:00:00,48.58938296
2024-10-04 19:30:00,46.16244859
2024-10-04 20:00:00,45.03188743
2024-10-04 20:30:00,44.07616846
2024-10-04 21:00:00,42.96746165
2024-10-04 21:30:00,40.9749224
2024-10-04 22:00:00,39.18000244
2024-10-04 22:30:00,38.24825019
2024-10-04 23:00:00,37.00829018
2024-10-04 23:30:00,34.98345247
2024-10-05 00:00:00,32.68636867
2024-10-05 00:30:00,30.81424122
2024-10-05 01:00:00,29.60674906
2024-10-05 01:30:00,28.66071174
2024-10-05 02:00:00,28.16078762
2024-10-05 02:30:00,27.70531065
2024-10-05 03:00:00,27.12203531
2024-10-05 03:30:00,27.08795612
2024-10-05 04:00:00,26.99569859
2024-10-05 04:30:00,27.23258066
2024-10-05 05:00:00,27.42767866
2024-10-05 05:30:00,28.01334307
2024-10-05 06:00:00,28.039415
2024-10-05 06:30:00,28.6519417
2024-10-05 07:00:00,27.90357687
2024-10-05 07:30:00,27.61461527
2024-10-05 08:00:00,26.96268457
2024-10-05 08:30:00,26.12246684
2024-10-05 09:00:00,28.75373683
2024-10-05 09:30:00,29.24660067
2024-10-05 10:00:00,25.87509324
2024-10-05 10:30:00,26.40649403
2024-10-05 11:00:00,26.38082217
2024-10-05 11:30:00,25.20440591
2024-10-05 12:00:00,26.03500112
2024-10-05 12:30:00,29.11136433
2024-10-05 13:00:00,30.51874591
2024-10-05 13:30:00,23.90425941
2024-10-05 14:00:00,25.35817745
2024-10-05 14:30:00,31.96070145
2024-10-05 15:00:00,29.59776998
2024-10-05 15:30:00,29.58714595
2024-10-05 16:00:00,30.71786959
2024-10-05 16:30:00,34.19968011
2024-10-05 17:00:00,37.12606499
2024-10-05 17:30:00,39.3086367
2024-10-05 18:00:00,40.74663053
2024-10-05 18:30:00,42.21054088
2024-10-05 19:00:00,42.6453566
2024-10-05 19:30:00,42.14023122
2024-10-05 20:00:00,40.92270976
2024-10-05 20:30:00,40.06791074
2024-10-05 21:00:00,39.45755951
2024-10-05 21:30:00,38.33096917
2024-10-05 22:00:00,37.17679399
2024-10-05 22:30:00,36.87000639
2024-10-05 23:00:00,35.42985918
2024-10-05 23:30:00,33.76835877
2024-10-06 00:00:00,31.9844025
2024-10-06 00:30:00,30.44493226
2024-10-06 01:00:00,
2024-10-06 01:30:00,
2024-10-06 02:00:00,27.26704546
2024-10-06 02:30:00,27.17421868
2024-10-06 03:00:00,27.21373828
2024-10-06 03:30:00,27.66852621
2024-10-06 04:00:00,28.03134783
2024-10-06 04:30:00,28.7818396
2024-10-06 05:00:00,29.26149714
2024-10-06 05:30:00,30.16600739
2024-10-06 06:00:00,29.62517304
2024-10-06 06:30:00,28.46980574
2024-10-06 07:00:00,27.59033581
2024-10-06 07:30:00,26.75144424
2024-10-06 08:00:00,26.37832573
2024-10-06 08:30:00,27.19697709
2024-10-06 09:00:00,26.77836879
2024-10-06 09:30:00,27.52236294
2024-10-06 10:00:00,28.50091222
2024-10-06 10:30:00,28.64898414
2024-10-06 11:00:00,28.60980131
2024-10-06 11:30:00,32.33882496
2024-10-06 12:00:00,31.92134224
2024-10-06 12:30:00,34.56846211
2024-10-06 13:00:00,36.17538473
2024-10-06 13:30:00,36.91452985
2024-10-06 14:00:00,37.59346044
2024-10-06 14:30:00,36.23896093
2024-10-06 15:00:00,36.21491792
2024-10-06 15:30:00,35.70826807
2024-10-06 16:00:00,36.96589296
2024-10-06 16:30:00,38.5199822
2024-10-06 17:00:00,40.17629898
2024-10-06 17:30:00,41.43467521
2024-10-06 18:00:00,41.62452495
2024-10-06 18:30:00,40.88810808
2024-10-06 19:00:00,40.34071433
2024-10-06 19:30:00,39.20698631
2024-10-06 20:00:00,38.15620289
2024-10-06 20:30:00,36.82494174
2024-10-06 21:00:00,35.35222802
2024-10-06 21:30:00,35.09038478
2024-10-06 22:00:00,33.79197529
2024-10-06 22:30:00,31.82239148
2024-10-06 23:00:00,30.21644417
2024-10-06 23:30:00,29.34941092
2024-10-07 00:00:00,28.44123584
2024-10-07 00:30:00,28.18288461
2024-10-07 01:00:00,27.60576279
2024-10-07 01:30:00,27.5094103
2024-10-07 02:00:00,27.36235163
2024-10-07 02:30:00,27.66274558
2024-10-07 03:00:00,27.81338946
2024-10-07 03:30:00,28.6039516
2024-10-07 04:00:00,29.34454829
2024-10-07 04:30:00,31.05205391
2024-10-07 05:00:00,31.9878422
2024-10-07 05:30:00,34.30111933
2024-10-07 06:00:00,33.83550241
2024-10-07 06:30:00,32.5016695
2024-10-07 07:00:00,30.89704478
2024-10-07 07:30:00,29.79958216
2024-10-07 08:00:00,28.57598806
2024-10-07 08:30:00,28.67539804
2024-10-07 09:00:00,27.22275756
2024-10-07 09:30:00,27.04010853
2024-10-07 10:00:00,28.77573066
2024-10-07 10:30:00,30.73472419
2024-10-07 11:00:00,29.51153079
2024-10-07 11:30:00,30.88452998
2024-10-07 12:00:00,31.1525959
2024-10-07 12:30:00,28.67807272
2024-10-07 13:00:00,29.90889536
2024-10-07 13:30:00,31.43318804
2024-10-07 14:00:00,30.97326576
2024-10-07 14:30:00,30.11608496
2024-10-07 15:00:00,32.712084
2024-10-07 15:30:00,34.50308778
2024-10-07 16:00:00,38.87022314
2024-10-07 16:30:00,40.62527918
2024-10-07 17:00:00,42.00353838
2024-10-07 17:30:00,42.7409567
2024-10-07 18:00:00,43.09272784
2024-10-07 18:30:00,41.93373965
2024-10-07 19:00:00,40.79975397
2024-10-07 19:30:00,39.31002032
2024-10-07 20:00:00,37.51001333
2024-10-07 20:30:00,35.69234937
2024-10-07 21:00:00,33.94405116
2024-10-07 21:30:00,33.1618126
2024-10-07 22:00:00,32.1794269
2024-10-07 22:30:00,30.45138646
2024-10-07 23:00:00,28.86448707
2024-10-07 23:30:00,27.8769815
2024-10-08 00:00:00,27.12141267
2024-10-08 00:30:00,26.66092485
2024-10-08 01:00:00,26.36374309
2024-10-08 01:30:00,26.53077216
2024-10-08 02:00:00,26.53619649
2024-10-08 02:30:00,27.02125385
2024-10-08 03:00:00,27.396412
2024-10-08 03:30:00,28.56588058
2024-10-08 04:00:00,30.24525283
2024-10-08 04:30:00,33.64508365
2024-10-08 05:00:00,36.41003093
2024-10-08 05:30:00,41.46902543
2024-10-08 06:00:00,44.75743585
2024-10-08 06:30:00,46.44716427
2024-10-08 07:00:00,47.18431282
2024-10-08 07:30:00,47.43258253
2024-10-08 08:00:00,47.16313049
2024-10-08 08:30:00,46.66473928
2024-10-08 09:00:00,44.65154466
2024-10-08 09:30:00,39.69668364
2024-10-08 10:00:00,36.6080876
2024-10-08 10:30:00,36.52127244
2024-10-08 11:00:00,37.93640871
2024-10-08 11:30:00,34.56587193
2024-10-08 12:00:00,33.51309957
2024-10-08 12:30:00,32.37945362
2024-10-08 13:00:00,31.49684306
2024-10-08 13:30:00,31.75404404
2024-10-08 14:00:00,32.83275717
2024-10-08 14:30:00,34.28012315
2024-10-08 15:00:00,38.80685813
2024-10-08 15:30:00,41.69264455
2024-10-08 16:00:00,43.53597284
2024-10-08 16:30:00,44.51376856
2024-10-08 17:00:00,47.29588733
2024-10-08 17:30:00,48.08423849
2024-10-08 18:00:00,48.7681227
2024-10-08 18:30:00,48.16012072
2024-10-08 19:00:00,47.08322661
2024-10-08 19:30:00,44.6321484
2024-10-08 20:00:00,42.56443258
2024-10-08 20:30:00,40.13810931
2024-10-08 21:00:00,37.75072433
2024-10-08 21:30:00,36.78951605
2024-10-08 22:00:00,35.24445127
2024-10-08 22:30:00,33.04596009
2024-10-08 23:00:00,31.19887568
2024-10-08 23:30:00,30.11551387
2024-10-09 00:00:00,29.42345593
2024-10-09 00:30:00,28.86948411
2024-10-09 01:00:00,28.7438448
2024-10-09 01:30:00,28.73618927
2024-10-09 02:00:00,28.78396683
2024-10-09 02:30:00,29.47351228
2024-10-09 03:00:00,29.8322134
2024-10-09 03:30:00,31.33967422
2024-10-09 04:00:00,33.33232638
2024-10-09 04:30:00,37.84109108
2024-10-09 05:00:00,41.58555763
2024-10-09 05:30:00,46.30908754
2024-10-09 06:00:00,47.67847553
2024-10-09 06:30:00,46.55444453
2024-10-09 07:00:00,44.38595812
2024-10-09 07:30:00,41.62746302
2024-10-09 08:00:00,37.61075889
2024-10-09 08:30:00,36.15582837
2024-10-09 09:00:00,36.00190374
2024-10-09 09:30:00,36.40080123
2024-10-09 10:00:00,36.05587285
2024-10-09 10:30:00,35.67491608
2024-10-09 11:00:00,35.84194548
2024-10-09 11:30:00,36.16127623
2024-10-09 12:00:00,34.15059528
2024-10-09 12:30:00,33.34177251
2024-10-09 13:00:00,29.49142295
2024-10-09 13:30:00,30.79198745
2024-10-09 14:00:00,32.13956261
2024-10-09 14:30:00,33.52631326
2024-10-09 15:00:00,37.00850412
2024-10-09 15:30:00,39.55007473
2024-10-09 16:00:00,42.51641221
2024-10-09 16:30:00,44.07453089
2024-10-09 17:00:00,45.83906937
2024-10-09 17:30:00,46.61314992
2024-10-09 18:00:00,47.75033299
2024-10-09 18:30:00,47.33143539
2024-10-09 19:00:00,46.44332905
2024-10-09 19:30:00,44.84647447
2024-10-09 20:00:00,43.37763402
2024-10-09 20:30:00,40.90384085
2024-10-09 21:00:00,38.26433464
2024-10-09 21:30:00,37.13361194
2024-10-09 22:00:00,35.89969172
2024-10-09 22:30:00,33.54674937
2024-10-09 23:00:00,31.79548262
2024-10-09 23:30:00,30.64446245
2024-10-10 00:00:00,30.0333279
2024-10-10 00:30:00,29.59338142
2024-10-10 01:00:00,29.17718851
2024-10-10 01:30:00,29.18616899
2024-10-10 02:00:00,29.28597438
2024-10-10 02:30:00,29.97884681
2024-10-10 03:00:00,30.35494744
2024-10-10 03:30:00,31.78919399
2024-10-10 04:00:00,33.74942551
2024-10-10 04:30:00,37.99677441
2024-10-10 05:00:00,41.9274921
2024-10-10 05:30:00,47.08506116
2024-10-10 06:00:00,48.00375675
2024-10-10 06:30:00,46.67782909
2024-10-10 07:00:00,43.87179366
2024-10-10 07:30:00,40.10895754
2024-10-10 08:00:00,36.88147138
2024-10-10 08:30:00,33.99983283
2024-10-10 09:00:00,32.32706529
2024-10-10 09:30:00,31.22877851
2024-10-10 10:00:00,30.36689391
2024-10-10 10:30:00,29.85326672
2024-10-10 11:00:00,29.32906297
2024-10-10 11:30:00,29.53281352
2024-10-10 12:00:00,29.14461958
2024-10-10 12:30:00,29.21043679
2024-10-10 13:00:00,29.66840147
2024-10-10 13:30:00,30.86081398
2024-10-10 14:00:00,35.3690722
2024-10-10 14:30:00,34.35041098
2024-10-10 15:00:00,38.16819963
2024-10-10 15:30:00,40.25823491
2024-10-10 16:00:00,42.54942923
2024-10-10 16:30:00,42.96329876
2024-10-10 17:00:00,43.95479176
2024-10-10 17:30:00,43.71958452
2024-10-10 18:00:00,44.60933588
2024-10-10 18:30:00,43.75061124
2024-10-10 19:00:00,42.85703888
2024-10-10 19:30:00,41.33024662
2024-10-10 20:00:00,39.63640404
2024-10-10 20:30:00,37.63658287
2024-10-10 21:00:00,35.8050781
2024-10-10 21:30:00,34.61036384
2024-10-10 22:00:00,33.25113275
2024-10-10 22:30:00,31.69876892
2024-10-10 23:00:00,30.07963858
2024-10-10 23:30:00,28.98027317
2024-10-11 00:00:00,28.17737359
2024-10-11 00:30:00,27.57031201
2024-10-11 01:00:00,27.29353225
2024-10-11 01:30:00,27.33498511
2024-10-11 02:00:00,27.47536252
2024-10-11 02:30:00,28.00619217
2024-10-11 03:00:00,28.46216348
2024-10-11 03:30:00,29.58580264
2024-10-11 04:00:00,30.97964674
2024-10-11 04:30:00,34.09478747
2024-10-11 05:00:00,37.16812367
2024-10-11 05:30:00,41.26893527
2024-10-11 06:00:00,42.11461987
2024-10-11 06:30:00,42.95906326
2024-10-11 07:00:00,42.46164325
2024-10-11 07:30:00,39.10276262
2024-10-11 08:00:00,35.3533685
2024-10-11 08:30:00,32.99539384
2024-10-11 09:00:00,32.14160283
2024-10-11 09:30:00,31.68500463
2024-10-11 10:00:00,30.88345818
2024-10-11 10:30:00,30.66356576
2024-10-11 11:00:00,30.78072248
2024-10-11 11:30:00,31.21583655
2024-10-11 12:00:00,30.52383552
2024-10-11 12:30:00,30.50850725
2024-10-11 13:00:00,32.25841462
2024-10-11 13:30:00,35.55568262
2024-10-11 14:00:00,36.38294583
2024-10-11 14:30:00,37.70117065
2024-10-11 15:00:00,39.37798259
2024-10-11 15:30:00,41.96724683
2024-10-11 16:00:00,43.3911836
2024-10-11 16:30:00,44.09705629
2024-10-11 17:00:00,44.84943922
2024-10-11 17:30:00,43.842374
2024-10-11 18:00:00,43.90845475
2024-10-11 18:30:00,43.17267362
2024-10-11 19:00:00,41.8957797
2024-10-11 19:30:00,39.8222118
2024-10-11 20:00:00,37.92161057
2024-10-11 20:30:00,36.42339768
2024-10-11 21:00:00,34.47649211
2024-10-11 21:30:00,34.06452466
2024-10-11 22:00:00,32.91056649
2024-10-11 22:30:00,30.92605745
2024-10-11 23:00:00,29.54428801
2024-10-11 23:30:00,28.60443042
2024-10-12 00:00:00,27.8267839
2024-10-12 00:30:00,27.37473997
2024-10-12 01:00:00,26.77703609
2024-10-12 01:30:00,26.54114372
2024-10-12 02:00:00,26.45591799
2024-10-12 02:30:00,26.53043936
2024-10-12 03:00:00,26.74800018
2024-10-12 03:30:00,27.23783285
2024-10-12 04:00:00,27.8915044
2024-10-12 04:30:00,28.79120882
2024-10-12 05:00:00,29.68566059
2024-10-12 05:30:00,31.07760811
2024-10-12 06:00:00,32.15893388
2024-10-12 06:30:00,33.83837208
2024-10-12 07:00:00,34.33161465
2024-10-12 07:30:00,35.84520412
2024-10-12 08:00:00,33.73336346
2024-10-12 08:30:00,28.98500447
2024-10-12 09:00:00,28.84811431
2024-10-12 09:30:00,28.58193643
2024-10-12 10:00:00,28.28845963
2024-10-12 10:30:00,26.67699439
2024-10-12 11:00:00,25.43204434
2024-10-12 11:30:00,23.83726632
2024-10-12 12:00:00,22.6650821
2024-10-12 12:30:00,22.10871889
2024-10-12 13:00:00,22.50016099
2024-10-12 13:30:00,23.23190127
2024-10-12 14:00:00,24.80481695
2024-10-12 14:30:00,26.56390879
2024-10-12 15:00:00,29.36794096
2024-10-12 15:30:00,33.03734675
2024-10-12 16:00:00,35.46933753
2024-10-12 16:30:00,38.4580985
2024-10-12 17:00:00,38.68313447
2024-10-12 17:30:00,40.10484739
2024-10-12 18:00:00,41.53277442
2024-10-12 18:30:00,41.27197618
2024-10-12 19:00:00,40.69577952
2024-10-12 19:30:00,39.56982038
2024-10-12 20:00:00,38.17698449
2024-10-12 20:30:00,37.12080943
2024-10-12 21:00:00,35.82703395
2024-10-12 21:30:00,35.50147897
2024-10-12 22:00:00,34.43209811
2024-10-12 22:30:00,32.61237113
2024-10-12 23:00:00,30.99235316
2024-10-12 23:30:00,29.89837717
2024-10-13 00:00:00,29.24110461
2024-10-13 00:30:00,28.62645053
2024-10-13 01:00:00,27.97994379
2024-10-13 01:30:00,27.84492648
2024-10-13 02:00:00,27.64586911
2024-10-13 02:30:00,27.78183418
2024-10-13 03:00:00,27.77610725
2024-10-13 03:30:00,28.41590787
2024-10-13 04:00:00,28.82337237
2024-10-13 04:30:00,29.95182117
2024-10-13 05:00:00,30.70622196
2024-10-13 05:30:00,31.51689466
2024-10-13 06:00:00,31.37612833
2024-10-13 06:30:00,30.53963189
2024-10-13 07:00:00,29.18331538
2024-10-13 07:30:00,27.81715186
2024-10-13 08:00:00,26.28065624
2024-10-13 08:30:00,25.79693036
2024-10-13 09:00:00,25.77017971
2024-10-13 09:30:00,23.63737471
2024-10-13 10:00:00,22.57277953
2024-10-13 10:30:00,22.09980388
2024-10-13 11:00:00,21.34685438
2024-10-13 11:30:00,21.4797313
2024-10-13 12:00:00,21.43429109
2024-10-13 12:30:00,21.63154351
2024-10-13 13:00:00,22.28057537
2024-10-13 13:30:00,23.37874978
2024-10-13 14:00:00,24.91504444
2024-10-13 14:30:00,26.30040798
2024-10-13 15:00:00,29.28759119
2024-10-13 15:30:00,34.54266837
2024-10-13 16:00:00,35.88858638
2024-10-13 16:30:00,37.88446737
2024-10-13 17:00:00,39.35209346
2024-10-13 17:30:00,41.09258839
2024-10-13 18:00:00,41.94835601
2024-10-13 18:30:00,41.48864213
2024-10-13 19:00:00,40.87993461
2024-10-13 19:30:00,39.53846769
2024-10-13 20:00:00,38.01938331
2024-10-13 20:30:00,35.92004687
2024-10-13 21:00:00,33.92353606
2024-10-13 21:30:00,33.43621688
2024-10-13 22:00:00,32.49511607
2024-10-13 22:30:00,30.72747172
2024-10-13 23:00:00,29.25362433
2024-10-13 23:30:00,28.32420502
2024-10-14 00:00:00,27.79734568
2024-10-14 00:30:00,27.46355567
2024-10-14 01:00:00,27.09366023
2024-10-14 01:30:00,26.92242143
2024-10-14 02:00:00,27.19045785
2024-10-14 02:30:00,27.71368618
2024-10-14 03:00:00,27.90547059
2024-10-14 03:30:00,29.11014845
2024-10-14 04:00:00,30.58009345
2024-10-14 04:30:00,33.7171412
2024-10-14 05:00:00,36.3436965
2024-10-14 05:30:00,41.10668118
2024-10-14 06:00:00,42.47496296
2024-10-14 06:30:00,39.55498437
2024-10-14 07:00:00,41.55324099
2024-10-14 07:30:00,38.80159449
2024-10-14 08:00:00,33.86833408
2024-10-14 08:30:00,36.25315568
2024-10-14 09:00:00,38.10595892
2024-10-14 09:30:00,38.51632181
2024-10-14 10:00:00,40.29839818
2024-10-14 10:30:00,39.94590486
2024-10-14 11:00:00,36.09843989
2024-10-14 11:30:00,40.22136328
2024-10-14 12:00:00,38.02268554
2024-10-14 12:30:00,39.72356609
2024-10-14 13:00:00,45.53349122
2024-10-14 13:30:00,42.04118836
2024-10-14 14:00:00,37.15813612
2024-10-14 14:30:00,47.14328746
2024-10-14 15:00:00,48.09945326
2024-10-14 15:30:00,48.31860168
2024-10-14 16:00:00,45.8461706
2024-10-14 16:30:00,44.33645644
2024-10-14 17:00:00,45.76535985
2024-10-14 17:30:00,45.04309146
2024-10-14 18:00:00,46.0991335
2024-10-14 18:30:00,44.96332905
2024-10-14 19:00:00,43.87374248
2024-10-14 19:30:00,42.02374602
2024-10-14 20:00:00,39.76817497
2024-10-14 20:30:00,37.58197601
2024-10-14 21:00:00,35.15346439
2024-10-14 21:30:00,34.18131197
2024-10-14 22:00:00,33.11835283
2024-10-14 22:30:00,31.30011912
2024-10-14 23:00:00,29.6438509
2024-10-14 23:30:00,28.66087093
2024-10-15 00:00:00,28.11035289
2024-10-15 00:30:00,27.55682218
2024-10-15 01:00:00,27.23282796
2024-10-15 01:30:00,27.2124051
2024-10-15 02:00:00,27.18456823
2024-10-15 02:30:00,27.5931502
2024-10-15 03:00:00,28.034524
2024-10-15 03:30:00,28.99788117
2024-10-15 04:00:00,30.54522204
2024-10-15 04:30:00,33.85592408
2024-10-15 05:00:00,37.08788712
2024-10-15 05:30:00,42.42863083
2024-10-15 06:00:00,45.33008779
2024-10-15 06:30:00,46.81943353
2024-10-15 07:00:00,47.26640872
2024-10-15 07:30:00,46.06215769
2024-10-15 08:00:00,45.91238892
2024-10-15 08:30:00,44.6671258
2024-10-15 09:00:00,44.75099661
2024-10-15 09:30:00,45.42232942
2024-10-15 10:00:00,42.50010883
2024-10-15 10:30:00,38.71366096
2024-10-15 11:00:00,41.11342702
2024-10-15 11:30:00,40.94380747
2024-10-15 12:00:00,40.84404485
2024-10-15 12:30:00,40.54013418
2024-10-15 13:00:00,40.86365734
2024-10-15 13:30:00,41.59893489
2024-10-15 14:00:00,40.74798011
2024-10-15 14:30:00,43.29379891
2024-10-15 15:00:00,45.0791612
2024-10-15 15:30:00,45.5400046
2024-10-15 16:00:00,46.93680812
2024-10-15 16:30:00,47.86306145
2024-10-15 17:00:00,49.27094628
2024-10-15 17:30:00,49.72536043
2024-10-15 18:00:00,50.23204733
2024-10-15 18:30:00,48.96349299
2024-10-15 19:00:00,47.43064713
2024-10-15 19:30:00,45.25023674
2024-10-15 20:00:00,43.00985171
2024-10-15 20:30:00,40.23947496
2024-10-15 21:00:00,37.68230013
2024-10-15 21:30:00,36.39260117
2024-10-15 22:00:00,34.91669597
2024-10-15 22:30:00,32.74182933
2024-10-15 23:00:00,30.92917948
2024-10-15 23:30:00,30.09226317
2024-10-16 00:00:00,29.41629933
2024-10-16 00:30:00,28.90349886
2024-10-16 01:00:00,28.37742299
2024-10-16 01:30:00,28.42230312
2024-10-16 02:00:00,28.71188439
2024-10-16 02:30:00,29.45713436
2024-10-16 03:00:00,29.73294879
2024-10-16 03:30:00,30.9884269
2024-10-16 04:00:00,33.16232877
2024-10-16 04:30:00,37.05986265
2024-10-16 05:00:00,41.50608211
2024-10-16 05:30:00,46.57374473
2024-10-16 06:00:00,47.22561004
2024-10-16 06:30:00,47.80344305
2024-10-16 07:00:00,44.08678431
2024-10-16 07:30:00,40.2680511
2024-10-16 08:00:00,37.1906811
2024-10-16 08:30:00,34.63786363
2024-10-16 09:00:00,32.83413559
2024-10-16 09:30:00,32.20449621
2024-10-16 10:00:00,31.03816542
2024-10-16 10:30:00,30.0188506
2024-10-16 11:00:00,29.69233739
2024-10-16 11:30:00,30.0770024
2024-10-16 12:00:00,29.50302862
2024-10-16 12:30:00,29.99374297
2024-10-16 13:00:00,30.67850477
2024-10-16 13:30:00,31.45213544
2024-10-16 14:00:00,35.192441
2024-10-16 14:30:00,36.68872321
2024-10-16 15:00:00,42.75136846
2024-10-16 15:30:00,46.62856478
2024-10-16 16:00:00,46.92187667
2024-10-16 16:30:00,45.70146639
2024-10-16 17:00:00,46.03089985
2024-10-16 17:30:00,45.35552771
2024-10-16 18:00:00,45.25734562
2024-10-16 18:30:00,44.27550368
2024-10-16 19:00:00,43.15421059
2024-10-16 19:30:00,41.27349726
2024-10-16 20:00:00,39.63895856
2024-10-16 20:30:00,37.58693277
2024-10-16 21:00:00,35.29258815
2024-10-16 21:30:00,34.62401088
2024-10-16 22:00:00,33.52377571
2024-10-16 22:30:00,31.53161425
2024-10-16 23:00:00,29.90917753
2024-10-16 23:30:00,28.92111765
2024-10-17 00:00:00,28.11258688
2024-10-17 00:30:00,27.70456155
2024-10-17 01:00:00,27.6230869
2024-10-17 01:30:00,27.542476
2024-10-17 02:00:00,27.55646674
2024-10-17 02:30:00,28.07770088
2024-10-17 03:00:00,28.38634102
2024-10-17 03:30:00,29.72541114
2024-10-17 04:00:00,31.49169046
2024-10-17 04:30:00,34.83832425
2024-10-17 05:00:00,38.49214432
2024-10-17 05:30:00,43.53531731
2024-10-17 06:00:00,44.87890969
2024-10-17 06:30:00,43.68202801
2024-10-17 07:00:00,40.51761188
2024-10-17 07:30:00,38.01920285
2024-10-17 08:00:00,35.45149706
2024-10-17 08:30:00,33.80947535
2024-10-17 09:00:00,32.14335098
2024-10-17 09:30:00,32.06469692
2024-10-17 10:00:00,31.6974155
2024-10-17 10:30:00,32.09207056
2024-10-17 11:00:00,32.2249468
2024-10-17 11:30:00,32.85153818
2024-10-17 12:00:00,34.18412861
2024-10-17 12:30:00,33.40028022
2024-10-17 13:00:00,33.96604536
2024-10-17 13:30:00,32.91198822
2024-10-17 14:00:00,36.12672285
2024-10-17 14:30:00,36.8382907
2024-10-17 15:00:00,39.72217602
2024-10-17 15:30:00,42.4178241
2024-10-17 16:00:00,45.36092374
2024-10-17 16:30:00,44.26973823
2024-10-17 17:00:00,44.52718677
2024-10-17 17:30:00,43.20720796
2024-10-17 18:00:00,43.27548243
2024-10-17 18:30:00,42.98001212
2024-10-17 19:00:00,41.60927022
2024-10-17 19:30:00,40.12814598
2024-10-17 20:00:00,38.21018462
2024-10-17 20:30:00,35.87894789
2024-10-17 21:00:00,33.96190473
2024-10-17 21:30:00,33.25308621
2024-10-17 22:00:00,32.08864472
2024-10-17 22:30:00,30.06477258
2024-10-17 23:00:00,28.72528385
2024-10-17 23:30:00,27.74865112
2024-10-18 00:00:00,26.85822424
2024-10-18 00:30:00,26.44375416
2024-10-18 01:00:00,26.10177127
2024-10-18 01:30:00,26.13658115
2024-10-18 02:00:00,26.18979614
2024-10-18 02:30:00,26.69319783
2024-10-18 03:00:00,26.90223448
2024-10-18 03:30:00,27.74429045
2024-10-18 04:00:00,29.03163481
2024-10-18 04:30:00,31.82101803
2024-10-18 05:00:00,34.52669566
2024-10-18 05:30:00,39.39589919
2024-10-18 06:00:00,42.55171564
2024-10-18 06:30:00,44.87265559
2024-10-18 07:00:00,45.04220989
2024-10-18 07:30:00,46.60210955
2024-10-18 08:00:00,46.14553546
2024-10-18 08:30:00,48.28663006
2024-10-18 09:00:00,48.00486089
2024-10-18 09:30:00,46.08382377
2024-10-18 10:00:00,48.18926524
2024-10-18 10:30:00,45.95121751
2024-10-18 11:00:00,37.34054081
2024-10-18 11:30:00,44.13291612
2024-10-18 12:00:00,48.09896462
2024-10-18 12:30:00,46.02744291
2024-10-18 13:00:00,43.56712262
2024-10-18 13:30:00,44.07107012
2024-10-18 14:00:00,43.73054871
2024-10-18 14:30:00,46.51931246
2024-10-18 15:00:00,48.88398438
2024-10-18 15:30:00,48.41945011
2024-10-18 16:00:00,46.70751417
2024-10-18 16:30:00,46.17819687
2024-10-18 17:00:00,46.01311064
2024-10-18 17:30:00,44.80067423
2024-10-18 18:00:00,44.93215156
2024-10-18 18:30:00,43.85686032
2024-10-18 19:00:00,43.15213233
2024-10-18 19:30:00,40.70598608
2024-10-18 20:00:00,38.75367183
2024-10-18 20:30:00,36.722034120000004
2024-10-18 21:00:00,34.83814693
2024-10-18 21:30:00,34.55345178
2024-10-18 22:00:00,33.19126418
2024-10-18 22:30:00,31.2023444
2024-10-18 23:00:00,29.75540066
2024-10-18 23:30:00,28.59086273
2024-10-19 00:00:00,27.9456283
2024-10-19 00:30:00,27.31979813
2024-10-19 01:00:00,26.86610575
2024-10-19 01:30:00,26.76932897
2024-10-19 02:00:00,26.72495971
2024-10-19 02:30:00,26.90175732
2024-10-19 03:00:00,26.92263887
2024-10-19 03:30:00,27.22566735
2024-10-19 04:00:00,27.722212
2024-10-19 04:30:00,28.68289306
2024-10-19 05:00:00,29.45231519
2024-10-19 05:30:00,30.51290199
2024-10-19 06:00:00,30.77579973
2024-10-19 06:30:00,31.3769517
2024-10-19 07:00:00,30.68575349
2024-10-19 07:30:00,29.30384011
2024-10-19 08:00:00,28.99281639
2024-10-19 08:30:00,33.6149779
2024-10-19 09:00:00,30.59761193
2024-10-19 09:30:00,36.12934026
2024-10-19 10:00:00,35.50451602
2024-10-19 10:30:00,27.83552726
2024-10-19 11:00:00,27.00587882
2024-10-19 11:30:00,28.91090842
2024-10-19 12:00:00,29.94239658
2024-10-19 12:30:00,34.46984075
2024-10-19 13:00:00,31.37202398
2024-10-19 13:30:00,26.80957454
2024-10-19 14:00:00,29.95239889
2024-10-19 14:30:00,36.0507586
2024-10-19 15:00:00,36.64997119
2024-10-19 15:30:00,36.27572026
2024-10-19 16:00:00,36.19833624
2024-10-19 16:30:00,37.90371041
2024-10-19 17:00:00,39.16192771
2024-10-19 17:30:00,39.44311792
2024-10-19 18:00:00,39.70528968
2024-10-19 18:30:00,39.2005861
2024-10-19 19:00:00,38.39779144
2024-10-19 19:30:00,37.1831896
2024-10-19 20:00:00,36.24465711
2024-10-19 20:30:00,34.99140769
2024-10-19 21:00:00,33.58961782
2024-10-19 21:30:00,33.51591999
2024-10-19 22:00:00,32.34854063
2024-10-19 22:30:00,30.52518347
2024-10-19 23:00:00,29.15164639
2024-10-19 23:30:00,28.31086558
2024-10-20 00:00:00,27.58746454
2024-10-20 00:30:00,27.01035339
2024-10-20 01:00:00,26.51755556
2024-10-20 01:30:00,26.51054095
2024-10-20 02:00:00,26.37424751
2024-10-20 02:30:00,26.53083484
2024-10-20 03:00:00,26.55831509
2024-10-20 03:30:00,26.82474306
2024-10-20 04:00:00,27.42502011
2024-10-20 04:30:00,28.26232521
2024-10-20 05:00:00,28.84293552
2024-10-20 05:30:00,29.20237213
2024-10-20 06:00:00,28.62639606
2024-10-20 06:30:00,27.66648048
2024-10-20 07:00:00,26.52918682
2024-10-20 07:30:00,26.15718238
2024-10-20 08:00:00,25.1634299
2024-10-20 08:30:00,23.99661509
2024-10-20 09:00:00,23.11656132
2024-10-20 09:30:00,23.03245919
2024-10-20 10:00:00,22.49933629
2024-10-20 10:30:00,21.97804011
2024-10-20 11:00:00,21.7120352
2024-10-20 11:30:00,21.94730565
2024-10-20 12:00:00,21.82431277
2024-10-20 12:30:00,22.28494404
2024-10-20 13:00:00,22.89157617
2024-10-20 13:30:00,24.15275428
2024-10-20 14:00:00,25.60928076
2024-10-20 14:30:00,27.13926205
2024-10-20 15:00:00,29.76845567
2024-10-20 15:30:00,32.98694664
2024-10-20 16:00:00,36.00155306
2024-10-20 16:30:00,38.28284308
2024-10-20 17:00:00,40.03037648
2024-10-20 17:30:00,40.4663834
2024-10-20 18:00:00,41.02688555
2024-10-20 18:30:00,40.37486289
2024-10-20 19:00:00,39.51726941
2024-10-20 19:30:00,38.30234468
2024-10-20 20:00:00,36.61091863
2024-10-20 20:30:00,34.66754072
2024-10-20 21:00:00,32.8118253
2024-10-20 21:30:00,32.23435105
2024-10-20 22:00:00,31.45892038
2024-10-20 22:30:00,29.77895612
2024-10-20 23:00:00,28.46514078
2024-10-20 23:30:00,27.53640743
2024-10-21 00:00:00,26.84309215
2024-10-21 00:30:00,26.41330438
2024-10-21 01:00:00,26.07145822
2024-10-21 01:30:00,26.01361509
2024-10-21 02:00:00,26.15334746
2024-10-21 02:30:00,26.71744931
2024-10-21 03:00:00,27.03055174
2024-10-21 03:30:00,28.23962726
2024-10-21 04:00:00,29.72967248
2024-10-21 04:30:00,32.72596588
2024-10-21 05:00:00,35.44999121
2024-10-21 05:30:00,39.177182
2024-10-21 06:00:00,39.97945914
2024-10-21 06:30:00,39.88901893
2024-10-21 07:00:00,37.403741
2024-10-21 07:30:00,35.21037125
2024-10-21 08:00:00,32.96270467
2024-10-21 08:30:00,31.01724186
2024-10-21 09:00:00,29.8828367
2024-10-21 09:30:00,29.90660277
2024-10-21 10:00:00,29.37400293
2024-10-21 10:30:00,28.84301985
2024-10-21 11:00:00,29.36356244
2024-10-21 11:30:00,30.01032361
2024-10-21 12:00:00,30.14915143
2024-10-21 12:30:00,30.56599772
2024-10-21 13:00:00,31.10485333
2024-10-21 13:30:00,32.07397357
2024-10-21 14:00:00,33.98133506
2024-10-21 14:30:00,36.17262319
2024-10-21 15:00:00,39.02235483
2024-10-21 15:30:00,41.37984995
2024-10-21 16:00:00,42.93223535
2024-10-21 16:30:00,43.20287493
2024-10-21 17:00:00,44.16319857
2024-10-21 17:30:00,42.89203977
2024-10-21 18:00:00,43.13089759
2024-10-21 18:30:00,42.18566545
2024-10-21 19:00:00,41.13094839
2024-10-21 19:30:00,39.21763554
2024-10-21 20:00:00,37.17529444
2024-10-21 20:30:00,35.42110543
2024-10-21 21:00:00,33.28894564
2024-10-21 21:30:00,32.61902165
2024-10-21 22:00:00,31.46546276
2024-10-21 22:30:00,29.68828362
2024-10-21 23:00:00,28.41896819
2024-10-21 23:30:00,27.69272828
2024-10-22 00:00:00,27.10837136
2024-10-22 00:30:00,26.74675246
2024-10-22 01:00:00,26.49666401
2024-10-22 01:30:00,26.46169239
2024-10-22 02:00:00,26.49168423
2024-10-22 02:30:00,27.05063195
2024-10-22 03:00:00,27.23422071
2024-10-22 03:30:00,28.42362344
2024-10-22 04:00:00,29.74215178
2024-10-22 04:30:00,32.53809584
2024-10-22 05:00:00,36.15452653
2024-10-22 05:30:00,39.77317863
2024-10-22 06:00:00,41.76490175
2024-10-22 06:30:00,42.82355631
2024-10-22 07:00:00,40.75359135
2024-10-22 07:30:00,36.47978694
2024-10-22 08:00:00,35.72885119
2024-10-22 08:30:00,33.2081473
2024-10-22 09:00:00,30.61843527
2024-10-22 09:30:00,30.56483102
2024-10-22 10:00:00,33.22258941
2024-10-22 10:30:00,31.01466869
2024-10-22 11:00:00,32.01276442
2024-10-22 11:30:00,33.22089593
2024-10-22 12:00:00,34.26893009
2024-10-22 12:30:00,32.07616748
2024-10-22 13:00:00,33.82775947
2024-10-22 13:30:00,35.30888786
2024-10-22 14:00:00,38.60748424
2024-10-22 14:30:00,41.8085794
2024-10-22 15:00:00,41.65769624
2024-10-22 15:30:00,43.25943712
2024-10-22 16:00:00,44.6558999
2024-10-22 16:30:00,45.05627842
2024-10-22 17:00:00,45.01873059
2024-10-22 17:30:00,43.42246882
2024-10-22 18:00:00,43.94687914
2024-10-22 18:30:00,43.14210746
2024-10-22 19:00:00,41.3986298
2024-10-22 19:30:00,39.77655859
2024-10-22 20:00:00,37.54178095
2024-10-22 20:30:00,35.24991663
2024-10-22 21:00:00,33.33311652
2024-10-22 21:30:00,32.55448371
2024-10-22 22:00:00,31.39259187
2024-10-22 22:30:00,29.54809957
2024-10-22 23:00:00,27.96872287
2024-10-22 23:30:00,27.20995126
2024-10-23 00:00:00,26.57314184
2024-10-23 00:30:00,26.10705936
2024-10-23 01:00:00,25.85636589
2024-10-23 01:30:00,25.90860811
2024-10-23 02:00:00,25.82580761
2024-10-23 02:30:00,26.40317609
2024-10-23 03:00:00,26.56746903
2024-10-23 03:30:00,27.5589791
2024-10-23 04:00:00,28.91814115
2024-10-23 04:30:00,31.5133809
2024-10-23 05:00:00,34.12638263
2024-10-23 05:30:00,38.72730784
2024-10-23 06:00:00,40.62752407
2024-10-23 06:30:00,42.33718128
2024-10-23 07:00:00,41.57199535
2024-10-23 07:30:00,42.17177417
2024-10-23 08:00:00,42.35313524
2024-10-23 08:30:00,40.27418627
2024-10-23 09:00:00,38.75137423
2024-10-23 09:30:00,39.57370754
2024-10-23 10:00:00,40.61142264
2024-10-23 10:30:00,40.58226105
2024-10-23 11:00:00,39.04467681
2024-10-23 11:30:00,42.93843827
2024-10-23 12:00:00,
2024-10-23 12:30:00,
2024-10-23 13:00:00,44.04994809
2024-10-23 13:30:00,41.22116696
2024-10-23 14:00:00,43.89256435
2024-10-23 14:30:00,43.26839466
2024-10-23 15:00:00,46.71288593
2024-10-23 15:30:00,48.05833474
2024-10-23 16:00:00,43.40816966
2024-10-23 16:30:00,43.71519577
2024-10-23 17:00:00,43.7956724
2024-10-23 17:30:00,42.63285662
2024-10-23 18:00:00,42.67130409
2024-10-23 18:30:00,42.34008216
2024-10-23 19:00:00,41.25694636
2024-10-23 19:30:00,39.6682958
2024-10-23 20:00:00,37.77998873
2024-10-23 20:30:00,35.53623848
2024-10-23 21:00:00,33.82883226
2024-10-23 21:30:00,33.03782348
2024-10-23 22:00:00,31.92755491
2024-10-23 22:30:00,30.00549484
2024-10-23 23:00:00,28.42707698
2024-10-23 23:30:00,27.57942788
2024-10-24 00:00:00,26.91094991
2024-10-24 00:30:00,26.35566946
2024-10-24 01:00:00,26.10604942
2024-10-24 01:30:00,26.10359573
2024-10-24 02:00:00,26.39291686
2024-10-24 02:30:00,26.88514668
2024-10-24 03:00:00,27.14005546
2024-10-24 03:30:00,28.09643527
2024-10-24 04:00:00,29.43859987
2024-10-24 04:30:00,31.86382825
2024-10-24 05:00:00,35.03565071
2024-10-24 05:30:00,39.07401526
2024-10-24 06:00:00,39.40673307
2024-10-24 06:30:00,38.89293476
2024-10-24 07:00:00,36.77591679
2024-10-24 07:30:00,34.77706244
2024-10-24 08:00:00,33.77976392
2024-10-24 08:30:00,32.69000608
2024-10-24 09:00:00,31.34091057
2024-10-24 09:30:00,31.53903318
2024-10-24 10:00:00,30.31162748
2024-10-24 10:30:00,29.41047947
2024-10-24 11:00:00,28.77662976
2024-10-24 11:30:00,29.48086506
2024-10-24 12:00:00,29.09809542
2024-10-24 12:30:00,29.69746528
2024-10-24 13:00:00,29.63860792
2024-10-24 13:30:00,30.39440182
2024-10-24 14:00:00,31.67563432
2024-10-24 14:30:00,33.84464816
2024-10-24 15:00:00,36.23880612
2024-10-24 15:30:00,38.66813437
2024-10-24 16:00:00,41.63622089
2024-10-24 16:30:00,41.87757136
2024-10-24 17:00:00,42.53061536
2024-10-24 17:30:00,42.31591898
2024-10-24 18:00:00,42.76891383
2024-10-24 18:30:00,42.43615599
2024-10-24 19:00:00,41.29410165
2024-10-24 19:30:00,39.91979061
2024-10-24 20:00:00,38.08658348
2024-10-24 20:30:00,36.2825309
2024-10-24 21:00:00,34.18245765
2024-10-24 21:30:00,33.56437512
2024-10-24 22:00:00,32.62698537
2024-10-24 22:30:00,30.99918626
2024-10-24 23:00:00,29.4371858
2024-10-24 23:30:00,28.49502124
2024-10-25 00:00:00,27.82276721
2024-10-25 00:30:00,27.38413724
2024-10-25 01:00:00,27.10117532
2024-10-25 01:30:00,27.07533412
2024-10-25 02:00:00,27.16956164
2024-10-25 02:30:00,27.9264523
2024-10-25 03:00:00,28.18821094
2024-10-25 03:30:00,29.24496207
2024-10-25 04:00:00,30.97241964
2024-10-25 04:30:00,33.97403868
2024-10-25 05:00:00,37.39782597
2024-10-25 05:30:00,41.32020706
2024-10-25 06:00:00,42.00584438
2024-10-25 06:30:00,41.29069639
2024-10-25 07:00:00,38.75356667
2024-10-25 07:30:00,36.48725515
2024-10-25 08:00:00,34.25961533
2024-10-25 08:30:00,32.77121162
2024-10-25 09:00:00,31.09509987
2024-10-25 09:30:00,30.93739358
2024-10-25 10:00:00,31.92569011
2024-10-25 10:30:00,32.64857837
2024-10-25 11:00:00,34.92793569
2024-10-25 11:30:00,33.64816458
2024-10-25 12:00:00,35.68866235
2024-10-25 12:30:00,38.45837869
2024-10-25 13:00:00,37.97012501
2024-10-25 13:30:00,37.3761429
2024-10-25 14:00:00,41.10609087
2024-10-25 14:30:00,39.81343438
2024-10-25 15:00:00,39.22220746
2024-10-25 15:30:00,43.27117071
2024-10-25 16:00:00,44.7571217
2024-10-25 16:30:00,44.53366619
2024-10-25 17:00:00,45.61475536
2024-10-25 17:30:00,44.56948444
2024-10-25 18:00:00,44.97900359
2024-10-25 18:30:00,44.47062851
2024-10-25 19:00:00,43.7476588
2024-10-25 19:30:00,41.60573496
2024-10-25 20:00:00,39.42445784
2024-10-25 20:30:00,37.65539414
2024-10-25 21:00:00,35.94071964
2024-10-25 21:30:00,35.52584362
2024-10-25 22:00:00,34.71860211
2024-10-25 22:30:00,32.68618311
2024-10-25 23:00:00,31.21619759
2024-10-25 23:30:00,30.13141806
2024-10-26 00:00:00,29.31869232
2024-10-26 00:30:00,28.74909795
2024-10-26 01:00:00,28.33208755
2024-10-26 01:30:00,28.29763978
2024-10-26 02:00:00,28.21675175
2024-10-26 02:30:00,28.30118469
2024-10-26 03:00:00,28.64457214
2024-10-26 03:30:00,29.27475704
2024-10-26 04:00:00,30.07298935
2024-10-26 04:30:00,31.15400208
2024-10-26 05:00:00,32.45975096
2024-10-26 05:30:00,33.68771799
2024-10-26 06:00:00,33.49674517
2024-10-26 06:30:00,32.72261223
2024-10-26 07:00:00,31.31667136
2024-10-26 07:30:00,29.82190402
2024-10-26 08:00:00,27.73011727
2024-10-26 08:30:00,26.19937276
2024-10-26 09:00:00,24.91486241
2024-10-26 09:30:00,24.45946134
2024-10-26 10:00:00,23.95971419
2024-10-26 10:30:00,22.93037047
2024-10-26 11:00:00,22.22873048
2024-10-26 11:30:00,21.7749865
2024-10-26 12:00:00,21.75368445
2024-10-26 12:30:00,21.55001234
2024-10-26 13:00:00,21.81195154
2024-10-26 13:30:00,22.57014923
2024-10-26 14:00:00,23.91381634
2024-10-26 14:30:00,26.37414792
2024-10-26 15:00:00,29.07951081
2024-10-26 15:30:00,32.32076278
2024-10-26 16:00:00,35.04970266
2024-10-26 16:30:00,37.45405571
2024-10-26 17:00:00,38.75885458
2024-10-26 17:30:00,39.85258273
2024-10-26 18:00:00,40.62434809
2024-10-26 18:30:00,40.78958735
2024-10-26 19:00:00,40.34733081
2024-10-26 19:30:00,39.40592065
2024-10-26 20:00:00,38.38224694
2024-10-26 20:30:00,37.17817536
2024-10-26 21:00:00,35.47488802
2024-10-26 21:30:00,35.1260985
2024-10-26 22:00:00,34.01204534
2024-10-26 22:30:00,32.1142772
2024-10-26 23:00:00,30.57374436
2024-10-26 23:30:00,29.5514811
2024-10-27 00:00:00,28.79886922
2024-10-27 00:30:00,28.31500632
2024-10-27 01:00:00,27.73326059
2024-10-27 01:30:00,27.33427451
2024-10-27 02:00:00,27.19462214
2024-10-27 02:30:00,27.13179045
2024-10-27 03:00:00,27.42685341
2024-10-27 03:30:00,27.76725454
2024-10-27 04:00:00,28.23921102
2024-10-27 04:30:00,28.94969624
2024-10-27 05:00:00,29.19784424
2024-10-27 05:30:00,29.9448979
2024-10-27 06:00:00,29.97029979
2024-10-27 06:30:00,30.51060837
2024-10-27 07:00:00,30.95423874
2024-10-27 07:30:00,29.85553302
2024-10-27 08:00:00,26.25209815
2024-10-27 08:30:00,26.44293012
2024-10-27 09:00:00,23.4024553
2024-10-27 09:30:00,23.31271112
2024-10-27 10:00:00,23.21329019
2024-10-27 10:30:00,22.83437016
2024-10-27 11:00:00,22.13559259
2024-10-27 11:30:00,22.03196719
2024-10-27 12:00:00,22.09579385
2024-10-27 12:30:00,21.66173671
2024-10-27 13:00:00,28.95866143
2024-10-27 13:30:00,32.25821173
2024-10-27 14:00:00,27.9981258
2024-10-27 14:30:00,27.07865129
2024-10-27 15:00:00,30.19012618
2024-10-27 15:30:00,32.34613373
2024-10-27 16:00:00,35.33753919
2024-10-27 16:30:00,37.97321549
2024-10-27 17:00:00,39.71027314
2024-10-27 17:30:00,40.57325395
2024-10-27 18:00:00,41.03104404
2024-10-27 18:30:00,40.63962723
2024-10-27 19:00:00,40.0169794
2024-10-27 19:30:00,38.27151481
2024-10-27 20:00:00,36.7085791
2024-10-27 20:30:00,34.59627888
2024-10-27 21:00:00,32.98584791
2024-10-27 21:30:00,32.53542092
2024-10-27 22:00:00,31.56767391
2024-10-27 22:30:00,29.89300105
2024-10-27 23:00:00,28.32483239
2024-10-27 23:30:00,27.51807175
2024-10-28 00:00:00,26.87239214
2024-10-28 00:30:00,26.63994148
2024-10-28 01:00:00,26.35029043
2024-10-28 01:30:00,26.35308289
2024-10-28 02:00:00,26.52339208
2024-10-28 02:30:00,27.08793201
2024-10-28 03:00:00,27.36608014
2024-10-28 03:30:00,28.89850998
2024-10-28 04:00:00,30.33244583
2024-10-28 04:30:00,32.95876191
2024-10-28 05:00:00,36.36423793
2024-10-28 05:30:00,40.50016076
2024-10-28 06:00:00,42.94230361
2024-10-28 06:30:00,44.12624506
2024-10-28 07:00:00,39.2541031
2024-10-28 07:30:00,35.94729745
2024-10-28 08:00:00,37.09859042
2024-10-28 08:30:00,32.68796477
2024-10-28 09:00:00,32.5811879
2024-10-28 09:30:00,31.40953133
2024-10-28 10:00:00,31.08061211
2024-10-28 10:30:00,31.86328212
2024-10-28 11:00:00,31.88487929
2024-10-28 11:30:00,30.82018294
2024-10-28 12:00:00,30.59255671
2024-10-28 12:30:00,30.54844594
2024-10-28 13:00:00,31.04288977
2024-10-28 13:30:00,32.52169232
2024-10-28 14:00:00,33.8735942
2024-10-28 14:30:00,36.31980954
2024-10-28 15:00:00,39.05500945
2024-10-28 15:30:00,41.6851608
2024-10-28 16:00:00,43.34674085
2024-10-28 16:30:00,43.1923743
2024-10-28 17:00:00,43.62058703
2024-10-28 17:30:00,42.29136451
2024-10-28 18:00:00,43.10073587
2024-10-28 18:30:00,42.58617325
2024-10-28 19:00:00,41.16548933
2024-10-28 19:30:00,39.19256248
2024-10-28 20:00:00,37.35803479
2024-10-28 20:30:00,35.38750175
2024-10-28 21:00:00,33.45284877
2024-10-28 21:30:00,32.81511865
2024-10-28 22:00:00,31.57334325
2024-10-28 22:30:00,29.89064263
2024-10-28 23:00:00,28.28752708
2024-10-28 23:30:00,27.51859055
2024-10-29 00:00:00,26.63649731
2024-10-29 00:30:00,26.23349499
2024-10-29 01:00:00,26.13626047
2024-10-29 01:30:00,26.07128743
2024-10-29 02:00:00,25.99314125
2024-10-29 02:30:00,26.59406668
2024-10-29 03:00:00,26.77435002
2024-10-29 03:30:00,27.80668764
2024-10-29 04:00:00,28.87928795
2024-10-29 04:30:00,31.2235421
2024-10-29 05:00:00,34.35690991
2024-10-29 05:30:00,38.19097826
2024-10-29 06:00:00,39.36165299
2024-10-29 06:30:00,38.99728444
2024-10-29 07:00:00,36.61841954
2024-10-29 07:30:00,34.41393297
2024-10-29 08:00:00,32.46345824
2024-10-29 08:30:00,30.82944526
2024-10-29 09:00:00,29.99309214
2024-10-29 09:30:00,30.33725171
2024-10-29 10:00:00,30.37694426
2024-10-29 10:30:00,31.15384669
2024-10-29 11:00:00,30.97863173
2024-10-29 11:30:00,31.23287195
2024-10-29 12:00:00,31.22658198
2024-10-29 12:30:00,31.43009822
2024-10-29 13:00:00,31.87391655
2024-10-29 13:30:00,33.37097752
2024-10-29 14:00:00,34.73510491
2024-10-29 14:30:00,37.12518501
2024-10-29 15:00:00,39.85480137
2024-10-29 15:30:00,43.29522244
2024-10-29 16:00:00,43.99347692
2024-10-29 16:30:00,44.17874711
2024-10-29 17:00:00,44.64937689
2024-10-29 17:30:00,42.55857929
2024-10-29 18:00:00,43.0309401
2024-10-29 18:30:00,42.69068712
2024-10-29 19:00:00,41.25092052
2024-10-29 19:30:00,38.97028298
2024-10-29 20:00:00,37.08336246
2024-10-29 20:30:00,35.0109123
2024-10-29 21:00:00,32.951889
2024-10-29 21:30:00,32.42591474
2024-10-29 22:00:00,31.37024633
2024-10-29 22:30:00,29.65182036
2024-10-29 23:00:00,27.95213731
2024-10-29 23:30:00,27.01809722
2024-10-30 00:00:00,26.39691582
2024-10-30 00:30:00,25.97586682
2024-10-30 01:00:00,25.76578862
2024-10-30 01:30:00,25.74257382
2024-10-30 02:00:00,25.76317775
2024-10-30 02:30:00,26.30009454
2024-10-30 03:00:00,26.46880946
2024-10-30 03:30:00,27.33685625
2024-10-30 04:00:00,28.74943014
2024-10-30 04:30:00,30.77831172
2024-10-30 05:00:00,33.8789321
2024-10-30 05:30:00,37.84704255
2024-10-30 06:00:00,39.43170549
2024-10-30 06:30:00,39.06602964
2024-10-30 07:00:00,36.13628563
2024-10-30 07:30:00,34.82738363
2024-10-30 08:00:00,33.33025136
2024-10-30 08:30:00,32.28865057
2024-10-30 09:00:00,31.59171046
2024-10-30 09:30:00,32.25609077
2024-10-30 10:00:00,32.45896444
2024-10-30 10:30:00,32.09532642
2024-10-30 11:00:00,31.99647612
2024-10-30 11:30:00,32.45319999
2024-10-30 12:00:00,32.53006906
2024-10-30 12:30:00,32.89607174
2024-10-30 13:00:00,33.18330968
2024-10-30 13:30:00,34.029502
2024-10-30 14:00:00,35.88656981
2024-10-30 14:30:00,37.94843573
2024-10-30 15:00:00,40.61930799
2024-10-30 15:30:00,43.35129561
2024-10-30 16:00:00,45.03506998
2024-10-30 16:30:00,44.50559433
2024-10-30 17:00:00,44.67389323
2024-10-30 17:30:00,43.16787707
2024-10-30 18:00:00,43.1702403
2024-10-30 18:30:00,43.0066524
2024-10-30 19:00:00,41.65684748
2024-10-30 19:30:00,39.62359724
2024-10-30 20:00:00,37.83316525
2024-10-30 20:30:00,35.44440321
2024-10-30 21:00:00,33.33042426
2024-10-30 21:30:00,32.83013031
2024-10-30 22:00:00,31.51438924
2024-10-30 22:30:00,29.6464409
2024-10-30 23:00:00,28.20183659
2024-10-30 23:30:00,27.22876715
2024-10-31 00:00:00,26.5480158
2024-10-31 00:30:00,26.12123542
2024-10-31 01:00:00,25.90940898
2024-10-31 01:30:00,25.8213027
2024-10-31 02:00:00,25.9633163
2024-10-31 02:30:00,26.48948243
2024-10-31 03:00:00,26.73966981
2024-10-31 03:30:00,27.49252967
2024-10-31 04:00:00,28.91300548
2024-10-31 04:30:00,31.18439613
2024-10-31 05:00:00,33.40111966
2024-10-31 05:30:00,37.08689297
2024-10-31 06:00:00,38.95554359
2024-10-31 06:30:00,40.15440397
2024-10-31 07:00:00,36.06025078
2024-10-31 07:30:00,38.83285778
2024-10-31 08:00:00,39.17617867
2024-10-31 08:30:00,37.69902095
2024-10-31 09:00:00,39.07305
2024-10-31 09:30:00,35.82955511
2024-10-31 10:00:00,35.33386569
2024-10-31 10:30:00,38.31292605
2024-10-31 11:00:00,39.46798461
2024-10-31 11:30:00,36.3548948
2024-10-31 12:00:00,34.75778402
2024-10-31 12:30:00,32.13469675
2024-10-31 13:00:00,36.10111514
2024-10-31 13:30:00,36.89015305
2024-10-31 14:00:00,38.50768926
2024-10-31 14:30:00,37.4305088
2024-10-31 15:00:00,40.55070706
2024-10-31 15:30:00,39.93125423
2024-10-31 16:00:00,42.64864271
2024-10-31 16:30:00,41.46778986
2024-10-31 17:00:00,42.7456052
2024-10-31 17:30:00,41.53290836
2024-10-31 18:00:00,41.4376851
2024-10-31 18:30:00,41.46708693
2024-10-31 19:00:00,40.72031884
2024-10-31 19:30:00,39.18386184
2024-10-31 20:00:00,37.33250984
2024-10-31 20:30:00,35.29965102
2024-10-31 21:00:00,33.36432793
2024-10-31 21:30:00,33.01707558
2024-10-31 22:00:00,31.95059657
2024-10-31 22:30:00,29.97750526
2024-10-31 23:00:00,28.44091323
2024-10-31 23:30:00,27.54138574
2024-11-01 00:00:00,26.68999915
2024-11-01 00:30:00,26.28936667
2024-11-01 01:00:00,25.961191
2024-11-01 01:30:00,25.95094927
2024-11-01 02:00:00,26.01587792
2024-11-01 02:30:00,26.49396917
2024-11-01 03:00:00,26.69732477
2024-11-01 03:30:00,27.53132249
2024-11-01 04:00:00,28.64030475
2024-11-01 04:30:00,30.64742424
2024-11-01 05:00:00,32.45387006
2024-11-01 05:30:00,36.18291251
2024-11-01 06:00:00,37.62767818
2024-11-01 06:30:00,37.94917821
2024-11-01 07:00:00,36.63848607
2024-11-01 07:30:00,36.42830242
2024-11-01 08:00:00,33.48343718
2024-11-01 08:30:00,33.64499418
2024-11-01 09:00:00,36.36561697
2024-11-01 09:30:00,35.97542912
2024-11-01 10:00:00,35.83398449
2024-11-01 10:30:00,35.23862944
2024-11-01 11:00:00,37.05573242
2024-11-01 11:30:00,34.99573417
2024-11-01 12:00:00,33.77805138
2024-11-01 12:30:00,33.63515674
2024-11-01 13:00:00,34.08522946
2024-11-01 13:30:00,33.64196345
2024-11-01 14:00:00,33.89644131
2024-11-01 14:30:00,35.84063818
2024-11-01 15:00:00,38.46594981
2024-11-01 15:30:00,40.22787012
2024-11-01 16:00:00,45.23044491
2024-11-01 16:30:00,44.47553528
2024-11-01 17:00:00,44.06421694
2024-11-01 17:30:00,42.74448202
2024-11-01 18:00:00,42.70412336
2024-11-01 18:30:00,41.99361227
2024-11-01 19:00:00,40.91457205
2024-11-01 19:30:00,38.71735089
2024-11-01 20:00:00,37.28297754
2024-11-01 20:30:00,35.51529665
2024-11-01 21:00:00,33.88992245
2024-11-01 21:30:00,33.39850011
2024-11-01 22:00:00,32.39536414
2024-11-01 22:30:00,30.51180477
2024-11-01 23:00:00,29.04330095
2024-11-01 23:30:00,28.02122313
2024-11-02 00:00:00,27.2444388
2024-11-02 00:30:00,26.68472637
2024-11-02 01:00:00,26.41818648
2024-11-02 01:30:00,26.42153112
2024-11-02 02:00:00,26.18325607
2024-11-02 02:30:00,26.32537927
2024-11-02 03:00:00,26.36034193
2024-11-02 03:30:00,26.60689687
2024-11-02 04:00:00,26.97884671
2024-11-02 04:30:00,27.43310106
2024-11-02 05:00:00,27.93807951
2024-11-02 05:30:00,28.67497744
2024-11-02 06:00:00,29.44497438
2024-11-02 06:30:00,30.97234233
2024-11-02 07:00:00,32.40163949
2024-11-02 07:30:00,31.77518438
2024-11-02 08:00:00,32.52081614
2024-11-02 08:30:00,32.24787671
2024-11-02 09:00:00,30.89471931
2024-11-02 09:30:00,29.70430452
2024-11-02 10:00:00,29.33545907
2024-11-02 10:30:00,29.48734721
2024-11-02 11:00:00,28.03674401
2024-11-02 11:30:00,28.35525692
2024-11-02 12:00:00,28.02272017
2024-11-02 12:30:00,25.06997855
2024-11-02 13:00:00,25.46320376
2024-11-02 13:30:00,27.42861814
2024-11-02 14:00:00,28.40281545
2024-11-02 14:30:00,29.13681365
2024-11-02 15:00:00,31.44710811
2024-11-02 15:30:00,33.47179532
2024-11-02 16:00:00,35.66349645
2024-11-02 16:30:00,37.6913854
2024-11-02 17:00:00,38.69689725
2024-11-02 17:30:00,39.19320361
2024-11-02 18:00:00,39.62210115
2024-11-02 18:30:00,39.33156297
2024-11-02 19:00:00,38.24827888
2024-11-02 19:30:00,37.25929036
2024-11-02 20:00:00,35.71666198
2024-11-02 20:30:00,34.67875378
2024-11-02 21:00:00,33.22422976
2024-11-02 21:30:00,32.79902982
2024-11-02 22:00:00,31.82277722
2024-11-02 22:30:00,30.23993187
2024-11-02 23:00:00,29.04308261
2024-11-02 23:30:00,27.93625656
2024-11-03 00:00:00,27.17644716
2024-11-03 00:30:00,26.85017676
2024-11-03 01:00:00,26.35491474
2024-11-03 01:30:00,26.09849695
2024-11-03 02:00:00,26.16611094
2024-11-03 02:30:00,26.39361475
2024-11-03 03:00:00,26.20141688
2024-11-03 03:30:00,26.35108454
2024-11-03 04:00:00,26.62962336
2024-11-03 04:30:00,26.74163896
2024-11-03 05:00:00,27.0064041
2024-11-03 05:30:00,27.48815276
2024-11-03 06:00:00,27.96340031
2024-11-03 06:30:00,28.74601765
2024-11-03 07:00:00,26.14747943
2024-11-03 07:30:00,29.48065641
2024-11-03 08:00:00,29.68176132
2024-11-03 08:30:00,28.27123927
2024-11-03 09:00:00,26.61582748
2024-11-03 09:30:00,24.32858476
2024-11-03 10:00:00,24.56392039
2024-11-03 10:30:00,28.20451163
2024-11-03 11:00:00,24.15604892
2024-11-03 11:30:00,27.37198808
2024-11-03 12:00:00,28.83367728
2024-11-03 12:30:00,26.2959426
2024-11-03 13:00:00,25.1975868
2024-11-03 13:30:00,27.17774091
2024-11-03 14:00:00,28.97257917
2024-11-03 14:30:00,30.84401902
2024-11-03 15:00:00,33.18954075
2024-11-03 15:30:00,37.44751577
2024-11-03 16:00:00,38.11465873
2024-11-03 16:30:00,40.81051467
2024-11-03 17:00:00,41.84977497
2024-11-03 17:30:00,42.05677055
2024-11-03 18:00:00,42.00159449
2024-11-03 18:30:00,41.78360372
2024-11-03 19:00:00,40.79367461
2024-11-03 19:30:00,39.30140337
2024-11-03 20:00:00,37.44285559
2024-11-03 20:30:00,35.0757549
2024-11-03 21:00:00,33.50634837
2024-11-03 21:30:00,32.58595874
2024-11-03 22:00:00,31.54847584
2024-11-03 22:30:00,29.77562183
2024-11-03 23:00:00,28.32897324
2024-11-03 23:30:00,27.34432491
2024-11-04 00:00:00,26.64756027
2024-11-04 00:30:00,26.35118785
2024-11-04 01:00:00,25.89428883
2024-11-04 01:30:00,25.7747807
2024-11-04 02:00:00,25.89630799
2024-11-04 02:30:00,26.76598292
2024-11-04 03:00:00,27.06426663
2024-11-04 03:30:00,27.78858081
2024-11-04 04:00:00,29.12216854
2024-11-04 04:30:00,31.4672724
2024-11-04 05:00:00,33.68946489
2024-11-04 05:30:00,37.93822279
2024-11-04 06:00:00,41.14409002
2024-11-04 06:30:00,44.10085499
2024-11-04 07:00:00,41.33522952
2024-11-04 07:30:00,42.04610016
2024-11-04 08:00:00,42.09932603
2024-11-04 08:30:00,42.21316886
2024-11-04 09:00:00,46.65415558
2024-11-04 09:30:00,49.35988274
2024-11-04 10:00:00,47.05968792
2024-11-04 10:30:00,43.76931001
2024-11-04 11:00:00,40.13350073
2024-11-04 11:30:00,41.05349325
2024-11-04 12:00:00,35.95372422
2024-11-04 12:30:00,33.4079209
2024-11-04 13:00:00,38.27161982
2024-11-04 13:30:00,38.0770329
2024-11-04 14:00:00,37.09459931
2024-11-04 14:30:00,40.25821178
2024-11-04 15:00:00,41.87280659
2024-11-04 15:30:00,44.18542285
2024-11-04 16:00:00,46.52962777
2024-11-04 16:30:00,44.8484615
2024-11-04 17:00:00,44.71519568
2024-11-04 17:30:00,42.60818951
2024-11-04 18:00:00,42.89151829
2024-11-04 18:30:00,42.78408046
2024-11-04 19:00:00,41.62103603
2024-11-04 19:30:00,39.87610195
2024-11-04 20:00:00,37.84606972
2024-11-04 20:30:00,35.61540313
2024-11-04 21:00:00,33.55444819
2024-11-04 21:30:00,32.76644907
2024-11-04 22:00:00,31.27952037
2024-11-04 22:30:00,29.49084278
2024-11-04 23:00:00,28.03709756
2024-11-04 23:30:00,27.17696764
2024-11-05 00:00:00,26.50348695
2024-11-05 00:30:00,26.30065189
2024-11-05 01:00:00,25.82782838
2024-11-05 01:30:00,25.72858785
2024-11-05 02:00:00,25.79732599
2024-11-05 02:30:00,26.17910015
2024-11-05 03:00:00,26.47061132
2024-11-05 03:30:00,27.3975359
2024-11-05 04:00:00,28.1589002
2024-11-05 04:30:00,30.34611593
2024-11-05 05:00:00,33.35587892
2024-11-05 05:30:00,37.58801837
2024-11-05 06:00:00,40.16102386
2024-11-05 06:30:00,41.71070179
2024-11-05 07:00:00,42.07322827
2024-11-05 07:30:00,41.76142152
2024-11-05 08:00:00,41.31914887
2024-11-05 08:30:00,38.2209506
2024-11-05 09:00:00,36.73542763
2024-11-05 09:30:00,37.0020609
2024-11-05 10:00:00,38.01036713
2024-11-05 10:30:00,36.65232501
2024-11-05 11:00:00,35.70620354
2024-11-05 11:30:00,35.60887954
2024-11-05 12:00:00,35.93780583
2024-11-05 12:30:00,35.6720337
2024-11-05 13:00:00,38.61887158
2024-11-05 13:30:00,38.87429755
2024-11-05 14:00:00,41.8526236
2024-11-05 14:30:00,46.03318652
2024-11-05 15:00:00,45.48641136
2024-11-05 15:30:00,46.17967695
2024-11-05 16:00:00,46.26747738
2024-11-05 16:30:00,45.09745495
2024-11-05 17:00:00,45.90882216
2024-11-05 17:30:00,43.16564059
2024-11-05 18:00:00,43.25355468
2024-11-05 18:30:00,42.90976397
2024-11-05 19:00:00,41.55364963
2024-11-05 19:30:00,39.56480803
2024-11-05 20:00:00,37.60568833
2024-11-05 20:30:00,35.09306408
2024-11-05 21:00:00,33.29252759
2024-11-05 21:30:00,32.72835487
2024-11-05 22:00:00,31.51448359
2024-11-05 22:30:00,29.86303861
2024-11-05 23:00:00,28.31447903
2024-11-05 23:30:00,27.45670937
2024-11-06 00:00:00,26.77481231
2024-11-06 00:30:00,26.41449503
2024-11-06 01:00:00,26.03279108
2024-11-06 01:30:00,25.92451451
2024-11-06 02:00:00,25.84496436
2024-11-06 02:30:00,26.43501886
2024-11-06 03:00:00,26.66778061
2024-11-06 03:30:00,27.58983526
2024-11-06 04:00:00,28.4337062
2024-11-06 04:30:00,30.54768779
2024-11-06 05:00:00,33.09850418
2024-11-06 05:30:00,37.07464899
2024-11-06 06:00:00,38.58344102
2024-11-06 06:30:00,39.72054329
2024-11-06 07:00:00,38.94987147
2024-11-06 07:30:00,38.9031395
2024-11-06 08:00:00,38.92148304
2024-11-06 08:30:00,37.64436394
2024-11-06 09:00:00,37.31404765
2024-11-06 09:30:00,37.78636071
2024-11-06 10:00:00,38.2208362
2024-11-06 10:30:00,39.72888321
2024-11-06 11:00:00,42.12957079
2024-11-06 11:30:00,45.03206805
2024-11-06 12:00:00,49.49716768
2024-11-06 12:30:00,
2024-11-06 13:00:00,45.62182903
2024-11-06 13:30:00,45.2254062
2024-11-06 14:00:00,49.13954344
2024-11-06 14:30:00,46.97876789
2024-11-06 15:00:00,51.9210789
2024-11-06 15:30:00,53.00246405
2024-11-06 16:00:00,52.73524653
2024-11-06 16:30:00,50.00685143
2024-11-06 17:00:00,49.19001439
2024-11-06 17:30:00,47.13330876
2024-11-06 18:00:00,46.62847812
2024-11-06 18:30:00,46.08202227
2024-11-06 19:00:00,44.598834
2024-11-06 19:30:00,43.00751456
2024-11-06 20:00:00,40.50918668
2024-11-06 20:30:00,37.64121467
2024-11-06 21:00:00,35.52974468
2024-11-06 21:30:00,34.68140917
2024-11-06 22:00:00,33.05390382
2024-11-06 22:30:00,31.17440444
2024-11-06 23:00:00,29.42399767
2024-11-06 23:30:00,28.39244794
2024-11-07 00:00:00,27.61922756
2024-11-07 00:30:00,27.0351281
2024-11-07 01:00:00,26.81373525
2024-11-07 01:30:00,26.7395921
2024-11-07 02:00:00,26.60127566
2024-11-07 02:30:00,27.56952746
2024-11-07 03:00:00,28.05950431
2024-11-07 03:30:00,28.90749459
2024-11-07 04:00:00,29.88019469
2024-11-07 04:30:00,31.93464163
2024-11-07 05:00:00,35.08050934
2024-11-07 05:30:00,40.03818108
2024-11-07 06:00:00,42.82121238
2024-11-07 06:30:00,44.48108059
2024-11-07 07:00:00,46.65715035
2024-11-07 07:30:00,49.63524476
2024-11-07 08:00:00,50.53202379
2024-11-07 08:30:00,47.98398876
2024-11-07 09:00:00,47.9223256
2024-11-07 09:30:00,42.49027486
2024-11-07 10:00:00,44.85545311
2024-11-07 10:30:00,44.3916757
2024-11-07 11:00:00,47.63274018
2024-11-07 11:30:00,44.40978809
2024-11-07 12:00:00,43.76873273
2024-11-07 12:30:00,42.10014017
2024-11-07 13:00:00,42.53523924
2024-11-07 13:30:00,44.68473266
2024-11-07 14:00:00,43.38499971
2024-11-07 14:30:00,45.53293796
2024-11-07 15:00:00,47.64275071
2024-11-07 15:30:00,48.05830258
2024-11-07 16:00:00,45.33506618
2024-11-07 16:30:00,43.67789196
2024-11-07 17:00:00,44.25164308
2024-11-07 17:30:00,42.04417248
2024-11-07 18:00:00,42.09720895
2024-11-07 18:30:00,41.77422865
2024-11-07 19:00:00,40.41409021
2024-11-07 19:30:00,38.49215429
2024-11-07 20:00:00,36.70626899
2024-11-07 20:30:00,35.05018156
2024-11-07 21:00:00,33.18811742
2024-11-07 21:30:00,32.82117868
2024-11-07 22:00:00,31.4097839
2024-11-07 22:30:00,29.69533015
2024-11-07 23:00:00,28.15810351
2024-11-07 23:30:00,27.35395319
2024-11-08 00:00:00,26.71428718
2024-11-08 00:30:00,26.20787939
2024-11-08 01:00:00,25.90642985
2024-11-08 01:30:00,25.93431918
2024-11-08 02:00:00,25.86548628
2024-11-08 02:30:00,26.3669068
2024-11-08 03:00:00,26.68641707
2024-11-08 03:30:00,27.55855929
2024-11-08 04:00:00,28.31653319
2024-11-08 04:30:00,30.35548116
2024-11-08 05:00:00,32.24606156
2024-11-08 05:30:00,35.46506802
2024-11-08 06:00:00,36.44923512
2024-11-08 06:30:00,37.1603518
2024-11-08 07:00:00,36.94211789
2024-11-08 07:30:00,34.98147982
2024-11-08 08:00:00,32.58625604
2024-11-08 08:30:00,31.12207412
2024-11-08 09:00:00,31.70237279
2024-11-08 09:30:00,35.80949474
2024-11-08 10:00:00,36.98112391
2024-11-08 10:30:00,33.60678282
2024-11-08 11:00:00,31.44520552
2024-11-08 11:30:00,30.83886881
2024-11-08 12:00:00,29.41734004
2024-11-08 12:30:00,30.16488951
2024-11-08 13:00:00,31.31710266
2024-11-08 13:30:00,32.09691287
2024-11-08 14:00:00,33.22200838
2024-11-08 14:30:00,34.22652239
2024-11-08 15:00:00,37.52101267
2024-11-08 15:30:00,40.56197252
2024-11-08 16:00:00,42.58848184
2024-11-08 16:30:00,43.0500271
2024-11-08 17:00:00,43.4327838
2024-11-08 17:30:00,42.01518434
2024-11-08 18:00:00,42.01979648
2024-11-08 18:30:00,41.66055712
2024-11-08 19:00:00,40.81513519
2024-11-08 19:30:00,38.73824873
2024-11-08 20:00:00,36.77746816
2024-11-08 20:30:00,34.77884546
2024-11-08 21:00:00,32.99644509
2024-11-08 21:30:00,32.48052434
2024-11-08 22:00:00,31.64466211
2024-11-08 22:30:00,29.86787857
2024-11-08 23:00:00,28.59147587
2024-11-08 23:30:00,27.58460646
2024-11-09 00:00:00,26.84319391
2024-11-09 00:30:00,26.42856526
2024-11-09 01:00:00,26.11442534
2024-11-09 01:30:00,25.9898989
2024-11-09 02:00:00,25.85355969
2024-11-09 02:30:00,25.89113197
2024-11-09 03:00:00,26.00883901
2024-11-09 03:30:00,26.40336341
2024-11-09 04:00:00,26.77339927
2024-11-09 04:30:00,26.82611221
2024-11-09 05:00:00,26.84762272
2024-11-09 05:30:00,27.55659274
2024-11-09 06:00:00,27.75702228
2024-11-09 06:30:00,28.12238032
2024-11-09 07:00:00,28.78172832
2024-11-09 07:30:00,30.53906487
2024-11-09 08:00:00,29.21421552
2024-11-09 08:30:00,27.30917809
2024-11-09 09:00:00,25.22859819
2024-11-09 09:30:00,24.66041792
2024-11-09 10:00:00,26.03208451
2024-11-09 10:30:00,24.19273993
2024-11-09 11:00:00,22.69283207
2024-11-09 11:30:00,22.92435841
2024-11-09 12:00:00,22.098533
2024-11-09 12:30:00,23.42152959
2024-11-09 13:00:00,25.29927398
2024-11-09 13:30:00,26.21087874
2024-11-09 14:00:00,27.91792271
2024-11-09 14:30:00,27.248713
2024-11-09 15:00:00,32.66621534
2024-11-09 15:30:00,36.19817049
2024-11-09 16:00:00,38.26964987
2024-11-09 16:30:00,37.81734023
2024-11-09 17:00:00,38.05671597
2024-11-09 17:30:00,38.22906968
2024-11-09 18:00:00,38.51538556
2024-11-09 18:30:00,38.23851792
2024-11-09 19:00:00,37.31989618
2024-11-09 19:30:00,36.46486357
2024-11-09 20:00:00,35.1337326
2024-11-09 20:30:00,34.14841286
2024-11-09 21:00:00,32.60247768
2024-11-09 21:30:00,32.38684776
2024-11-09 22:00:00,31.32150423
2024-11-09 22:30:00,29.89003917
2024-11-09 23:00:00,28.60695664
2024-11-09 23:30:00,27.77037685
2024-11-10 00:00:00,26.93335364
2024-11-10 00:30:00,26.40698237
2024-11-10 01:00:00,25.96238772
2024-11-10 01:30:00,25.90842196
2024-11-10 02:00:00,25.71478842
2024-11-10 02:30:00,25.66977978
2024-11-10 03:00:00,25.65715696
2024-11-10 03:30:00,25.9153159
2024-11-10 04:00:00,26.05239796
2024-11-10 04:30:00,26.27000495
2024-11-10 05:00:00,25.92654913
2024-11-10 05:30:00,26.4697523
2024-11-10 06:00:00,25.77089485
2024-11-10 06:30:00,25.48340633
2024-11-10 07:00:00,24.94968795
2024-11-10 07:30:00,24.28571075
2024-11-10 08:00:00,24.04149286
2024-11-10 08:30:00,24.83291616
2024-11-10 09:00:00,25.4413767
2024-11-10 09:30:00,24.76395497
2024-11-10 10:00:00,24.50877071
2024-11-10 10:30:00,22.85658147
2024-11-10 11:00:00,23.11857574
2024-11-10 11:30:00,23.41619425
2024-11-10 12:00:00,23.2461598
2024-11-10 12:30:00,24.25575196
2024-11-10 13:00:00,25.43451617
2024-11-10 13:30:00,28.97555009
2024-11-10 14:00:00,34.99954909
2024-11-10 14:30:00,29.84645093
2024-11-10 15:00:00,30.19784776
2024-11-10 15:30:00,32.25914317
2024-11-10 16:00:00,35.17044715
2024-11-10 16:30:00,37.30032481
2024-11-10 17:00:00,39.15048167
2024-11-10 17:30:00,39.24117033
2024-11-10 18:00:00,39.17226114
2024-11-10 18:30:00,39.10835908
2024-11-10 19:00:00,38.2129656
2024-11-10 19:30:00,36.82659471
2024-11-10 20:00:00,35.45209256
2024-11-10 20:30:00,33.81856882
2024-11-10 21:00:00,32.35103913
2024-11-10 21:30:00,31.76690675
2024-11-10 22:00:00,30.77283513
2024-11-10 22:30:00,29.07739723
2024-11-10 23:00:00,27.67047658
2024-11-10 23:30:00,26.83924884
2024-11-11 00:00:00,26.3396116
2024-11-11 00:30:00,25.90311284
2024-11-11 01:00:00,25.56556739
2024-11-11 01:30:00,25.34282447
2024-11-11 02:00:00,25.51407677
2024-11-11 02:30:00,26.15192068
2024-11-11 03:00:00,26.53291076
2024-11-11 03:30:00,27.7878225
2024-11-11 04:00:00,28.76728461
2024-11-11 04:30:00,31.23568452
2024-11-11 05:00:00,34.16723163
2024-11-11 05:30:00,37.90007258
2024-11-11 06:00:00,39.86432807
2024-11-11 06:30:00,41.29473289
2024-11-11 07:00:00,40.65124326
2024-11-11 07:30:00,40.3554012
2024-11-11 08:00:00,39.44876736
2024-11-11 08:30:00,38.90346383
2024-11-11 09:00:00,39.3778351
2024-11-11 09:30:00,39.4964874
2024-11-11 10:00:00,38.65801384
2024-11-11 10:30:00,39.75662219
2024-11-11 11:00:00,35.90135243
2024-11-11 11:30:00,33.77458289
2024-11-11 12:00:00,33.64364632
2024-11-11 12:30:00,34.83799248
2024-11-11 13:00:00,39.33406115
2024-11-11 13:30:00,40.4436807
2024-11-11 14:00:00,40.76969959
2024-11-11 14:30:00,41.30658518
2024-11-11 15:00:00,42.73247729
2024-11-11 15:30:00,43.82582001
2024-11-11 16:00:00,43.13340727
2024-11-11 16:30:00,42.85960606
2024-11-11 17:00:00,42.94103353
2024-11-11 17:30:00,41.22180951
2024-11-11 18:00:00,42.16505467
2024-11-11 18:30:00,42.40523228
2024-11-11 19:00:00,40.74426254
2024-11-11 19:30:00,38.8773509
2024-11-11 20:00:00,37.33774043
2024-11-11 20:30:00,35.19368527
2024-11-11 21:00:00,33.15102612
2024-11-11 21:30:00,32.52344157
2024-11-11 22:00:00,31.25499385
2024-11-11 22:30:00,29.43985959
2024-11-11 23:00:00,27.90418618
2024-11-11 23:30:00,27.29127218
2024-11-12 00:00:00,26.64946178
2024-11-12 00:30:00,26.23683802
2024-11-12 01:00:00,25.98240373
2024-11-12 01:30:00,25.83876493
2024-11-12 02:00:00,25.85171823
2024-11-12 02:30:00,26.4293426
2024-11-12 03:00:00,26.61677506
2024-11-12 03:30:00,27.99869947
2024-11-12 04:00:00,29.13787872
2024-11-12 04:30:00,31.32998828
2024-11-12 05:00:00,34.42207096
2024-11-12 05:30:00,38.37822852
2024-11-12 06:00:00,40.90215449
2024-11-12 06:30:00,42.99083406
2024-11-12 07:00:00,41.44972439
2024-11-12 07:30:00,40.37335691
2024-11-12 08:00:00,40.87327128
2024-11-12 08:30:00,38.34620363
2024-11-12 09:00:00,37.25903254
2024-11-12 09:30:00,39.45527058
2024-11-12 10:00:00,39.90975142
2024-11-12 10:30:00,42.20234586
2024-11-12 11:00:00,41.22906692
2024-11-12 11:30:00,41.41977064
2024-11-12 12:00:00,39.63027299
2024-11-12 12:30:00,43.60637547
2024-11-12 13:00:00,44.082975
2024-11-12 13:30:00,43.52590741
2024-11-12 14:00:00,44.24846083
2024-11-12 14:30:00,45.76254811
2024-11-12 15:00:00,46.07107774
2024-11-12 15:30:00,43.81109986
2024-11-12 16:00:00,46.69236821
2024-11-12 16:30:00,46.52984051
2024-11-12 17:00:00,45.50049157
2024-11-12 17:30:00,43.88345374
2024-11-12 18:00:00,43.8228793
2024-11-12 18:30:00,43.2344412
2024-11-12 19:00:00,42.08342148
2024-11-12 19:30:00,39.85552367
2024-11-12 20:00:00,37.78220216
2024-11-12 20:30:00,35.76335832
2024-11-12 21:00:00,33.57087405
2024-11-12 21:30:00,32.86256827
2024-11-12 22:00:00,31.77442202
2024-11-12 22:30:00,29.82812089
2024-11-12 23:00:00,28.15011513
2024-11-12 23:30:00,27.44125151
2024-11-13 00:00:00,26.78437959
2024-11-13 00:30:00,26.4705566
2024-11-13 01:00:00,26.26467771
2024-11-13 01:30:00,25.89445049
2024-11-13 02:00:00,26.02954571
2024-11-13 02:30:00,26.66703782
2024-11-13 03:00:00,26.94053403
2024-11-13 03:30:00,28.18867613
2024-11-13 04:00:00,29.01241013
2024-11-13 04:30:00,30.87532333
2024-11-13 05:00:00,33.05994478
2024-11-13 05:30:00,36.43091938
2024-11-13 06:00:00,40.22044148
2024-11-13 06:30:00,42.34920138
2024-11-13 07:00:00,38.72383594
2024-11-13 07:30:00,41.48598169
2024-11-13 08:00:00,40.84616198
2024-11-13 08:30:00,39.77670409
2024-11-13 09:00:00,42.22734701
2024-11-13 09:30:00,42.26151563
2024-11-13 10:00:00,40.33218513
2024-11-13 10:30:00,39.38193612
2024-11-13 11:00:00,42.89050878
2024-11-13 11:30:00,37.07773851
2024-11-13 12:00:00,39.67600307
2024-11-13 12:30:00,44.24481644
2024-11-13 13:00:00,41.15247218
2024-11-13 13:30:00,36.54911911
2024-11-13 14:00:00,42.51807674
2024-11-13 14:30:00,42.85889762
2024-11-13 15:00:00,45.30922524
2024-11-13 15:30:00,45.11137862
2024-11-13 16:00:00,43.81540017
2024-11-13 16:30:00,44.65344782
2024-11-13 17:00:00,44.10961803
2024-11-13 17:30:00,42.96427102
2024-11-13 18:00:00,42.70668188
2024-11-13 18:30:00,42.28458352
2024-11-13 19:00:00,41.13153393
2024-11-13 19:30:00,39.15220286
2024-11-13 20:00:00,37.27974772
2024-11-13 20:30:00,35.04020183
2024-11-13 21:00:00,33.14175665
2024-11-13 21:30:00,32.50957615
2024-11-13 22:00:00,31.49441746
2024-11-13 22:30:00,29.41284313
2024-11-13 23:00:00,27.91277232
2024-11-13 23:30:00,26.96574161
2024-11-14 00:00:00,26.47721061
2024-11-14 00:30:00,26.14576839
2024-11-14 01:00:00,25.71325851
2024-11-14 01:30:00,25.7923438
2024-11-14 02:00:00,25.73004054
2024-11-14 02:30:00,26.26372159
2024-11-14 03:00:00,26.51081629
2024-11-14 03:30:00,27.46858938
2024-11-14 04:00:00,28.30136252
2024-11-14 04:30:00,30.4089427
2024-11-14 05:00:00,32.73367833
2024-11-14 05:30:00,36.35280543
2024-11-14 06:00:00,39.21098681
2024-11-14 06:30:00,40.38447642
2024-11-14 07:00:00,40.55741135
2024-11-14 07:30:00,40.06464333
2024-11-14 08:00:00,39.86617471
2024-11-14 08:30:00,41.70550038
2024-11-14 09:00:00,40.58246314
2024-11-14 09:30:00,41.49525195
2024-11-14 10:00:00,39.11453887
2024-11-14 10:30:00,37.43317194
2024-11-14 11:00:00,34.05556599
2024-11-14 11:30:00,34.28257327
2024-11-14 12:00:00,37.03689089
2024-11-14 12:30:00,39.90355948
2024-11-14 13:00:00,39.04713311
2024-11-14 13:30:00,37.21203096
2024-11-14 14:00:00,39.60086933
2024-11-14 14:30:00,42.42340746
2024-11-14 15:00:00,44.50262952
2024-11-14 15:30:00,46.51034272
2024-11-14 16:00:00,47.07778901
2024-11-14 16:30:00,44.41852765
2024-11-14 17:00:00,43.38499823
2024-11-14 17:30:00,42.28456146
2024-11-14 18:00:00,41.78819851
2024-11-14 18:30:00,41.67274691
2024-11-14 19:00:00,40.48832788
2024-11-14 19:30:00,38.75091673
2024-11-14 20:00:00,37.01153629
2024-11-14 20:30:00,35.03917208
2024-11-14 21:00:00,33.23657948
2024-11-14 21:30:00,32.56792748
2024-11-14 22:00:00,31.48616167
2024-11-14 22:30:00,29.85262482
2024-11-14 23:00:00,28.18407066
2024-11-14 23:30:00,27.49911795
2024-11-15 00:00:00,26.72980229
2024-11-15 00:30:00,26.37821014
2024-11-15 01:00:00,26.03792412
2024-11-15 01:30:00,26.06457606
2024-11-15 02:00:00,25.97011463
2024-11-15 02:30:00,26.36818399
2024-11-15 03:00:00,26.58314754
2024-11-15 03:30:00,27.48188414
2024-11-15 04:00:00,28.46912868
2024-11-15 04:30:00,30.24144561
2024-11-15 05:00:00,33.27090207
2024-11-15 05:30:00,36.92687217
2024-11-15 06:00:00,39.66139411
2024-11-15 06:30:00,41.64305346
2024-11-15 07:00:00,41.97618011
2024-11-15 07:30:00,42.28539523
2024-11-15 08:00:00,42.07031217
2024-11-15 08:30:00,42.61507746
2024-11-15 09:00:00,42.17764593
2024-11-15 09:30:00,40.65614342
2024-11-15 10:00:00,37.4845323
2024-11-15 10:30:00,36.63846436
2024-11-15 11:00:00,37.34105316
2024-11-15 11:30:00,36.64220488
2024-11-15 12:00:00,36.88764126
2024-11-15 12:30:00,35.94792634
2024-11-15 13:00:00,35.48163597
2024-11-15 13:30:00,34.46732581
2024-11-15 14:00:00,36.18881217
2024-11-15 14:30:00,38.74634474
2024-11-15 15:00:00,41.26486691
2024-11-15 15:30:00,42.00119784
2024-11-15 16:00:00,44.94237533
2024-11-15 16:30:00,44.54714329
2024-11-15 17:00:00,45.68759463
2024-11-15 17:30:00,42.87810362
2024-11-15 18:00:00,42.31464471
2024-11-15 18:30:00,42.22052569
2024-11-15 19:00:00,41.23270251
2024-11-15 19:30:00,38.75098771
2024-11-15 20:00:00,37.02019505
2024-11-15 20:30:00,35.13588972
2024-11-15 21:00:00,33.54171097
2024-11-15 21:30:00,33.15805804
2024-11-15 22:00:00,31.86437026
2024-11-15 22:30:00,30.05421037
2024-11-15 23:00:00,28.68105121
2024-11-15 23:30:00,27.75500345
2024-11-16 00:00:00,26.93509161
2024-11-16 00:30:00,26.54959324
2024-11-16 01:00:00,26.19312595
2024-11-16 01:30:00,26.02016572
2024-11-16 02:00:00,25.81503537
2024-11-16 02:30:00,25.9813869
2024-11-16 03:00:00,25.87384185
2024-11-16 03:30:00,26.26584611
2024-11-16 04:00:00,26.472698
2024-11-16 04:30:00,26.80561609
2024-11-16 05:00:00,27.33984896
2024-11-16 05:30:00,27.47973581
2024-11-16 06:00:00,27.86659774
2024-11-16 06:30:00,28.78300014
2024-11-16 07:00:00,28.21358557
2024-11-16 07:30:00,27.3094174
2024-11-16 08:00:00,25.91209217
2024-11-16 08:30:00,26.01130336
2024-11-16 09:00:00,25.20775733
2024-11-16 09:30:00,26.24267531
2024-11-16 10:00:00,26.97159844
2024-11-16 10:30:00,29.14532835
2024-11-16 11:00:00,31.00659604
2024-11-16 11:30:00,30.80508555
2024-11-16 12:00:00,30.75420098
2024-11-16 12:30:00,29.99248151
2024-11-16 13:00:00,31.2138133
2024-11-16 13:30:00,33.2384015
2024-11-16 14:00:00,31.96655008
2024-11-16 14:30:00,35.51027053
2024-11-16 15:00:00,37.03388848
2024-11-16 15:30:00,37.36622911
2024-11-16 16:00:00,41.03783059
2024-11-16 16:30:00,41.36215325
2024-11-16 17:00:00,42.76537881
2024-11-16 17:30:00,42.50217879
2024-11-16 18:00:00,41.8643082
2024-11-16 18:30:00,41.31869069
2024-11-16 19:00:00,40.5134858
2024-11-16 19:30:00,39.28268443
2024-11-16 20:00:00,38.18482209
2024-11-16 20:30:00,36.25642907
2024-11-16 21:00:00,34.50900118
2024-11-16 21:30:00,33.70485674
2024-11-16 22:00:00,32.84284131
2024-11-16 22:30:00,31.03092527
2024-11-16 23:00:00,29.70721768
2024-11-16 23:30:00,28.82776725
2024-11-17 00:00:00,27.87257
2024-11-17 00:30:00,27.29487328
2024-11-17 01:00:00,26.70243272
2024-11-17 01:30:00,26.53191299
2024-11-17 02:00:00,26.36219799
2024-11-17 02:30:00,26.19595402
2024-11-17 03:00:00,25.97591619
2024-11-17 03:30:00,26.16551411
2024-11-17 04:00:00,26.0614432
2024-11-17 04:30:00,25.81843528
2024-11-17 05:00:00,25.89868277
2024-11-17 05:30:00,26.40244527
2024-11-17 06:00:00,26.42823184
2024-11-17 06:30:00,25.26898632
2024-11-17 07:00:00,26.93760351
2024-11-17 07:30:00,27.2891421
2024-11-17 08:00:00,30.50490438
2024-11-17 08:30:00,36.01655779
2024-11-17 09:00:00,35.54247673
2024-11-17 09:30:00,36.31471067
2024-11-17 10:00:00,38.70876868
2024-11-17 10:30:00,35.57603947
2024-11-17 11:00:00,34.67205227
2024-11-17 11:30:00,41.54166296
2024-11-17 12:00:00,44.29304331
2024-11-17 12:30:00,43.626757
2024-11-17 13:00:00,42.93497932
2024-11-17 13:30:00,42.41801592
2024-11-17 14:00:00,42.50085211
2024-11-17 14:30:00,41.59582926
2024-11-17 15:00:00,41.29082505
2024-11-17 15:30:00,41.06604873
2024-11-17 16:00:00,40.71633504
2024-11-17 16:30:00,39.90538517
2024-11-17 17:00:00,39.41832688
2024-11-17 17:30:00,39.16405672
2024-11-17 18:00:00,39.30357578
2024-11-17 18:30:00,40.07052859
2024-11-17 19:00:00,39.55642528
2024-11-17 19:30:00,38.21499948
2024-11-17 20:00:00,36.63469245
2024-11-17 20:30:00,34.871391
2024-11-17 21:00:00,33.09576244
2024-11-17 21:30:00,32.42334092
2024-11-17 22:00:00,31.36818026
2024-11-17 22:30:00,29.52315091
2024-11-17 23:00:00,28.0120086
2024-11-17 23:30:00,27.1716665
2024-11-18 00:00:00,26.48405301
2024-11-18 00:30:00,25.96339018
2024-11-18 01:00:00,25.7230476
2024-11-18 01:30:00,25.58889823
2024-11-18 02:00:00,25.73202706
2024-11-18 02:30:00,26.35593633
2024-11-18 03:00:00,26.66844244
2024-11-18 03:30:00,27.6778783
2024-11-18 04:00:00,28.30434788
2024-11-18 04:30:00,30.50846882
2024-11-18 05:00:00,32.63577173
2024-11-18 05:30:00,35.91810228
2024-11-18 06:00:00,36.32693926
2024-11-18 06:30:00,36.62244207
2024-11-18 07:00:00,34.77192117
2024-11-18 07:30:00,33.27251564
2024-11-18 08:00:00,31.21743517
2024-11-18 08:30:00,30.54384592
2024-11-18 09:00:00,30.17987035
2024-11-18 09:30:00,31.03588978
2024-11-18 10:00:00,29.88731798
2024-11-18 10:30:00,30.12724861
2024-11-18 11:00:00,30.24267271
2024-11-18 11:30:00,30.79854386
2024-11-18 12:00:00,30.44092537
2024-11-18 12:30:00,30.5768901
2024-11-18 13:00:00,30.53971779
2024-11-18 13:30:00,31.73819001
2024-11-18 14:00:00,33.18536886
2024-11-18 14:30:00,35.52037508
2024-11-18 15:00:00,37.74021257
2024-11-18 15:30:00,40.04721774
2024-11-18 16:00:00,42.21395077
2024-11-18 16:30:00,41.7620112
2024-11-18 17:00:00,42.84680106
2024-11-18 17:30:00,40.87763642
2024-11-18 18:00:00,40.83880444
2024-11-18 18:30:00,40.85767671
2024-11-18 19:00:00,40.02352098
2024-11-18 19:30:00,38.34274856
2024-11-18 20:00:00,36.3694944
2024-11-18 20:30:00,34.83338207
2024-11-18 21:00:00,32.61036586
2024-11-18 21:30:00,31.94837449
2024-11-18 22:00:00,30.74450143
2024-11-18 22:30:00,29.02147185
2024-11-18 23:00:00,27.48007403
2024-11-18 23:30:00,26.71911721
2024-11-19 00:00:00,26.10717148
2024-11-19 00:30:00,25.88352527
2024-11-19 01:00:00,25.51489726
2024-11-19 01:30:00,25.52820885
2024-11-19 02:00:00,25.55896525
2024-11-19 02:30:00,26.04377374
2024-11-19 03:00:00,26.39989282
2024-11-19 03:30:00,27.2170732
2024-11-19 04:00:00,28.11826066
2024-11-19 04:30:00,30.03426097
2024-11-19 05:00:00,32.19778715
2024-11-19 05:30:00,35.88857164
2024-11-19 06:00:00,36.97322654
2024-11-19 06:30:00,39.17907189
2024-11-19 07:00:00,38.22368144
2024-11-19 07:30:00,36.04878509
2024-11-19 08:00:00,34.81057885
2024-11-19 08:30:00,34.73315281
2024-11-19 09:00:00,33.55717532
2024-11-19 09:30:00,32.73931127
2024-11-19 10:00:00,31.12213916
2024-11-19 10:30:00,31.20804422
2024-11-19 11:00:00,31.19998008
2024-11-19 11:30:00,31.73585382
2024-11-19 12:00:00,31.61461708
2024-11-19 12:30:00,32.26567105
2024-11-19 13:00:00,32.93847881
2024-11-19 13:30:00,34.03223419
2024-11-19 14:00:00,36.38831065
2024-11-19 14:30:00,38.14508347
2024-11-19 15:00:00,40.39195114
2024-11-19 15:30:00,42.26212049
2024-11-19 16:00:00,44.88773454
2024-11-19 16:30:00,43.86913538
2024-11-19 17:00:00,43.73896657
2024-11-19 17:30:00,41.9424106
2024-11-19 18:00:00,41.50363116
2024-11-19 18:30:00,41.81862614
2024-11-19 19:00:00,40.81422676
2024-11-19 19:30:00,38.67891734
2024-11-19 20:00:00,36.58925235
2024-11-19 20:30:00,34.60487911
2024-11-19 21:00:00,32.59817393
2024-11-19 21:30:00,32.04186023
2024-11-19 22:00:00,30.72998084
2024-11-19 22:30:00,29.00013947
2024-11-19 23:00:00,27.64808377
2024-11-19 23:30:00,26.82578059
2024-11-20 00:00:00,26.44257359
2024-11-20 00:30:00,26.0224813
2024-11-20 01:00:00,25.88511793
2024-11-20 01:30:00,25.62071723
2024-11-20 02:00:00,25.60694134
2024-11-20 02:30:00,26.30227243
2024-11-20 03:00:00,26.51127509
2024-11-20 03:30:00,27.51682387
2024-11-20 04:00:00,28.26497673
2024-11-20 04:30:00,30.38014938
2024-11-20 05:00:00,32.95074574
2024-11-20 05:30:00,36.49541675
2024-11-20 06:00:00,36.75594138
2024-11-20 06:30:00,37.82366131
2024-11-20 07:00:00,37.41357114
2024-11-20 07:30:00,35.68537181
2024-11-20 08:00:00,36.96902699
2024-11-20 08:30:00,39.09562978
2024-11-20 09:00:00,37.64241297
2024-11-20 09:30:00,38.05352652
2024-11-20 10:00:00,36.41810971
2024-11-20 10:30:00,35.99853881
2024-11-20 11:00:00,35.29730101
2024-11-20 11:30:00,36.47814137
2024-11-20 12:00:00,35.388217
2024-11-20 12:30:00,36.79293519
2024-11-20 13:00:00,36.93970327
2024-11-20 13:30:00,37.84491
2024-11-20 14:00:00,39.45675293
2024-11-20 14:30:00,41.05497975
2024-11-20 15:00:00,42.54594268
2024-11-20 15:30:00,45.12957218
2024-11-20 16:00:00,48.82754286
2024-11-20 16:30:00,46.13853531
2024-11-20 17:00:00,45.24975324
2024-11-20 17:30:00,42.80476354
2024-11-20 18:00:00,41.93913604
2024-11-20 18:30:00,42.04586702
2024-11-20 19:00:00,41.22884177
2024-11-20 19:30:00,39.36602216
2024-11-20 20:00:00,37.77745006
2024-11-20 20:30:00,36.00323733
2024-11-20 21:00:00,34.07340649
2024-11-20 21:30:00,33.12774245
2024-11-20 22:00:00,32.0204895
2024-11-20 22:30:00,30.02756815
2024-11-20 23:00:00,28.294549
2024-11-20 23:30:00,27.53909824
2024-11-21 00:00:00,26.70178264
2024-11-21 00:30:00,26.33497209
2024-11-21 01:00:00,26.08775694
2024-11-21 01:30:00,25.94742892
2024-11-21 02:00:00,25.96165394
2024-11-21 02:30:00,26.55919255
2024-11-21 03:00:00,26.82557719
2024-11-21 03:30:00,27.92361087
2024-11-21 04:00:00,28.81716681
2024-11-21 04:30:00,30.73055427
2024-11-21 05:00:00,32.9808443
2024-11-21 05:30:00,36.3554131
2024-11-21 06:00:00,37.09886483
2024-11-21 06:30:00,37.68949769
2024-11-21 07:00:00,37.65092733
2024-11-21 07:30:00,37.94550466
2024-11-21 08:00:00,37.4552412
2024-11-21 08:30:00,36.69574045
2024-11-21 09:00:00,35.3468844
2024-11-21 09:30:00,36.52082947
2024-11-21 10:00:00,35.9737913
2024-11-21 10:30:00,36.07448441
2024-11-21 11:00:00,35.78603567
2024-11-21 11:30:00,37.31408535
2024-11-21 12:00:00,37.13024805
2024-11-21 12:30:00,39.20851066
2024-11-21 13:00:00,40.36034961
2024-11-21 13:30:00,42.12207045
2024-11-21 14:00:00,44.15461157
2024-11-21 14:30:00,51.05120452
2024-11-21 15:00:00,49.94597218
2024-11-21 15:30:00,49.13502818
2024-11-21 16:00:00,49.06891391
2024-11-21 16:30:00,47.80326341
2024-11-21 17:00:00,46.28755137
2024-11-21 17:30:00,43.86961546
2024-11-21 18:00:00,43.56322055
2024-11-21 18:30:00,43.57919162
2024-11-21 19:00:00,42.7242301
2024-11-21 19:30:00,40.71701028
2024-11-21 20:00:00,38.51675529
2024-11-21 20:30:00,36.58396861
2024-11-21 21:00:00,34.42444447
2024-11-21 21:30:00,33.44821716
2024-11-21 22:00:00,32.30951137
2024-11-21 22:30:00,30.2716648
2024-11-21 23:00:00,28.60272201
2024-11-21 23:30:00,27.79720616
2024-11-22 00:00:00,27.02594648
2024-11-22 00:30:00,26.64155967
2024-11-22 01:00:00,26.36249484
2024-11-22 01:30:00,26.39670159
2024-11-22 02:00:00,26.26067175
2024-11-22 02:30:00,26.7473841
2024-11-22 03:00:00,26.93255933
2024-11-22 03:30:00,28.0680093
2024-11-22 04:00:00,28.37248754
2024-11-22 04:30:00,29.96098037
2024-11-22 05:00:00,32.92906647
2024-11-22 05:30:00,35.91076788
2024-11-22 06:00:00,36.45481823
2024-11-22 06:30:00,37.63910131
2024-11-22 07:00:00,37.52909034
2024-11-22 07:30:00,37.63310978
2024-11-22 08:00:00,38.05300654
2024-11-22 08:30:00,37.28212893
2024-11-22 09:00:00,36.62736627
2024-11-22 09:30:00,37.71214654
2024-11-22 10:00:00,38.30737148
2024-11-22 10:30:00,39.12493097
2024-11-22 11:00:00,40.08305109
2024-11-22 11:30:00,41.52872084
2024-11-22 12:00:00,46.87777066
2024-11-22 12:30:00,50.8286762
2024-11-22 13:00:00,48.04592994
2024-11-22 13:30:00,48.04082741
2024-11-22 14:00:00,54.86580698
2024-11-22 14:30:00,53.56569821
2024-11-22 15:00:00,52.66849752
2024-11-22 15:30:00,51.48618473
2024-11-22 16:00:00,51.15376083
2024-11-22 16:30:00,49.21288642
2024-11-22 17:00:00,49.39240395
2024-11-22 17:30:00,47.16058085
2024-11-22 18:00:00,46.49772193
2024-11-22 18:30:00,46.04694164
2024-11-22 19:00:00,44.99286535
2024-11-22 19:30:00,42.48139942
2024-11-22 20:00:00,40.2677095
2024-11-22 20:30:00,38.32398141
2024-11-22 21:00:00,36.17685932
2024-11-22 21:30:00,35.54456085
2024-11-22 22:00:00,33.95650863
2024-11-22 22:30:00,31.78052487
2024-11-22 23:00:00,30.05301137
2024-11-22 23:30:00,28.93722409
2024-11-23 00:00:00,28.23190351
2024-11-23 00:30:00,27.61926163
2024-11-23 01:00:00,26.97935441
2024-11-23 01:30:00,26.98129941
2024-11-23 02:00:00,26.65939067
2024-11-23 02:30:00,26.76164702
2024-11-23 03:00:00,26.62068483
2024-11-23 03:30:00,26.9973657
2024-11-23 04:00:00,26.90745875
2024-11-23 04:30:00,27.14297448
2024-11-23 05:00:00,27.3749156
2024-11-23 05:30:00,27.70490548
2024-11-23 06:00:00,27.83551992
2024-11-23 06:30:00,28.26391284
2024-11-23 07:00:00,29.185068
2024-11-23 07:30:00,29.94649476
2024-11-23 08:00:00,29.14883406
2024-11-23 08:30:00,29.50045655
2024-11-23 09:00:00,29.64386679
2024-11-23 09:30:00,30.51453737
2024-11-23 10:00:00,31.25153197
2024-11-23 10:30:00,31.7443995
2024-11-23 11:00:00,32.04352156
2024-11-23 11:30:00,32.59274984
2024-11-23 12:00:00,33.44680483
2024-11-23 12:30:00,35.02165721
2024-11-23 13:00:00,35.81989347
2024-11-23 13:30:00,36.52642882
2024-11-23 14:00:00,38.29798607
2024-11-23 14:30:00,42.51208406
2024-11-23 15:00:00,45.95080793
2024-11-23 15:30:00,43.59439964
2024-11-23 16:00:00,45.289326
2024-11-23 16:30:00,47.28103594
2024-11-23 17:00:00,48.32177587
2024-11-23 17:30:00,47.48573113
2024-11-23 18:00:00,46.65268538
2024-11-23 18:30:00,45.82289766
2024-11-23 19:00:00,44.62697646
2024-11-23 19:30:00,43.04432799
2024-11-23 20:00:00,41.32984515
2024-11-23 20:30:00,38.99965699
2024-11-23 21:00:00,37.06232612
2024-11-23 21:30:00,36.0203171
2024-11-23 22:00:00,34.55623217
2024-11-23 22:30:00,32.44374348
2024-11-23 23:00:00,30.88377044
2024-11-23 23:30:00,29.89131858
2024-11-24 00:00:00,29.09181344
2024-11-24 00:30:00,28.38097863
2024-11-24 01:00:00,27.86655567
2024-11-24 01:30:00,27.46112754
2024-11-24 02:00:00,27.17530539
2024-11-24 02:30:00,27.16046235
2024-11-24 03:00:00,27.04013848
2024-11-24 03:30:00,27.02845519
2024-11-24 04:00:00,26.71199709
2024-11-24 04:30:00,26.69678593
2024-11-24 05:00:00,27.21241783
2024-11-24 05:30:00,26.81404362
2024-11-24 06:00:00,26.87162539
2024-11-24 06:30:00,26.5685004
2024-11-24 07:00:00,27.0421248
2024-11-24 07:30:00,29.07466882
2024-11-24 08:00:00,29.2980347
2024-11-24 08:30:00,28.9684882
2024-11-24 09:00:00,28.8246038
2024-11-24 09:30:00,30.60341998
2024-11-24 10:00:00,31.42123697
2024-11-24 10:30:00,31.63788359
2024-11-24 11:00:00,33.22830655
2024-11-24 11:30:00,35.82674307
2024-11-24 12:00:00,39.37169993
2024-11-24 12:30:00,40.04564286
2024-11-24 13:00:00,39.65593071
2024-11-24 13:30:00,41.22484233
2024-11-24 14:00:00,40.4529217
2024-11-24 14:30:00,46.10020609
2024-11-24 15:00:00,43.40965838
2024-11-24 15:30:00,46.48943671
2024-11-24 16:00:00,50.27273618
2024-11-24 16:30:00,50.70039014
2024-11-24 17:00:00,50.39837611
2024-11-24 17:30:00,49.31246859
2024-11-24 18:00:00,48.05842669
2024-11-24 18:30:00,47.4474801
2024-11-24 19:00:00,46.39278704
2024-11-24 19:30:00,44.2432087
2024-11-24 20:00:00,41.66959207
2024-11-24 20:30:00,38.73835141
2024-11-24 21:00:00,36.63160154
2024-11-24 21:30:00,35.53948486
2024-11-24 22:00:00,33.78556987
2024-11-24 22:30:00,32.03371069
2024-11-24 23:00:00,30.35029459
2024-11-24 23:30:00,29.46387694
2024-11-25 00:00:00,28.77787076
2024-11-25 00:30:00,28.38572239
2024-11-25 01:00:00,28.1106473
2024-11-25 01:30:00,27.70391691
2024-11-25 02:00:00,27.76864605
2024-11-25 02:30:00,28.54007353
2024-11-25 03:00:00,28.98841421
2024-11-25 03:30:00,29.91859282
2024-11-25 04:00:00,30.91370909
2024-11-25 04:30:00,33.07756373
2024-11-25 05:00:00,36.278294
2024-11-25 05:30:00,39.54373488
2024-11-25 06:00:00,41.28159514
2024-11-25 06:30:00,44.77801866
2024-11-25 07:00:00,44.26423952
2024-11-25 07:30:00,44.52286592
2024-11-25 08:00:00,45.41098185
2024-11-25 08:30:00,48.43464182
2024-11-25 09:00:00,45.40444686
2024-11-25 09:30:00,46.11398617
2024-11-25 10:00:00,48.30937524
2024-11-25 10:30:00,50.41624267
2024-11-25 11:00:00,49.49963965
2024-11-25 11:30:00,48.91874897
2024-11-25 12:00:00,51.40308535
2024-11-25 12:30:00,55.44628909
2024-11-25 13:00:00,58.20047089
2024-11-25 13:30:00,56.93364072
2024-11-25 14:00:00,59.63763735
2024-11-25 14:30:00,60.49762675
2024-11-25 15:00:00,59.13161063
2024-11-25 15:30:00,60.01314368
2024-11-25 16:00:00,61.04472755
2024-11-25 16:30:00,58.96979052
2024-11-25 17:00:00,58.54550727
2024-11-25 17:30:00,54.97914302
2024-11-25 18:00:00,53.20046146
2024-11-25 18:30:00,52.01745375
2024-11-25 19:00:00,50.5817935
2024-11-25 19:30:00,47.82093254
2024-11-25 20:00:00,44.83268262
2024-11-25 20:30:00,41.88995454
2024-11-25 21:00:00,39.43198699
2024-11-25 21:30:00,38.26932884
2024-11-25 22:00:00,36.33781853
2024-11-25 22:30:00,33.79236885
2024-11-25 23:00:00,32.02762252
2024-11-25 23:30:00,31.09008457
2024-11-26 00:00:00,30.39181762
2024-11-26 00:30:00,29.6361689
2024-11-26 01:00:00,29.16108752
2024-11-26 01:30:00,29.08666791
2024-11-26 02:00:00,28.85130224
2024-11-26 02:30:00,29.57778935
2024-11-26 03:00:00,29.81967132
2024-11-26 03:30:00,30.74833088
2024-11-26 04:00:00,31.60316618
2024-11-26 04:30:00,34.30498869
2024-11-26 05:00:00,37.70226304
2024-11-26 05:30:00,41.79877128
2024-11-26 06:00:00,48.01570442
2024-11-26 06:30:00,51.82930428
2024-11-26 07:00:00,51.15850737
2024-11-26 07:30:00,51.07980923
2024-11-26 08:00:00,46.11944176
2024-11-26 08:30:00,47.84488067
2024-11-26 09:00:00,52.68035354
2024-11-26 09:30:00,47.51880634
2024-11-26 10:00:00,49.85832815
2024-11-26 10:30:00,50.3175391
2024-11-26 11:00:00,53.44450346
2024-11-26 11:30:00,53.44960842
2024-11-26 12:00:00,58.44353817
2024-11-26 12:30:00,58.40820378
2024-11-26 13:00:00,54.46919801
2024-11-26 13:30:00,55.7436662
2024-11-26 14:00:00,60.42806644
2024-11-26 14:30:00,60.44124959
2024-11-26 15:00:00,56.74575421
2024-11-26 15:30:00,59.45861451
2024-11-26 16:00:00,57.66202576
2024-11-26 16:30:00,54.05221437
2024-11-26 17:00:00,52.6217977
2024-11-26 17:30:00,49.65043346
2024-11-26 18:00:00,49.60584669
2024-11-26 18:30:00,49.43525083
2024-11-26 19:00:00,48.30422513
2024-11-26 19:30:00,45.81493724
2024-11-26 20:00:00,43.52074701
2024-11-26 20:30:00,40.96031456
2024-11-26 21:00:00,38.11765879
2024-11-26 21:30:00,36.77304751
2024-11-26 22:00:00,35.07706331
2024-11-26 22:30:00,32.72765303
2024-11-26 23:00:00,31.12885368
2024-11-26 23:30:00,30.11758615
2024-11-27 00:00:00,29.53130424
2024-11-27 00:30:00,29.18993992
2024-11-27 01:00:00,28.8773052
2024-11-27 01:30:00,28.63097589
2024-11-27 02:00:00,28.69381782
2024-11-27 02:30:00,29.34391544
2024-11-27 03:00:00,29.85937156
2024-11-27 03:30:00,30.78924775
2024-11-27 04:00:00,31.82050073
2024-11-27 04:30:00,35.1024743
2024-11-27 05:00:00,38.93466772
2024-11-27 05:30:00,44.63389971
2024-11-27 06:00:00,45.6962591
2024-11-27 06:30:00,48.95563955
2024-11-27 07:00:00,49.87046625
2024-11-27 07:30:00,50.26920383
2024-11-27 08:00:00,48.70647648
2024-11-27 08:30:00,46.85556689
2024-11-27 09:00:00,52.18607055
2024-11-27 09:30:00,51.62343822
2024-11-27 10:00:00,55.34091899
2024-11-27 10:30:00,59.01982563
2024-11-27 11:00:00,57.95960863
2024-11-27 11:30:00,56.67847321
2024-11-27 12:00:00,55.58784276
2024-11-27 12:30:00,53.85597847
2024-11-27 13:00:00,49.89899706
2024-11-27 13:30:00,50.60770946
2024-11-27 14:00:00,48.24953812
2024-11-27 14:30:00,52.34551476
2024-11-27 15:00:00,52.17273622
2024-11-27 15:30:00,51.90896588
2024-11-27 16:00:00,51.86544126
2024-11-27 16:30:00,48.47295158
2024-11-27 17:00:00,47.26604756
2024-11-27 17:30:00,45.06884417
2024-11-27 18:00:00,44.7608521
2024-11-27 18:30:00,44.35064201
2024-11-27 19:00:00,43.67528696
2024-11-27 19:30:00,42.27851834
2024-11-27 20:00:00,40.6282474
2024-11-27 20:30:00,38.24955062
2024-11-27 21:00:00,36.51565825
2024-11-27 21:30:00,35.6456324
2024-11-27 22:00:00,34.12261452
2024-11-27 22:30:00,31.99668196
2024-11-27 23:00:00,30.41474475
2024-11-27 23:30:00,29.6737997
2024-11-28 00:00:00,28.71558721
2024-11-28 00:30:00,28.07865723
2024-11-28 01:00:00,27.75018921
2024-11-28 01:30:00,27.73021597
2024-11-28 02:00:00,27.64745264
2024-11-28 02:30:00,28.1593127
2024-11-28 03:00:00,28.43781842
2024-11-28 03:30:00,29.47381337
2024-11-28 04:00:00,30.60342742
2024-11-28 04:30:00,33.10215195
2024-11-28 05:00:00,37.14474222
2024-11-28 05:30:00,42.34811069
2024-11-28 06:00:00,45.34073078
2024-11-28 06:30:00,46.76823583
2024-11-28 07:00:00,47.56814222
2024-11-28 07:30:00,47.92554109
2024-11-28 08:00:00,47.62135664
2024-11-28 08:30:00,46.84255068
2024-11-28 09:00:00,48.20696614
2024-11-28 09:30:00,50.34766973
2024-11-28 10:00:00,48.34193051
2024-11-28 10:30:00,49.30667907
2024-11-28 11:00:00,50.79301502
2024-11-28 11:30:00,57.58168328
2024-11-28 12:00:00,59.91362801
2024-11-28 12:30:00,46.4144403
2024-11-28 13:00:00,49.5574212
2024-11-28 13:30:00,47.05822567
2024-11-28 14:00:00,54.22271769
2024-11-28 14:30:00,56.30567613
2024-11-28 15:00:00,57.38879571
2024-11-28 15:30:00,58.64138851
2024-11-28 16:00:00,58.8113504
2024-11-28 16:30:00,55.48523637
2024-11-28 17:00:00,52.24827411
2024-11-28 17:30:00,49.23376043
2024-11-28 18:00:00,48.11913174
2024-11-28 18:30:00,46.67044948
2024-11-28 19:00:00,45.96069962
2024-11-28 19:30:00,43.56787954
2024-11-28 20:00:00,41.7455627
2024-11-28 20:30:00,39.2218771
2024-11-28 21:00:00,37.03294618
2024-11-28 21:30:00,36.37255789
2024-11-28 22:00:00,34.80764219
2024-11-28 22:30:00,32.47571739
2024-11-28 23:00:00,30.79622029
2024-11-28 23:30:00,30.02816913
2024-11-29 00:00:00,29.24477323
2024-11-29 00:30:00,28.64444232
2024-11-29 01:00:00,28.06314892
2024-11-29 01:30:00,27.98647366
2024-11-29 02:00:00,27.84981656
2024-11-29 02:30:00,28.7486059
2024-11-29 03:00:00,29.12087351
2024-11-29 03:30:00,30.15124743
2024-11-29 04:00:00,30.96989084
2024-11-29 04:30:00,33.02498906
2024-11-29 05:00:00,36.28564363
2024-11-29 05:30:00,41.50642115
2024-11-29 06:00:00,44.09211743
2024-11-29 06:30:00,47.65182901
2024-11-29 07:00:00,48.70599423
2024-11-29 07:30:00,48.5001436
2024-11-29 08:00:00,47.8826425
2024-11-29 08:30:00,48.18964078
2024-11-29 09:00:00,49.03091691
2024-11-29 09:30:00,51.08655527
2024-11-29 10:00:00,51.47230746
2024-11-29 10:30:00,51.37952849
2024-11-29 11:00:00,52.12163622
2024-11-29 11:30:00,52.08975454
2024-11-29 12:00:00,51.04853226
2024-11-29 12:30:00,48.82519031
2024-11-29 13:00:00,48.05808854
2024-11-29 13:30:00,48.30832548
2024-11-29 14:00:00,48.37947157
2024-11-29 14:30:00,49.34802459
2024-11-29 15:00:00,48.47511462
2024-11-29 15:30:00,48.59801861
2024-11-29 16:00:00,49.33152511
2024-11-29 16:30:00,47.52688749
2024-11-29 17:00:00,47.4959561
2024-11-29 17:30:00,45.42051525
2024-11-29 18:00:00,45.43743343
2024-11-29 18:30:00,44.88378767
2024-11-29 19:00:00,44.01640545
2024-11-29 19:30:00,41.77396613
2024-11-29 20:00:00,39.84101113
2024-11-29 20:30:00,37.99758942
2024-11-29 21:00:00,35.66358299
2024-11-29 21:30:00,35.02941937
2024-11-29 22:00:00,33.74735631
2024-11-29 22:30:00,31.58589213
2024-11-29 23:00:00,29.96501784
2024-11-29 23:30:00,29.14100434
2024-11-30 00:00:00,28.48031454
2024-11-30 00:30:00,27.93845275
2024-11-30 01:00:00,27.44756957
2024-11-30 01:30:00,27.2456206
2024-11-30 02:00:00,27.20094218
2024-11-30 02:30:00,27.31840089
2024-11-30 03:00:00,27.18443407
2024-11-30 03:30:00,27.44868878
2024-11-30 04:00:00,27.57791748
2024-11-30 04:30:00,27.89183408
2024-11-30 05:00:00,29.28643332
2024-11-30 05:30:00,31.14758004
2024-11-30 06:00:00,32.70924348
2024-11-30 06:30:00,35.24858635
2024-11-30 07:00:00,37.08484292
2024-11-30 07:30:00,39.26144732
2024-11-30 08:00:00,40.71533381
2024-11-30 08:30:00,41.00504479
2024-11-30 09:00:00,41.75182638
2024-11-30 09:30:00,42.86856315
2024-11-30 10:00:00,43.51695714
2024-11-30 10:30:00,43.00827823
2024-11-30 11:00:00,41.83743214
2024-11-30 11:30:00,41.89911913
2024-11-30 12:00:00,43.02398407
2024-11-30 12:30:00,41.84922748
2024-11-30 13:00:00,42.10231263
2024-11-30 13:30:00,42.97827033
2024-11-30 14:00:00,42.11984064
2024-11-30 14:30:00,41.26122196
2024-11-30 15:00:00,41.51774457
2024-11-30 15:30:00,40.89510128
2024-11-30 16:00:00,41.63120472
2024-11-30 16:30:00,40.92066171
2024-11-30 17:00:00,41.13380449
2024-11-30 17:30:00,41.01498604
2024-11-30 18:00:00,40.78203852
2024-11-30 18:30:00,40.50870957
2024-11-30 19:00:00,39.79853299
2024-11-30 19:30:00,38.56266768
2024-11-30 20:00:00,37.39831318
2024-11-30 20:30:00,36.10764759
2024-11-30 21:00:00,34.25175153
2024-11-30 21:30:00,33.95123164
2024-11-30 22:00:00,32.88069037
2024-11-30 22:30:00,31.32672406
2024-11-30 23:00:00,29.77616549
2024-11-30 23:30:00,28.88450875
2024-12-01 00:00:00,28.09880362
2024-12-01 00:30:00,27.38096031
2024-12-01 01:00:00,26.86322061
2024-12-01 01:30:00,26.70962677
2024-12-01 02:00:00,26.50927484
2024-12-01 02:30:00,26.60824397
2024-12-01 03:00:00,26.52937524
2024-12-01 03:30:00,26.83435362
2024-12-01 04:00:00,26.79644561
2024-12-01 04:30:00,26.75655123
2024-12-01 05:00:00,26.18025401
2024-12-01 05:30:00,28.32601663
2024-12-01 06:00:00,29.1675114
2024-12-01 06:30:00,30.89391043
2024-12-01 07:00:00,34.22080593
2024-12-01 07:30:00,34.32349486
2024-12-01 08:00:00,33.21063356
2024-12-01 08:30:00,32.04489125
2024-12-01 09:00:00,27.42248252
2024-12-01 09:30:00,29.10273887
2024-12-01 10:00:00,33.67327343
2024-12-01 10:30:00,30.34700039
2024-12-01 11:00:00,32.39226022
2024-12-01 11:30:00,42.68979538
2024-12-01 12:00:00,39.54022005
2024-12-01 12:30:00,29.98096639
2024-12-01 13:00:00,32.70146914
2024-12-01 13:30:00,38.31799759
2024-12-01 14:00:00,35.80423968
2024-12-01 14:30:00,33.95202633
2024-12-01 15:00:00,35.38099133
2024-12-01 15:30:00,35.83978775
2024-12-01 16:00:00,34.86787814
2024-12-01 16:30:00,36.6245724
2024-12-01 17:00:00,39.34467287
2024-12-01 17:30:00,40.27152243
2024-12-01 18:00:00,40.47076941
2024-12-01 18:30:00,40.51027402
2024-12-01 19:00:00,39.96344371
2024-12-01 19:30:00,38.6372747
2024-12-01 20:00:00,37.08052881
2024-12-01 20:30:00,35.17790927
2024-12-01 21:00:00,33.32955546
2024-12-01 21:30:00,32.65644821
2024-12-01 22:00:00,31.56193401
2024-12-01 22:30:00,29.78738891
2024-12-01 23:00:00,28.27683015
2024-12-01 23:30:00,27.58065425
2024-12-02 00:00:00,26.96797146
2024-12-02 00:30:00,26.50387554
2024-12-02 01:00:00,26.04700893
2024-12-02 01:30:00,25.91240476
2024-12-02 02:00:00,26.01976011
2024-12-02 02:30:00,26.88727817
2024-12-02 03:00:00,27.09126656
2024-12-02 03:30:00,28.1146652
2024-12-02 04:00:00,28.69217356
2024-12-02 04:30:00,30.72103346
2024-12-02 05:00:00,33.03944647
2024-12-02 05:30:00,36.62608193
2024-12-02 06:00:00,37.89968693
2024-12-02 06:30:00,39.73266339
2024-12-02 07:00:00,39.94405485
2024-12-02 07:30:00,39.46932467
2024-12-02 08:00:00,38.45880547
2024-12-02 08:30:00,37.7503804
2024-12-02 09:00:00,37.54206543
2024-12-02 09:30:00,37.89246054
2024-12-02 10:00:00,37.59799495
2024-12-02 10:30:00,37.65622126
2024-12-02 11:00:00,37.56003159
2024-12-02 11:30:00,38.36075566
2024-12-02 12:00:00,39.34765031
2024-12-02 12:30:00,39.50376565
2024-12-02 13:00:00,40.61069774
2024-12-02 13:30:00,42.07111892
2024-12-02 14:00:00,44.57650649
2024-12-02 14:30:00,46.69361744
2024-12-02 15:00:00,50.4449932
2024-12-02 15:30:00,53.49957924
2024-12-02 16:00:00,53.08568091
2024-12-02 16:30:00,51.32484355
2024-12-02 17:00:00,52.29032771
2024-12-02 17:30:00,48.90335977
2024-12-02 18:00:00,48.07512349
2024-12-02 18:30:00,46.98055038
2024-12-02 19:00:00,45.61915834
2024-12-02 19:30:00,43.15300744
2024-12-02 20:00:00,40.9592155
2024-12-02 20:30:00,38.53832542
2024-12-02 21:00:00,36.11973334
2024-12-02 21:30:00,35.2380228
2024-12-02 22:00:00,33.45274911
2024-12-02 22:30:00,31.53693811
2024-12-02 23:00:00,30.1361127
2024-12-02 23:30:00,29.06675662
2024-12-03 00:00:00,28.2225542
2024-12-03 00:30:00,27.9196076
2024-12-03 01:00:00,27.44799342
2024-12-03 01:30:00,27.52596128
2024-12-03 02:00:00,27.44431619
2024-12-03 02:30:00,28.2797975
2024-12-03 03:00:00,28.74073591
2024-12-03 03:30:00,29.66078303
2024-12-03 04:00:00,30.51317937
2024-12-03 04:30:00,33.36532917
2024-12-03 05:00:00,36.29359356
2024-12-03 05:30:00,41.91189205
2024-12-03 06:00:00,45.67567112
2024-12-03 06:30:00,48.4627349
2024-12-03 07:00:00,51.36783397
2024-12-03 07:30:00,50.4779386
2024-12-03 08:00:00,49.40133787
2024-12-03 08:30:00,50.42299676
2024-12-03 09:00:00,50.4131418
2024-12-03 09:30:00,51.05700794
2024-12-03 10:00:00,51.0295124
2024-12-03 10:30:00,53.01245912
2024-12-03 11:00:00,50.21461223
2024-12-03 11:30:00,48.93316532
2024-12-03 12:00:00,48.70226557
2024-12-03 12:30:00,48.1622079
2024-12-03 13:00:00,50.95825708
2024-12-03 13:30:00,54.62585811
2024-12-03 14:00:00,47.27717578
2024-12-03 14:30:00,47.78099985
2024-12-03 15:00:00,48.06199093
2024-12-03 15:30:00,48.59291818
2024-12-03 16:00:00,48.54852593
2024-12-03 16:30:00,48.53147943
2024-12-03 17:00:00,50.19542966
2024-12-03 17:30:00,47.99677669
2024-12-03 18:00:00,47.23904004
2024-12-03 18:30:00,46.69662561
2024-12-03 19:00:00,45.98881789
2024-12-03 19:30:00,43.82875985
2024-12-03 20:00:00,41.66830543
2024-12-03 20:30:00,38.95366159
2024-12-03 21:00:00,36.18774564
2024-12-03 21:30:00,35.14115989
2024-12-03 22:00:00,33.53623587
2024-12-03 22:30:00,31.5280073
2024-12-03 23:00:00,30.08241778
2024-12-03 23:30:00,29.28589568
2024-12-04 00:00:00,28.52441423
2024-12-04 00:30:00,27.86556225
2024-12-04 01:00:00,27.29049516
2024-12-04 01:30:00,27.31291141
2024-12-04 02:00:00,27.32925026
2024-12-04 02:30:00,28.17188957
2024-12-04 03:00:00,28.38378053
2024-12-04 03:30:00,29.41620927
2024-12-04 04:00:00,30.44810239
2024-12-04 04:30:00,32.47394157
2024-12-04 05:00:00,36.08425341
2024-12-04 05:30:00,41.77813187
2024-12-04 06:00:00,46.09062369
2024-12-04 06:30:00,49.57272624
2024-12-04 07:00:00,49.29721075
2024-12-04 07:30:00,48.62142592
2024-12-04 08:00:00,45.27678982
2024-12-04 08:30:00,47.26236915
2024-12-04 09:00:00,48.74224303
2024-12-04 09:30:00,47.3465515
2024-12-04 10:00:00,51.68486939
2024-12-04 10:30:00,49.37896417
2024-12-04 11:00:00,49.04973877
2024-12-04 11:30:00,51.83943198
2024-12-04 12:00:00,52.80748994
2024-12-04 12:30:00,50.37316868
2024-12-04 13:00:00,55.81974301
2024-12-04 13:30:00,56.55980089
2024-12-04 14:00:00,58.39306371
2024-12-04 14:30:00,57.55457156
2024-12-04 15:00:00,61.53854849
2024-12-04 15:30:00,62.09621048
2024-12-04 16:00:00,60.88194292
2024-12-04 16:30:00,56.06897538
2024-12-04 17:00:00,53.01340815
2024-12-04 17:30:00,48.18610743
2024-12-04 18:00:00,45.69357694
2024-12-04 18:30:00,44.68748789
2024-12-04 19:00:00,43.82021922
2024-12-04 19:30:00,42.13065198
2024-12-04 20:00:00,39.81161448
2024-12-04 20:30:00,37.76941033
2024-12-04 21:00:00,35.71308307
2024-12-04 21:30:00,34.74601249
2024-12-04 22:00:00,33.40258932
2024-12-04 22:30:00,31.46020316
2024-12-04 23:00:00,29.98618967
2024-12-04 23:30:00,28.9389504
2024-12-05 00:00:00,28.23397089
2024-12-05 00:30:00,27.64708413
2024-12-05 01:00:00,27.23919667
2024-12-05 01:30:00,27.15985876
2024-12-05 02:00:00,27.09909984
2024-12-05 02:30:00,27.8167355
2024-12-05 03:00:00,27.8822501
2024-12-05 03:30:00,28.90170562
2024-12-05 04:00:00,29.41355604
2024-12-05 04:30:00,31.49898649
2024-12-05 05:00:00,34.60554757
2024-12-05 05:30:00,38.38282693
2024-12-05 06:00:00,41.4463215
2024-12-05 06:30:00,43.57279095
2024-12-05 07:00:00,42.24098701
2024-12-05 07:30:00,40.85187631
2024-12-05 08:00:00,41.83181524
2024-12-05 08:30:00,41.27016663
2024-12-05 09:00:00,42.62205512
2024-12-05 09:30:00,45.04951822
2024-12-05 10:00:00,44.22363688
2024-12-05 10:30:00,46.76908367
2024-12-05 11:00:00,47.82413858
2024-12-05 11:30:00,48.79626834
2024-12-05 12:00:00,49.57795364
2024-12-05 12:30:00,51.21744008
2024-12-05 13:00:00,53.42991654
2024-12-05 13:30:00,52.46777841
2024-12-05 14:00:00,57.80697626
2024-12-05 14:30:00,63.69948102
2024-12-05 15:00:00,64.32348107
2024-12-05 15:30:00,63.33018174
2024-12-05 16:00:00,59.93556715
2024-12-05 16:30:00,57.92854062
2024-12-05 17:00:00,56.7010841
2024-12-05 17:30:00,53.08577725
2024-12-05 18:00:00,52.5716031
2024-12-05 18:30:00,52.11507001
2024-12-05 19:00:00,51.44904652
2024-12-05 19:30:00,49.42010648
2024-12-05 20:00:00,46.76986387
2024-12-05 20:30:00,43.76648938
2024-12-05 21:00:00,41.0584986
2024-12-05 21:30:00,39.1135074
2024-12-05 22:00:00,36.98243447
2024-12-05 22:30:00,34.46246343
2024-12-05 23:00:00,32.48715022
2024-12-05 23:30:00,31.44187126
2024-12-06 00:00:00,30.61746384
2024-12-06 00:30:00,29.94528253
2024-12-06 01:00:00,29.48644589
2024-12-06 01:30:00,29.45782581
2024-12-06 02:00:00,29.3466006
2024-12-06 02:30:00,30.22502652
2024-12-06 03:00:00,30.77148449
2024-12-06 03:30:00,31.73196165
2024-12-06 04:00:00,32.49860316
2024-12-06 04:30:00,35.4605766
2024-12-06 05:00:00,38.74122053
2024-12-06 05:30:00,44.63782382
2024-12-06 06:00:00,48.44699489
2024-12-06 06:30:00,51.52846334
2024-12-06 07:00:00,52.27606528
2024-12-06 07:30:00,50.01471512
2024-12-06 08:00:00,52.6777652
2024-12-06 08:30:00,52.96979652
2024-12-06 09:00:00,56.32140098
2024-12-06 09:30:00,57.72345355
2024-12-06 10:00:00,57.66723305
2024-12-06 10:30:00,57.02226025
2024-12-06 11:00:00,57.88228787
2024-12-06 11:30:00,
2024-12-06 12:00:00,
2024-12-06 12:30:00,
2024-12-06 13:00:00,
2024-12-06 13:30:00,
2024-12-06 14:00:00,
2024-12-06 14:30:00,65.6985702
2024-12-06 15:00:00,70.46782335
2024-12-06 15:30:00,71.24052888
2024-12-06 16:00:00,71.88062994
2024-12-06 16:30:00,69.65438909
2024-12-06 17:00:00,69.57056817
2024-12-06 17:30:00,62.08092521
2024-12-06 18:00:00,58.73940318
2024-12-06 18:30:00,56.50415706
2024-12-06 19:00:00,52.85605597
2024-12-06 19:30:00,49.25456148
2024-12-06 20:00:00,47.07547907
2024-12-06 20:30:00,44.55262485
2024-12-06 21:00:00,42.07422172
2024-12-06 21:30:00,40.53596307
2024-12-06 22:00:00,38.52246871
2024-12-06 22:30:00,35.88320044
2024-12-06 23:00:00,33.88431982
2024-12-06 23:30:00,32.51807331
2024-12-07 00:00:00,31.66036982
2024-12-07 00:30:00,30.84784725
2024-12-07 01:00:00,30.07697658
2024-12-07 01:30:00,29.74251133
2024-12-07 02:00:00,29.43523325
2024-12-07 02:30:00,29.50919466
2024-12-07 03:00:00,29.5087119
2024-12-07 03:30:00,29.60986381
2024-12-07 04:00:00,29.62392438
2024-12-07 04:30:00,30.71238825
2024-12-07 05:00:00,31.36545156
2024-12-07 05:30:00,33.39075019
2024-12-07 06:00:00,34.26661561
2024-12-07 06:30:00,36.02542894
2024-12-07 07:00:00,37.96947394
2024-12-07 07:30:00,37.57652649
2024-12-07 08:00:00,38.08473602
2024-12-07 08:30:00,35.79129319
2024-12-07 09:00:00,41.74550787
2024-12-07 09:30:00,41.38207453
2024-12-07 10:00:00,42.8406796
2024-12-07 10:30:00,41.80446587
2024-12-07 11:00:00,38.3121587
2024-12-07 11:30:00,40.80687772
2024-12-07 12:00:00,42.77206695
2024-12-07 12:30:00,43.23989394
2024-12-07 13:00:00,45.2941745
2024-12-07 13:30:00,48.67008086
2024-12-07 14:00:00,44.02825111
2024-12-07 14:30:00,48.06064251
2024-12-07 15:00:00,53.85720637
2024-12-07 15:30:00,55.06019926
2024-12-07 16:00:00,51.24820127
2024-12-07 16:30:00,48.97429692
2024-12-07 17:00:00,49.03386515
2024-12-07 17:30:00,49.50034012
2024-12-07 18:00:00,49.43853307
2024-12-07 18:30:00,48.50904681
2024-12-07 19:00:00,47.21178269
2024-12-07 19:30:00,45.51579794
2024-12-07 20:00:00,43.88592434
2024-12-07 20:30:00,41.89382024
2024-12-07 21:00:00,39.85799569
2024-12-07 21:30:00,38.53634335
2024-12-07 22:00:00,36.5616196
2024-12-07 22:30:00,34.50563898
2024-12-07 23:00:00,32.91836619
2024-12-07 23:30:00,31.84192111
2024-12-08 00:00:00,30.89724804
2024-12-08 00:30:00,30.36275034
2024-12-08 01:00:00,29.75581394
2024-12-08 01:30:00,29.44868993
2024-12-08 02:00:00,29.30155817
2024-12-08 02:30:00,29.31064018
2024-12-08 03:00:00,29.14702685
2024-12-08 03:30:00,29.15461637
2024-12-08 04:00:00,28.86641372
2024-12-08 04:30:00,29.32775159
2024-12-08 05:00:00,29.78266663
2024-12-08 05:30:00,31.34416222
2024-12-08 06:00:00,31.82896115
2024-12-08 06:30:00,31.47791414
2024-12-08 07:00:00,30.76250953
2024-12-08 07:30:00,30.28796918
2024-12-08 08:00:00,30.09990939
2024-12-08 08:30:00,30.00585564
2024-12-08 09:00:00,29.26015613
2024-12-08 09:30:00,29.80623142
2024-12-08 10:00:00,29.83938764
2024-12-08 10:30:00,29.57214479
2024-12-08 11:00:00,29.42566327
2024-12-08 11:30:00,29.40392607
2024-12-08 12:00:00,29.22608858
2024-12-08 12:30:00,29.50675766
2024-12-08 13:00:00,30.3975409
2024-12-08 13:30:00,31.42772128
2024-12-08 14:00:00,32.34763046
2024-12-08 14:30:00,34.04711426
2024-12-08 15:00:00,36.46739071
2024-12-08 15:30:00,39.31083578
2024-12-08 16:00:00,41.72594311
2024-12-08 16:30:00,43.28827352
2024-12-08 17:00:00,44.69775006
2024-12-08 17:30:00,45.16932696
2024-12-08 18:00:00,43.99236209
2024-12-08 18:30:00,42.95481439
2024-12-08 19:00:00,42.64122978
2024-12-08 19:30:00,41.32407283
2024-12-08 20:00:00,39.25176122
2024-12-08 20:30:00,37.04217468
2024-12-08 21:00:00,34.84576911
2024-12-08 21:30:00,34.18419412
2024-12-08 22:00:00,32.6273045
2024-12-08 22:30:00,30.62561146
2024-12-08 23:00:00,29.07344806
2024-12-08 23:30:00,28.44626671
2024-12-09 00:00:00,27.84584842
2024-12-09 00:30:00,27.62095151
2024-12-09 01:00:00,27.23336976
2024-12-09 01:30:00,26.83365168
2024-12-09 02:00:00,26.84558516
2024-12-09 02:30:00,27.87400837
2024-12-09 03:00:00,28.50791634
2024-12-09 03:30:00,29.64888637
2024-12-09 04:00:00,30.15998853
2024-12-09 04:30:00,32.39530786
2024-12-09 05:00:00,33.83833966
2024-12-09 05:30:00,36.99492569
2024-12-09 06:00:00,40.66791935
2024-12-09 06:30:00,43.37733938
2024-12-09 07:00:00,44.65723332
2024-12-09 07:30:00,42.81879767
2024-12-09 08:00:00,40.00683026
2024-12-09 08:30:00,42.20814283
2024-12-09 09:00:00,43.156998
2024-12-09 09:30:00,46.52268848
2024-12-09 10:00:00,47.46790679
2024-12-09 10:30:00,46.05431786
2024-12-09 11:00:00,49.07493415
2024-12-09 11:30:00,43.7700777
2024-12-09 12:00:00,39.93694314
2024-12-09 12:30:00,49.11339863
2024-12-09 13:00:00,48.33534292
2024-12-09 13:30:00,44.7262662
2024-12-09 14:00:00,42.81568596
2024-12-09 14:30:00,42.0745936
2024-12-09 15:00:00,42.78878533
2024-12-09 15:30:00,46.32436899
2024-12-09 16:00:00,46.80995509
2024-12-09 16:30:00,44.63395763
2024-12-09 17:00:00,41.68653203
2024-12-09 17:30:00,41.03695172
2024-12-09 18:00:00,40.87585552
2024-12-09 18:30:00,40.8562858
2024-12-09 19:00:00,40.93481041
2024-12-09 19:30:00,39.41449049
2024-12-09 20:00:00,37.73819074
2024-12-09 20:30:00,35.80053042
2024-12-09 21:00:00,33.93067887
2024-12-09 21:30:00,33.15252935
2024-12-09 22:00:00,31.67938546
2024-12-09 22:30:00,29.66829179
2024-12-09 23:00:00,28.22355547
2024-12-09 23:30:00,27.45284723
2024-12-10 00:00:00,26.83699075
2024-12-10 00:30:00,26.72972065
2024-12-10 01:00:00,26.38719401
2024-12-10 01:30:00,26.24683482
2024-12-10 02:00:00,26.28526828
2024-12-10 02:30:00,26.76272025
2024-12-10 03:00:00,26.91644131
2024-12-10 03:30:00,27.86624712
2024-12-10 04:00:00,28.40819346
2024-12-10 04:30:00,30.36458576
2024-12-10 05:00:00,32.23315279
2024-12-10 05:30:00,35.51823798
2024-12-10 06:00:00,36.71963268
2024-12-10 06:30:00,36.89332675
2024-12-10 07:00:00,36.54353797
2024-12-10 07:30:00,35.97666886
2024-12-10 08:00:00,35.31818381
2024-12-10 08:30:00,34.96220501
2024-12-10 09:00:00,34.52878669
2024-12-10 09:30:00,34.9958534
2024-12-10 10:00:00,35.43742046
2024-12-10 10:30:00,35.53408445
2024-12-10 11:00:00,36.17616496
2024-12-10 11:30:00,37.31669815
2024-12-10 12:00:00,39.78081458
2024-12-10 12:30:00,42.53629061
2024-12-10 13:00:00,40.64793911
2024-12-10 13:30:00,39.60871347
2024-12-10 14:00:00,40.83018671
2024-12-10 14:30:00,42.54142592
2024-12-10 15:00:00,44.85528867
2024-12-10 15:30:00,47.18015997
2024-12-10 16:00:00,48.26599586
2024-12-10 16:30:00,46.63659317
2024-12-10 17:00:00,46.54378295
2024-12-10 17:30:00,44.32218053
2024-12-10 18:00:00,43.70889572
2024-12-10 18:30:00,43.20841933
2024-12-10 19:00:00,42.25337776
2024-12-10 19:30:00,39.93689304
2024-12-10 20:00:00,38.1361463
2024-12-10 20:30:00,36.32820774
2024-12-10 21:00:00,34.2264741
2024-12-10 21:30:00,33.37724051
2024-12-10 22:00:00,32.18323039
2024-12-10 22:30:00,30.25612043
2024-12-10 23:00:00,28.61332694
2024-12-10 23:30:00,27.71246306
2024-12-11 00:00:00,27.28888557
2024-12-11 00:30:00,26.92324697
2024-12-11 01:00:00,26.75384296
2024-12-11 01:30:00,26.49371587
2024-12-11 02:00:00,26.51762415
2024-12-11 02:30:00,27.20212753
2024-12-11 03:00:00,27.38110033
2024-12-11 03:30:00,28.48537966
2024-12-11 04:00:00,29.05766622
2024-12-11 04:30:00,30.64543314
2024-12-11 05:00:00,33.27777463
2024-12-11 05:30:00,37.19177155
2024-12-11 06:00:00,39.35569806
2024-12-11 06:30:00,41.60063182
2024-12-11 07:00:00,40.06880302
2024-12-11 07:30:00,38.74348323
2024-12-11 08:00:00,38.73521431
2024-12-11 08:30:00,37.07065862
2024-12-11 09:00:00,35.88425427
2024-12-11 09:30:00,36.85231597
2024-12-11 10:00:00,36.41435602
2024-12-11 10:30:00,36.73091544
2024-12-11 11:00:00,36.26152486
2024-12-11 11:30:00,36.57625289
2024-12-11 12:00:00,36.24024023
2024-12-11 12:30:00,37.13383945
2024-12-11 13:00:00,37.5467812
2024-12-11 13:30:00,38.23453948
2024-12-11 14:00:00,39.83402732
2024-12-11 14:30:00,41.51630053
2024-12-11 15:00:00,43.92268173
2024-12-11 15:30:00,46.25519031
2024-12-11 16:00:00,47.36292767
2024-12-11 16:30:00,46.47074361
2024-12-11 17:00:00,46.79253772
2024-12-11 17:30:00,44.32737489
2024-12-11 18:00:00,43.00008998
2024-12-11 18:30:00,42.40321619
2024-12-11 19:00:00,42.1250553
2024-12-11 19:30:00,40.95591454
2024-12-11 20:00:00,39.38655119
2024-12-11 20:30:00,37.08913718
2024-12-11 21:00:00,34.90667068
2024-12-11 21:30:00,34.00312905
2024-12-11 22:00:00,32.56110549
2024-12-11 22:30:00,30.44496497
2024-12-11 23:00:00,28.78980914
2024-12-11 23:30:00,27.8980652
2024-12-12 00:00:00,27.22729061
2024-12-12 00:30:00,26.76739308
2024-12-12 01:00:00,26.50956915
2024-12-12 01:30:00,26.39682962
2024-12-12 02:00:00,26.38735257
2024-12-12 02:30:00,27.16746552
2024-12-12 03:00:00,27.15213018
2024-12-12 03:30:00,28.01866975
2024-12-12 04:00:00,28.44889022
2024-12-12 04:30:00,30.61373947
2024-12-12 05:00:00,32.26273458
2024-12-12 05:30:00,36.28535102
2024-12-12 06:00:00,37.75776508
2024-12-12 06:30:00,39.18262117
2024-12-12 07:00:00,38.7105639
2024-12-12 07:30:00,37.96556831
2024-12-12 08:00:00,37.07526442
2024-12-12 08:30:00,36.81117249
2024-12-12 09:00:00,36.70327835
2024-12-12 09:30:00,37.26504037
2024-12-12 10:00:00,38.47746867
2024-12-12 10:30:00,38.7826616
2024-12-12 11:00:00,39.03496376
2024-12-12 11:30:00,39.77791991
2024-12-12 12:00:00,40.50435243
2024-12-12 12:30:00,41.55180888
2024-12-12 13:00:00,42.53330956
2024-12-12 13:30:00,43.71134206
2024-12-12 14:00:00,45.54928427
2024-12-12 14:30:00,47.95127327
2024-12-12 15:00:00,50.98476962
2024-12-12 15:30:00,53.14055011
2024-12-12 16:00:00,53.56234507
2024-12-12 16:30:00,51.18674052
2024-12-12 17:00:00,51.1871455
2024-12-12 17:30:00,48.36409162
2024-12-12 18:00:00,46.99079669
2024-12-12 18:30:00,45.98806296
2024-12-12 19:00:00,45.31011758
2024-12-12 19:30:00,43.2724849
2024-12-12 20:00:00,41.12812069
2024-12-12 20:30:00,39.0925336
2024-12-12 21:00:00,36.90206342
2024-12-12 21:30:00,35.83421756
2024-12-12 22:00:00,34.06506532
2024-12-12 22:30:00,31.78473491
2024-12-12 23:00:00,30.31813103
2024-12-12 23:30:00,29.34528324
2024-12-13 00:00:00,28.48427615
2024-12-13 00:30:00,27.95624791
2024-12-13 01:00:00,27.50591701
2024-12-13 01:30:00,27.4149271
2024-12-13 02:00:00,27.21342636
2024-12-13 02:30:00,27.81762838
2024-12-13 03:00:00,27.97883066
2024-12-13 03:30:00,28.8697484
2024-12-13 04:00:00,29.36942666
2024-12-13 04:30:00,31.33289392
2024-12-13 05:00:00,33.55044189
2024-12-13 05:30:00,37.26598441
2024-12-13 06:00:00,38.94736323
2024-12-13 06:30:00,41.16357026
2024-12-13 07:00:00,42.82391396
2024-12-13 07:30:00,42.73341736
2024-12-13 08:00:00,41.93295202
2024-12-13 08:30:00,41.94501091
2024-12-13 09:00:00,41.83315007
2024-12-13 09:30:00,42.6640245
2024-12-13 10:00:00,43.47180789
2024-12-13 10:30:00,42.76220986
2024-12-13 11:00:00,43.61346076
2024-12-13 11:30:00,46.43991352
2024-12-13 12:00:00,47.40259699
2024-12-13 12:30:00,49.27497016
2024-12-13 13:00:00,47.56658498
2024-12-13 13:30:00,48.64418934
2024-12-13 14:00:00,51.37955215
2024-12-13 14:30:00,54.53704669
2024-12-13 15:00:00,56.29854099
2024-12-13 15:30:00,56.85280012
2024-12-13 16:00:00,56.02480976
2024-12-13 16:30:00,55.48605779
2024-12-13 17:00:00,55.1202705
2024-12-13 17:30:00,52.40363966
2024-12-13 18:00:00,50.86637538
2024-12-13 18:30:00,49.72730392
2024-12-13 19:00:00,48.14925613
2024-12-13 19:30:00,45.10229846
2024-12-13 20:00:00,42.63331223
2024-12-13 20:30:00,39.85695406
2024-12-13 21:00:00,37.79230354
2024-12-13 21:30:00,36.28621872
2024-12-13 22:00:00,34.82173761
2024-12-13 22:30:00,32.74943798
2024-12-13 23:00:00,31.36172716
2024-12-13 23:30:00,30.0958698
2024-12-14 00:00:00,29.28559622
2024-12-14 00:30:00,28.97305295
2024-12-14 01:00:00,28.34968821
2024-12-14 01:30:00,28.23250313
2024-12-14 02:00:00,28.03131487
2024-12-14 02:30:00,28.23276565
2024-12-14 03:00:00,28.0935893
2024-12-14 03:30:00,28.23620702
2024-12-14 04:00:00,28.18947751
2024-12-14 04:30:00,28.61104054
2024-12-14 05:00:00,29.06332376
2024-12-14 05:30:00,30.04116275
2024-12-14 06:00:00,30.19884237
2024-12-14 06:30:00,30.62911023
2024-12-14 07:00:00,30.74689884
2024-12-14 07:30:00,30.71683746
2024-12-14 08:00:00,30.45696112
2024-12-14 08:30:00,31.27662486
2024-12-14 09:00:00,32.47922129
2024-12-14 09:30:00,33.01286982
2024-12-14 10:00:00,33.39280351
2024-12-14 10:30:00,33.61174176
2024-12-14 11:00:00,34.59808621
2024-12-14 11:30:00,35.54867684
2024-12-14 12:00:00,36.05417088
2024-12-14 12:30:00,37.06330368
2024-12-14 13:00:00,39.08207896
2024-12-14 13:30:00,42.25416112
2024-12-14 14:00:00,44.8346555
2024-12-14 14:30:00,43.71379217
2024-12-14 15:00:00,43.38410576
2024-12-14 15:30:00,47.66832684
2024-12-14 16:00:00,48.15551253
2024-12-14 16:30:00,47.34140701
2024-12-14 17:00:00,46.53840379
2024-12-14 17:30:00,46.63949891
2024-12-14 18:00:00,47.40139176
2024-12-14 18:30:00,46.33963244
2024-12-14 19:00:00,45.68073991
2024-12-14 19:30:00,44.51385561
2024-12-14 20:00:00,42.92706346
2024-12-14 20:30:00,40.99176285
2024-12-14 21:00:00,38.92334319
2024-12-14 21:30:00,38.30818704
2024-12-14 22:00:00,36.42872901
2024-12-14 22:30:00,34.06310876
2024-12-14 23:00:00,32.68378103
2024-12-14 23:30:00,31.72328289
2024-12-15 00:00:00,30.67563057
2024-12-15 00:30:00,30.07004377
2024-12-15 01:00:00,29.63391262
2024-12-15 01:30:00,29.03169448
2024-12-15 02:00:00,28.76983021
2024-12-15 02:30:00,28.65609027
2024-12-15 03:00:00,28.40457214
2024-12-15 03:30:00,28.49867585
2024-12-15 04:00:00,28.05826735
2024-12-15 04:30:00,28.46678955
2024-12-15 05:00:00,28.78495889
2024-12-15 05:30:00,29.44525121
2024-12-15 06:00:00,29.71305665
2024-12-15 06:30:00,30.3621204
2024-12-15 07:00:00,30.9522611
2024-12-15 07:30:00,31.51770019
2024-12-15 08:00:00,31.79785917
2024-12-15 08:30:00,32.82879989
2024-12-15 09:00:00,32.81253083
2024-12-15 09:30:00,34.03504791
2024-12-15 10:00:00,34.20676937
2024-12-15 10:30:00,34.70750713
2024-12-15 11:00:00,35.5883945
2024-12-15 11:30:00,36.26296805
2024-12-15 12:00:00,37.08207558
2024-12-15 12:30:00,38.02717725
2024-12-15 13:00:00,39.34323902
2024-12-15 13:30:00,41.12255857
2024-12-15 14:00:00,42.82149211
2024-12-15 14:30:00,44.58505672
2024-12-15 15:00:00,46.6386962
2024-12-15 15:30:00,49.55754933
2024-12-15 16:00:00,52.13568558
2024-12-15 16:30:00,53.69063244
2024-12-15 17:00:00,54.24314847
2024-12-15 17:30:00,53.28750141
2024-12-15 18:00:00,51.2820482
2024-12-15 18:30:00,49.033747
2024-12-15 19:00:00,47.72830233
2024-12-15 19:30:00,45.9354537
2024-12-15 20:00:00,43.50913248
2024-12-15 20:30:00,40.35899557
2024-12-15 21:00:00,37.97254147
2024-12-15 21:30:00,36.65475403
2024-12-15 22:00:00,34.96151394
2024-12-15 22:30:00,32.88786681
2024-12-15 23:00:00,31.41329323
2024-12-15 23:30:00,30.58912243
2024-12-16 00:00:00,29.83526185
2024-12-16 00:30:00,29.72267425
2024-12-16 01:00:00,29.28225518
2024-12-16 01:30:00,28.70359719
2024-12-16 02:00:00,28.86281493
2024-12-16 02:30:00,29.44609768
2024-12-16 03:00:00,29.60256276
2024-12-16 03:30:00,30.81915996
2024-12-16 04:00:00,31.16124172
2024-12-16 04:30:00,34.01668234
2024-12-16 05:00:00,36.99179763
2024-12-16 05:30:00,41.79372253
2024-12-16 06:00:00,45.34136745
2024-12-16 06:30:00,47.50041094
2024-12-16 07:00:00,47.46063786
2024-12-16 07:30:00,47.88341993
2024-12-16 08:00:00,47.67188486
2024-12-16 08:30:00,47.7495661
2024-12-16 09:00:00,48.3388956
2024-12-16 09:30:00,49.54039569
2024-12-16 10:00:00,51.05293452
2024-12-16 10:30:00,51.98412357
2024-12-16 11:00:00,53.5274349
2024-12-16 11:30:00,55.36551176
2024-12-16 12:00:00,56.42958895
2024-12-16 12:30:00,57.50101209
2024-12-16 13:00:00,58.78603672
2024-12-16 13:30:00,60.21565383
2024-12-16 14:00:00,62.92919977
2024-12-16 14:30:00,65.03364954
2024-12-16 15:00:00,
2024-12-16 15:30:00,
2024-12-16 16:00:00,70.92321912
2024-12-16 16:30:00,68.46636898
2024-12-16 17:00:00,67.95559333
2024-12-16 17:30:00,62.95938642
2024-12-16 18:00:00,61.05637077
2024-12-16 18:30:00,58.61156489
2024-12-16 19:00:00,56.61314627
2024-12-16 19:30:00,53.54677849
2024-12-16 20:00:00,50.75741794
2024-12-16 20:30:00,46.83516563
2024-12-16 21:00:00,43.59169069
2024-12-16 21:30:00,41.55871139
2024-12-16 22:00:00,39.13385687
2024-12-16 22:30:00,36.37681204
2024-12-16 23:00:00,34.64695918
2024-12-16 23:30:00,33.48393286
2024-12-17 00:00:00,32.56956746
2024-12-17 00:30:00,32.21159529
2024-12-17 01:00:00,31.83604068
2024-12-17 01:30:00,31.57058744
2024-12-17 02:00:00,31.43734963
2024-12-17 02:30:00,31.67393753
2024-12-17 03:00:00,32.04239266
2024-12-17 03:30:00,33.33503772
2024-12-17 04:00:00,34.45341341
2024-12-17 04:30:00,37.51862467
2024-12-17 05:00:00,42.37364868
2024-12-17 05:30:00,47.99128059
2024-12-17 06:00:00,51.23527124
2024-12-17 06:30:00,54.98445213
2024-12-17 07:00:00,55.70152642
2024-12-17 07:30:00,56.20542634
2024-12-17 08:00:00,56.34727012
2024-12-17 08:30:00,58.52605257
2024-12-17 09:00:00,58.52496994
2024-12-17 09:30:00,57.15222313
2024-12-17 10:00:00,57.55772429
2024-12-17 10:30:00,60.48560295
2024-12-17 11:00:00,59.52414691
2024-12-17 11:30:00,59.98291064
2024-12-17 12:00:00,
2024-12-17 12:30:00,
2024-12-17 13:00:00,
2024-12-17 13:30:00,
2024-12-17 14:00:00,63.63086243
2024-12-17 14:30:00,65.2013913
2024-12-17 15:00:00,67.45543654
2024-12-17 15:30:00,68.11141688
2024-12-17 16:00:00,66.82409861
2024-12-17 16:30:00,62.2669429
2024-12-17 17:00:00,59.07244801
2024-12-17 17:30:00,54.44313624
2024-12-17 18:00:00,50.05389479
2024-12-17 18:30:00,47.27206177
2024-12-17 19:00:00,45.36229324
2024-12-17 19:30:00,42.97938096
2024-12-17 20:00:00,41.52266743
2024-12-17 20:30:00,38.7532663
2024-12-17 21:00:00,36.49079677
2024-12-17 21:30:00,35.59066962
2024-12-17 22:00:00,34.01509406
2024-12-17 22:30:00,32.05424941
2024-12-17 23:00:00,30.59663123
2024-12-17 23:30:00,29.75438687
2024-12-18 00:00:00,29.05725217
2024-12-18 00:30:00,28.6896211
2024-12-18 01:00:00,28.1874342
2024-12-18 01:30:00,28.01698961
2024-12-18 02:00:00,27.99796942
2024-12-18 02:30:00,28.72762005
2024-12-18 03:00:00,29.00939489
2024-12-18 03:30:00,29.75952604
2024-12-18 04:00:00,30.22018528
2024-12-18 04:30:00,31.97443282
2024-12-18 05:00:00,34.64345303
2024-12-18 05:30:00,38.44935792
2024-12-18 06:00:00,39.44927458
2024-12-18 06:30:00,42.20890757
2024-12-18 07:00:00,41.24570958
2024-12-18 07:30:00,37.97918308
2024-12-18 08:00:00,36.35393883
2024-12-18 08:30:00,38.60160967
2024-12-18 09:00:00,36.76092901
2024-12-18 09:30:00,36.24233037
2024-12-18 10:00:00,35.56753274
2024-12-18 10:30:00,34.57048906
2024-12-18 11:00:00,34.36743134
2024-12-18 11:30:00,34.9002798
2024-12-18 12:00:00,34.81168285
2024-12-18 12:30:00,35.21009593
2024-12-18 13:00:00,36.09080959
2024-12-18 13:30:00,37.41237623
2024-12-18 14:00:00,38.52265272
2024-12-18 14:30:00,41.17208823
2024-12-18 15:00:00,43.1364949
2024-12-18 15:30:00,45.04041949
2024-12-18 16:00:00,46.41396059
2024-12-18 16:30:00,44.40563435
2024-12-18 17:00:00,44.54590442
2024-12-18 17:30:00,41.67672498
2024-12-18 18:00:00,40.69474895
2024-12-18 18:30:00,40.05769493
2024-12-18 19:00:00,39.387805
2024-12-18 19:30:00,38.25971276
2024-12-18 20:00:00,36.47943628
2024-12-18 20:30:00,34.7944127
2024-12-18 21:00:00,33.1503595
2024-12-18 21:30:00,32.76353452
2024-12-18 22:00:00,31.38487552
2024-12-18 22:30:00,29.53403455
2024-12-18 23:00:00,28.23229808
2024-12-18 23:30:00,27.53189272
2024-12-19 00:00:00,26.8846654
2024-12-19 00:30:00,26.62028994
2024-12-19 01:00:00,26.31141604
2024-12-19 01:30:00,26.33950868
2024-12-19 02:00:00,26.28727306
2024-12-19 02:30:00,26.8556579
2024-12-19 03:00:00,26.82893079
2024-12-19 03:30:00,27.68581105
2024-12-19 04:00:00,27.93105411
2024-12-19 04:30:00,29.23539111
2024-12-19 05:00:00,31.02520533
2024-12-19 05:30:00,34.12248859
2024-12-19 06:00:00,34.76804196
2024-12-19 06:30:00,36.51009201
2024-12-19 07:00:00,37.62303637
2024-12-19 07:30:00,36.07362515
2024-12-19 08:00:00,34.47469222
2024-12-19 08:30:00,33.2893788
2024-12-19 09:00:00,31.9753422
2024-12-19 09:30:00,32.35212765
2024-12-19 10:00:00,32.58576769
2024-12-19 10:30:00,33.04259991
2024-12-19 11:00:00,32.72332352
2024-12-19 11:30:00,32.97506277
2024-12-19 12:00:00,33.53407135
2024-12-19 12:30:00,33.5077219
2024-12-19 13:00:00,33.66817423
2024-12-19 13:30:00,34.84500124
2024-12-19 14:00:00,36.59282396
2024-12-19 14:30:00,37.8250714
2024-12-19 15:00:00,40.29271471
2024-12-19 15:30:00,42.87035784
2024-12-19 16:00:00,44.71282843
2024-12-19 16:30:00,44.1336545
2024-12-19 17:00:00,44.4375538
2024-12-19 17:30:00,41.7543862
2024-12-19 18:00:00,40.65041665
2024-12-19 18:30:00,39.85696396
2024-12-19 19:00:00,39.44720738
2024-12-19 19:30:00,38.26154935
2024-12-19 20:00:00,36.57644183
2024-12-19 20:30:00,34.66585548
2024-12-19 21:00:00,32.98700372
2024-12-19 21:30:00,32.5602251
2024-12-19 22:00:00,31.31507498
2024-12-19 22:30:00,29.55863551
2024-12-19 23:00:00,28.12533692
2024-12-19 23:30:00,27.34515928
2024-12-20 00:00:00,26.70675171
2024-12-20 00:30:00,26.34134589
2024-12-20 01:00:00,25.99486587
2024-12-20 01:30:00,26.00974418
2024-12-20 02:00:00,25.92536118
2024-12-20 02:30:00,26.37515694
2024-12-20 03:00:00,26.72646606
2024-12-20 03:30:00,27.40465362
2024-12-20 04:00:00,27.72898225
2024-12-20 04:30:00,28.89577724
2024-12-20 05:00:00,30.48146841
2024-12-20 05:30:00,33.46208117
2024-12-20 06:00:00,34.27949859
2024-12-20 06:30:00,34.55331355
2024-12-20 07:00:00,34.07149172
2024-12-20 07:30:00,33.82532284
2024-12-20 08:00:00,32.71267531
2024-12-20 08:30:00,32.1682644
2024-12-20 09:00:00,32.24931721
2024-12-20 09:30:00,33.48760335
2024-12-20 10:00:00,33.05564957
2024-12-20 10:30:00,34.00727459
2024-12-20 11:00:00,33.99707697
2024-12-20 11:30:00,35.25887425
2024-12-20 12:00:00,35.92992486
2024-12-20 12:30:00,36.3884056
2024-12-20 13:00:00,37.83650004
2024-12-20 13:30:00,39.75650955
2024-12-20 14:00:00,41.51267696
2024-12-20 14:30:00,44.05082226
2024-12-20 15:00:00,46.6531594
2024-12-20 15:30:00,48.76700949
2024-12-20 16:00:00,51.24613209
2024-12-20 16:30:00,50.49973904
2024-12-20 17:00:00,50.51887991
2024-12-20 17:30:00,48.51368223
2024-12-20 18:00:00,47.17776372
2024-12-20 18:30:00,46.06524403
2024-12-20 19:00:00,45.24066765
2024-12-20 19:30:00,42.61528557
2024-12-20 20:00:00,40.34666485
2024-12-20 20:30:00,37.49017504
2024-12-20 21:00:00,35.79311457
2024-12-20 21:30:00,34.51958656
2024-12-20 22:00:00,33.10519661
2024-12-20 22:30:00,31.15378634
2024-12-20 23:00:00,29.66936306
2024-12-20 23:30:00,28.74072099
2024-12-21 00:00:00,28.0277731
2024-12-21 00:30:00,27.49741001
2024-12-21 01:00:00,26.90183371
2024-12-21 01:30:00,26.8190195
2024-12-21 02:00:00,26.53143798
2024-12-21 02:30:00,26.61741101
2024-12-21 03:00:00,26.41704969
2024-12-21 03:30:00,26.64290834
2024-12-21 04:00:00,26.56648423
2024-12-21 04:30:00,26.620027
2024-12-21 05:00:00,26.75768435
2024-12-21 05:30:00,27.31064839
2024-12-21 06:00:00,27.44864032
2024-12-21 06:30:00,27.710959
2024-12-21 07:00:00,27.88809516
2024-12-21 07:30:00,28.10948869
2024-12-21 08:00:00,25.82839366
2024-12-21 08:30:00,26.21258079
2024-12-21 09:00:00,26.6034878
2024-12-21 09:30:00,27.46465582
2024-12-21 10:00:00,27.45447391
2024-12-21 10:30:00,27.62106814
2024-12-21 11:00:00,28.35096082
2024-12-21 11:30:00,29.98520763
2024-12-21 12:00:00,33.51422596
2024-12-21 12:30:00,32.56932793
2024-12-21 13:00:00,33.55261966
2024-12-21 13:30:00,34.53380111
2024-12-21 14:00:00,35.37525752
2024-12-21 14:30:00,39.02391386
2024-12-21 15:00:00,40.20352254
2024-12-21 15:30:00,42.66598291
2024-12-21 16:00:00,43.81174154
2024-12-21 16:30:00,44.12943003
2024-12-21 17:00:00,42.96758131
2024-12-21 17:30:00,42.36375147
2024-12-21 18:00:00,41.37039439
2024-12-21 18:30:00,40.21421739
2024-12-21 19:00:00,39.32078837
2024-12-21 19:30:00,38.50454196
2024-12-21 20:00:00,37.0049575
2024-12-21 20:30:00,35.24201072
2024-12-21 21:00:00,33.70843861
2024-12-21 21:30:00,33.39922907
2024-12-21 22:00:00,32.1665262
2024-12-21 22:30:00,30.57645031
2024-12-21 23:00:00,29.12738655
2024-12-21 23:30:00,28.44168123
2024-12-22 00:00:00,27.81979781
2024-12-22 00:30:00,27.37718455
2024-12-22 01:00:00,26.92768636
2024-12-22 01:30:00,26.71021515
2024-12-22 02:00:00,26.52207231
2024-12-22 02:30:00,26.46414076
2024-12-22 03:00:00,26.3339955
2024-12-22 03:30:00,26.49363178
2024-12-22 04:00:00,26.2554845
2024-12-22 04:30:00,26.11776835
2024-12-22 05:00:00,26.0353066
2024-12-22 05:30:00,26.46480881
2024-12-22 06:00:00,25.28352837
2024-12-22 06:30:00,27.51641352
2024-12-22 07:00:00,27.15244083
2024-12-22 07:30:00,30.21889748
2024-12-22 08:00:00,32.09233117
2024-12-22 08:30:00,30.98743226
2024-12-22 09:00:00,26.05497931
2024-12-22 09:30:00,24.50811663
2024-12-22 10:00:00,23.89906537
2024-12-22 10:30:00,25.05251891
2024-12-22 11:00:00,23.26078139
2024-12-22 11:30:00,23.5038388
2024-12-22 12:00:00,23.88675082
2024-12-22 12:30:00,23.53613884
2024-12-22 13:00:00,24.87802747
2024-12-22 13:30:00,26.04834883
2024-12-22 14:00:00,27.48887309
2024-12-22 14:30:00,29.69012889
2024-12-22 15:00:00,31.94613308
2024-12-22 15:30:00,35.02448165
2024-12-22 16:00:00,36.46577927
2024-12-22 16:30:00,39.09410711
2024-12-22 17:00:00,39.98693614
2024-12-22 17:30:00,38.63961923
2024-12-22 18:00:00,38.36689255
2024-12-22 18:30:00,38.28866066
2024-12-22 19:00:00,37.9164264
2024-12-22 19:30:00,37.05593492
2024-12-22 20:00:00,35.34451689
2024-12-22 20:30:00,33.82567765
2024-12-22 21:00:00,32.38096773
2024-12-22 21:30:00,31.96843302
2024-12-22 22:00:00,30.78746312
2024-12-22 22:30:00,29.34036759
2024-12-22 23:00:00,28.10962736
2024-12-22 23:30:00,27.42027214
2024-12-23 00:00:00,26.87727748
2024-12-23 00:30:00,26.65059547
2024-12-23 01:00:00,26.11780271
2024-12-23 01:30:00,25.96540623
2024-12-23 02:00:00,26.07881127
2024-12-23 02:30:00,26.93909294
2024-12-23 03:00:00,27.1419392
2024-12-23 03:30:00,27.98766526
2024-12-23 04:00:00,28.09154798
2024-12-23 04:30:00,29.42787565
2024-12-23 05:00:00,30.2530681
2024-12-23 05:30:00,33.29150907
2024-12-23 06:00:00,33.80487939
2024-12-23 06:30:00,34.61293141
2024-12-23 07:00:00,33.92636321
2024-12-23 07:30:00,33.74773463
2024-12-23 08:00:00,33.10446787
2024-12-23 08:30:00,28.95465141
2024-12-23 09:00:00,28.62746971
2024-12-23 09:30:00,29.65794673
2024-12-23 10:00:00,28.9483643
2024-12-23 10:30:00,31.49351372
2024-12-23 11:00:00,27.23279087
2024-12-23 11:30:00,27.84455073
2024-12-23 12:00:00,28.01279129
2024-12-23 12:30:00,28.26832353
2024-12-23 13:00:00,28.21555755
2024-12-23 13:30:00,29.51817437
2024-12-23 14:00:00,28.24012409
2024-12-23 14:30:00,29.50118861
2024-12-23 15:00:00,32.01660932
2024-12-23 15:30:00,33.66403393
2024-12-23 16:00:00,35.73140926
2024-12-23 16:30:00,35.67559971
2024-12-23 17:00:00,36.99124712
2024-12-23 17:30:00,36.17791463
2024-12-23 18:00:00,36.66417755
2024-12-23 18:30:00,36.70323958
2024-12-23 19:00:00,36.46847419
2024-12-23 19:30:00,35.19300145
2024-12-23 20:00:00,33.46954666
2024-12-23 20:30:00,31.8106199
2024-12-23 21:00:00,30.54416391
2024-12-23 21:30:00,30.44718024
2024-12-23 22:00:00,29.36213238
2024-12-23 22:30:00,27.94385299
2024-12-23 23:00:00,26.78548847
2024-12-23 23:30:00,26.28123947
2024-12-24 00:00:00,25.5738871
2024-12-24 00:30:00,25.47997388
2024-12-24 01:00:00,25.20738989
2024-12-24 01:30:00,25.00622997
2024-12-24 02:00:00,25.05261385
2024-12-24 02:30:00,25.48438311
2024-12-24 03:00:00,25.63389683
2024-12-24 03:30:00,26.27112769
2024-12-24 04:00:00,26.35364859
2024-12-24 04:30:00,27.17238502
2024-12-24 05:00:00,28.17751629
2024-12-24 05:30:00,29.37077712
2024-12-24 06:00:00,29.46205383
2024-12-24 06:30:00,29.70746012
2024-12-24 07:00:00,28.61512588
2024-12-24 07:30:00,27.42885624
2024-12-24 08:00:00,25.91805758
2024-12-24 08:30:00,25.26532724
2024-12-24 09:00:00,24.58861223
2024-12-24 09:30:00,24.81968631
2024-12-24 10:00:00,24.85358817
2024-12-24 10:30:00,24.64301475
2024-12-24 11:00:00,24.26368612
2024-12-24 11:30:00,24.5019268
2024-12-24 12:00:00,24.44874986
2024-12-24 12:30:00,24.84008763
2024-12-24 13:00:00,25.77887885
2024-12-24 13:30:00,26.63744087
2024-12-24 14:00:00,28.05926098
2024-12-24 14:30:00,30.12574991
2024-12-24 15:00:00,32.53353085
2024-12-24 15:30:00,35.0143453
2024-12-24 16:00:00,36.15620704
2024-12-24 16:30:00,36.05761951
2024-12-24 17:00:00,37.47170953
2024-12-24 17:30:00,35.47693413
2024-12-24 18:00:00,35.2673942
2024-12-24 18:30:00,34.57895426
2024-12-24 19:00:00,34.06930685
2024-12-24 19:30:00,33.61851103
2024-12-24 20:00:00,32.59456974
2024-12-24 20:30:00,31.61735554
2024-12-24 21:00:00,30.42919376
2024-12-24 21:30:00,30.00999162
2024-12-24 22:00:00,29.23206353
2024-12-24 22:30:00,27.68597944
2024-12-24 23:00:00,26.55009085
2024-12-24 23:30:00,25.9507415
2024-12-25 00:00:00,25.42151017
2024-12-25 00:30:00,25.10814008
2024-12-25 01:00:00,24.74758465
2024-12-25 01:30:00,24.5868921
2024-12-25 02:00:00,24.56580229
2024-12-25 02:30:00,24.51879629
2024-12-25 03:00:00,24.49190318
2024-12-25 03:30:00,24.90206554
2024-12-25 04:00:00,24.65271826
2024-12-25 04:30:00,24.89103792
2024-12-25 05:00:00,24.73811352
2024-12-25 05:30:00,24.78262041
2024-12-25 06:00:00,23.9073781
2024-12-25 06:30:00,23.55394249
2024-12-25 07:00:00,22.60867993
2024-12-25 07:30:00,21.16897306
2024-12-25 08:00:00,20.14383144
2024-12-25 08:30:00,19.24812754
2024-12-25 09:00:00,18.6615272
2024-12-25 09:30:00,18.87990883
2024-12-25 10:00:00,18.54083731
2024-12-25 10:30:00,18.21244392
2024-12-25 11:00:00,17.79023863
2024-12-25 11:30:00,18.01605854
2024-12-25 12:00:00,17.91870999
2024-12-25 12:30:00,18.62395792
2024-12-25 13:00:00,19.53435841
2024-12-25 13:30:00,20.83985054
2024-12-25 14:00:00,24.34193196
2024-12-25 14:30:00,25.88992526
2024-12-25 15:00:00,29.22737128
2024-12-25 15:30:00,33.88089158
2024-12-25 16:00:00,34.62556286
2024-12-25 16:30:00,32.46325914
2024-12-25 17:00:00,33.05883176
2024-12-25 17:30:00,34.16115683
2024-12-25 18:00:00,34.15926399
2024-12-25 18:30:00,33.6021637
2024-12-25 19:00:00,33.60970972
2024-12-25 19:30:00,32.97451636
2024-12-25 20:00:00,32.04126544
2024-12-25 20:30:00,31.08555418
2024-12-25 21:00:00,30.05227104
2024-12-25 21:30:00,30.00139881
2024-12-25 22:00:00,29.21411521
2024-12-25 22:30:00,27.82801242
2024-12-25 23:00:00,26.87810765
2024-12-25 23:30:00,26.34418608
2024-12-26 00:00:00,25.87386513
2024-12-26 00:30:00,25.59910623
2024-12-26 01:00:00,25.2961681
2024-12-26 01:30:00,25.14793802
2024-12-26 02:00:00,25.08077937
2024-12-26 02:30:00,25.15034783
2024-12-26 03:00:00,25.24574992
2024-12-26 03:30:00,25.78579346
2024-12-26 04:00:00,25.63309978
2024-12-26 04:30:00,26.2434157
2024-12-26 05:00:00,26.21176415
2024-12-26 05:30:00,26.89626632
2024-12-26 06:00:00,26.53924366
2024-12-26 06:30:00,26.69146119
2024-12-26 07:00:00,26.36666481
2024-12-26 07:30:00,25.61564343
2024-12-26 08:00:00,24.53621956
2024-12-26 08:30:00,24.53716403
2024-12-26 09:00:00,24.31798358
2024-12-26 09:30:00,25.37014052
2024-12-26 10:00:00,25.73309099
2024-12-26 10:30:00,25.89716634
2024-12-26 11:00:00,26.21139023
2024-12-26 11:30:00,27.19426284
2024-12-26 12:00:00,27.40487176
2024-12-26 12:30:00,28.74625432
2024-12-26 13:00:00,29.75228576
2024-12-26 13:30:00,31.22365144
2024-12-26 14:00:00,32.99458024
2024-12-26 14:30:00,35.04415422
2024-12-26 15:00:00,37.78247696
2024-12-26 15:30:00,40.03740744
2024-12-26 16:00:00,41.81701421
2024-12-26 16:30:00,42.31703483
2024-12-26 17:00:00,43.37911256
2024-12-26 17:30:00,43.19559499
2024-12-26 18:00:00,41.95645259
2024-12-26 18:30:00,41.29414877
2024-12-26 19:00:00,41.03432763
2024-12-26 19:30:00,39.85909686
2024-12-26 20:00:00,38.18705006
2024-12-26 20:30:00,36.72502877
2024-12-26 21:00:00,35.17993368
2024-12-26 21:30:00,34.28498362
2024-12-26 22:00:00,32.73269211
2024-12-26 22:30:00,31.26148248
2024-12-26 23:00:00,30.27100273
2024-12-26 23:30:00,29.31442697
2024-12-27 00:00:00,28.72201167
2024-12-27 00:30:00,28.38897281
2024-12-27 01:00:00,28.28194538
2024-12-27 01:30:00,28.2660853
2024-12-27 02:00:00,28.0078313
2024-12-27 02:30:00,28.82472254
2024-12-27 03:00:00,28.3257777
2024-12-27 03:30:00,28.94460704
2024-12-27 04:00:00,29.66598834
2024-12-27 04:30:00,30.92405
2024-12-27 05:00:00,33.22971482
2024-12-27 05:30:00,36.77354108
2024-12-27 06:00:00,37.90358217
2024-12-27 06:30:00,37.56460216
2024-12-27 07:00:00,36.9646002
2024-12-27 07:30:00,35.8747359
2024-12-27 08:00:00,33.95760018
2024-12-27 08:30:00,32.96820816
2024-12-27 09:00:00,32.70898734
2024-12-27 09:30:00,36.50403148
2024-12-27 10:00:00,38.09563234
2024-12-27 10:30:00,32.96576922
2024-12-27 11:00:00,31.7305342
2024-12-27 11:30:00,31.25832194
2024-12-27 12:00:00,30.82651093
2024-12-27 12:30:00,30.87376576
2024-12-27 13:00:00,31.85853187
2024-12-27 13:30:00,32.68734088
2024-12-27 14:00:00,33.75979528
2024-12-27 14:30:00,35.92940901
2024-12-27 15:00:00,37.84404163
2024-12-27 15:30:00,40.04678716
2024-12-27 16:00:00,41.80054927
2024-12-27 16:30:00,41.79365059
2024-12-27 17:00:00,43.04991957
2024-12-27 17:30:00,41.58726813
2024-12-27 18:00:00,40.59535326
2024-12-27 18:30:00,39.66258709
2024-12-27 19:00:00,39.3213295
2024-12-27 19:30:00,37.61386915
2024-12-27 20:00:00,35.72047288
2024-12-27 20:30:00,33.7630913
2024-12-27 21:00:00,32.18919496
2024-12-27 21:30:00,31.44194228
2024-12-27 22:00:00,30.26263143
2024-12-27 22:30:00,28.80077799
2024-12-27 23:00:00,27.6181482
2024-12-27 23:30:00,27.05675522
2024-12-28 00:00:00,26.41351576
2024-12-28 00:30:00,25.96251977
2024-12-28 01:00:00,25.72098132
2024-12-28 01:30:00,25.66808667
2024-12-28 02:00:00,25.52065429
2024-12-28 02:30:00,25.47121032
2024-12-28 03:00:00,25.47479856
2024-12-28 03:30:00,25.73472272
2024-12-28 04:00:00,25.59992641
2024-12-28 04:30:00,25.34959613
2024-12-28 05:00:00,25.27171916
2024-12-28 05:30:00,24.57397747
2024-12-28 06:00:00,25.34941933
2024-12-28 06:30:00,26.4596321
2024-12-28 07:00:00,27.66956274
2024-12-28 07:30:00,25.80632316
2024-12-28 08:00:00,21.88159691
2024-12-28 08:30:00,21.71274974
2024-12-28 09:00:00,21.06961443
2024-12-28 09:30:00,21.38468496
2024-12-28 10:00:00,18.99430997
2024-12-28 10:30:00,18.78001077
2024-12-28 11:00:00,18.63754827
2024-12-28 11:30:00,18.97669536
2024-12-28 12:00:00,19.16128551
2024-12-28 12:30:00,19.32676429
2024-12-28 13:00:00,20.08442971
2024-12-28 13:30:00,20.39069679
2024-12-28 14:00:00,21.73299363
2024-12-28 14:30:00,23.40341537
2024-12-28 15:00:00,25.71185441
2024-12-28 15:30:00,28.28450677
2024-12-28 16:00:00,30.89847082
2024-12-28 16:30:00,32.35727817
2024-12-28 17:00:00,34.14320723
2024-12-28 17:30:00,35.18843762
2024-12-28 18:00:00,35.32089208
2024-12-28 18:30:00,35.06926606
2024-12-28 19:00:00,35.58394277
2024-12-28 19:30:00,34.99558925
2024-12-28 20:00:00,33.97968958
2024-12-28 20:30:00,32.62215015
2024-12-28 21:00:00,31.2257259
2024-12-28 21:30:00,30.882613
2024-12-28 22:00:00,29.7717964
2024-12-28 22:30:00,28.23715758
2024-12-28 23:00:00,27.06105862
2024-12-28 23:30:00,26.52943892
2024-12-29 00:00:00,26.08079698
2024-12-29 00:30:00,25.75172253
2024-12-29 01:00:00,25.41840611
2024-12-29 01:30:00,25.06210275
2024-12-29 02:00:00,25.03167998
2024-12-29 02:30:00,25.07671155
2024-12-29 03:00:00,24.95373277
2024-12-29 03:30:00,25.17005401
2024-12-29 04:00:00,24.93070064
2024-12-29 04:30:00,24.98399319
2024-12-29 05:00:00,24.85630552
2024-12-29 05:30:00,24.40914093
2024-12-29 06:00:00,23.53065921
2024-12-29 06:30:00,22.96952943
2024-12-29 07:00:00,22.4172595
2024-12-29 07:30:00,21.93305968
2024-12-29 08:00:00,21.11771084
2024-12-29 08:30:00,20.86197255
2024-12-29 09:00:00,20.01423344
2024-12-29 09:30:00,20.08230469
2024-12-29 10:00:00,19.69133574
2024-12-29 10:30:00,19.63685928
2024-12-29 11:00:00,19.22893921
2024-12-29 11:30:00,19.83282685
2024-12-29 12:00:00,20.05497252
2024-12-29 12:30:00,20.57753606
2024-12-29 13:00:00,21.42723508
2024-12-29 13:30:00,22.75547449
2024-12-29 14:00:00,24.17344142
2024-12-29 14:30:00,25.81237766
2024-12-29 15:00:00,27.79949129
2024-12-29 15:30:00,30.65986615
2024-12-29 16:00:00,33.48866298
2024-12-29 16:30:00,35.40514138
2024-12-29 17:00:00,36.74428072
2024-12-29 17:30:00,37.455952
2024-12-29 18:00:00,36.96942179
2024-12-29 18:30:00,36.19013111
2024-12-29 19:00:00,35.81357315
2024-12-29 19:30:00,35.42404093
2024-12-29 20:00:00,34.07688018
2024-12-29 20:30:00,32.75515383
2024-12-29 21:00:00,31.41328918
2024-12-29 21:30:00,31.17566965
2024-12-29 22:00:00,30.03095724
2024-12-29 22:30:00,28.5233826
2024-12-29 23:00:00,27.53749275
2024-12-29 23:30:00,27.15684616
2024-12-30 00:00:00,26.58282279
2024-12-30 00:30:00,26.35027404
2024-12-30 01:00:00,26.01136498
2024-12-30 01:30:00,25.7521973
2024-12-30 02:00:00,25.88454065
2024-12-30 02:30:00,26.82816308
2024-12-30 03:00:00,27.16802717
2024-12-30 03:30:00,27.61937078
2024-12-30 04:00:00,27.83197981
2024-12-30 04:30:00,28.78880335
2024-12-30 05:00:00,29.50311807
2024-12-30 05:30:00,30.74216903
2024-12-30 06:00:00,30.84746245
2024-12-30 06:30:00,31.84642203
2024-12-30 07:00:00,33.00884596
2024-12-30 07:30:00,31.9388858
2024-12-30 08:00:00,29.5414356
2024-12-30 08:30:00,28.79183545
2024-12-30 09:00:00,28.94806928
2024-12-30 09:30:00,29.06151663
2024-12-30 10:00:00,29.0388721
2024-12-30 10:30:00,29.25967042
2024-12-30 11:00:00,30.34541293
2024-12-30 11:30:00,32.49130005
2024-12-30 12:00:00,30.55374028
2024-12-30 12:30:00,31.14218077
2024-12-30 13:00:00,32.0815037
2024-12-30 13:30:00,33.41905301
2024-12-30 14:00:00,35.020548
2024-12-30 14:30:00,37.8040918
2024-12-30 15:00:00,40.25727904
2024-12-30 15:30:00,43.4265892
2024-12-30 16:00:00,43.23576548
2024-12-30 16:30:00,41.98814086
2024-12-30 17:00:00,42.97046349
2024-12-30 17:30:00,41.64982178
2024-12-30 18:00:00,41.29475352
2024-12-30 18:30:00,40.59164246
2024-12-30 19:00:00,39.96212422
2024-12-30 19:30:00,38.92284095
2024-12-30 20:00:00,36.95504411
2024-12-30 20:30:00,34.98471984
2024-12-30 21:00:00,33.37011597
2024-12-30 21:30:00,32.56063116
2024-12-30 22:00:00,31.24727928
2024-12-30 22:30:00,29.71883933
2024-12-30 23:00:00,28.65284005
2024-12-30 23:30:00,28.08314492
2024-12-31 00:00:00,27.6330442
2024-12-31 00:30:00,27.05804208
2024-12-31 01:00:00,26.57049258
2024-12-31 01:30:00,26.50359458
2024-12-31 02:00:00,26.38458799
2024-12-31 02:30:00,27.0671611
2024-12-31 03:00:00,27.42173555
2024-12-31 03:30:00,28.07151979
2024-12-31 04:00:00,28.16128318
2024-12-31 04:30:00,29.27122741
2024-12-31 05:00:00,30.43973774
2024-12-31 05:30:00,31.73645729
2024-12-31 06:00:00,32.3749131
2024-12-31 06:30:00,33.22097996
2024-12-31 07:00:00,33.9223058
2024-12-31 07:30:00,34.10025359
2024-12-31 08:00:00,36.02575165
2024-12-31 08:30:00,37.59640233
2024-12-31 09:00:00,34.57171438
2024-12-31 09:30:00,34.19092116
2024-12-31 10:00:00,34.95534114
2024-12-31 10:30:00,35.15279131
2024-12-31 11:00:00,33.5197749
2024-12-31 11:30:00,34.54617453
2024-12-31 12:00:00,35.23263416
2024-12-31 12:30:00,37.49146548
2024-12-31 13:00:00,37.39064375
2024-12-31 13:30:00,44.51345312
2024-12-31 14:00:00,45.56912974
2024-12-31 14:30:00,44.0459431
2024-12-31 15:00:00,46.93792256
2024-12-31 15:30:00,47.06382841
2024-12-31 16:00:00,44.40355747
2024-12-31 16:30:00,40.63234541
2024-12-31 17:00:00,39.93064767
2024-12-31 17:30:00,38.55006366
2024-12-31 18:00:00,37.55507261
2024-12-31 18:30:00,36.72235308
2024-12-31 19:00:00,36.03032552
2024-12-31 19:30:00,34.89238089
2024-12-31 20:00:00,34.3920167
2024-12-31 20:30:00,33.94483088
2024-12-31 21:00:00,32.82462292
2024-12-31 21:30:00,32.78196517
2024-12-31 22:00:00,31.75787436
2024-12-31 22:30:00,30.2953888
2024-12-31 23:00:00,29.76364038
2024-12-31 23:30:00,29.30795984
2025-01-01 00:00:00,28.64858782
2025-01-01 00:30:00,28.11926817
2025-01-01 01:00:00,27.81444369
2025-01-01 01:30:00,27.40731034
2025-01-01 02:00:00,27.36597821
2025-01-01 02:30:00,27.19031424
2025-01-01 03:00:00,26.99079718
2025-01-01 03:30:00,27.4756775
2025-01-01 04:00:00,27.39852019
2025-01-01 04:30:00,27.99522564
2025-01-01 05:00:00,28.3680631
2025-01-01 05:30:00,29.57727067
2025-01-01 06:00:00,29.12766422
2025-01-01 06:30:00,29.60022708
2025-01-01 07:00:00,29.1540031
2025-01-01 07:30:00,29.25230398
2025-01-01 08:00:00,27.89776249
2025-01-01 08:30:00,27.24145891
2025-01-01 09:00:00,26.9174093
2025-01-01 09:30:00,26.80396892
2025-01-01 10:00:00,29.0866307
2025-01-01 10:30:00,33.59803975
2025-01-01 11:00:00,33.84414644
2025-01-01 11:30:00,30.95811077
2025-01-01 12:00:00,30.32637747
2025-01-01 12:30:00,30.41465946
2025-01-01 13:00:00,33.29706208
2025-01-01 13:30:00,32.07887756
2025-01-01 14:00:00,34.18325195
2025-01-01 14:30:00,35.46502522
2025-01-01 15:00:00,36.88182021
2025-01-01 15:30:00,40.50936894
2025-01-01 16:00:00,41.4297185
2025-01-01 16:30:00,41.98298083
2025-01-01 17:00:00,43.32471059
2025-01-01 17:30:00,43.17857651
2025-01-01 18:00:00,42.06840357
2025-01-01 18:30:00,40.53963421
2025-01-01 19:00:00,39.87187841
2025-01-01 19:30:00,38.40590048
2025-01-01 20:00:00,36.95512841
2025-01-01 20:30:00,35.18991794
2025-01-01 21:00:00,33.58517483
2025-01-01 21:30:00,33.09456161
2025-01-01 22:00:00,31.78278942
2025-01-01 22:30:00,30.29157498
2025-01-01 23:00:00,29.02275745
2025-01-01 23:30:00,28.28976032
2025-01-02 00:00:00,27.81822134
2025-01-02 00:30:00,27.46139229
2025-01-02 01:00:00,26.87604213
2025-01-02 01:30:00,26.59359357
2025-01-02 02:00:00,26.62883322
2025-01-02 02:30:00,27.32847607
2025-01-02 03:00:00,27.59581681
2025-01-02 03:30:00,28.5659484
2025-01-02 04:00:00,29.29943766
2025-01-02 04:30:00,30.97600894
2025-01-02 05:00:00,32.75468085
2025-01-02 05:30:00,35.39054757
2025-01-02 06:00:00,36.07434076
2025-01-02 06:30:00,38.39066146
2025-01-02 07:00:00,38.22159419
2025-01-02 07:30:00,39.89560584
2025-01-02 08:00:00,40.22127814
2025-01-02 08:30:00,41.02759408
2025-01-02 09:00:00,39.78014961
2025-01-02 09:30:00,39.43248794
2025-01-02 10:00:00,39.24731584
2025-01-02 10:30:00,38.3594721
2025-01-02 11:00:00,40.0799184
2025-01-02 11:30:00,39.76094045
2025-01-02 12:00:00,36.06438568
2025-01-02 12:30:00,34.69722104
2025-01-02 13:00:00,35.8701872
2025-01-02 13:30:00,37.39960894
2025-01-02 14:00:00,37.60940176
2025-01-02 14:30:00,38.16737094
2025-01-02 15:00:00,42.24247005
2025-01-02 15:30:00,40.59789479
2025-01-02 16:00:00,40.92967241
2025-01-02 16:30:00,38.53419621
2025-01-02 17:00:00,38.21348297
2025-01-02 17:30:00,36.71313166
2025-01-02 18:00:00,36.19874886
2025-01-02 18:30:00,36.38195185
2025-01-02 19:00:00,36.46337149
2025-01-02 19:30:00,35.40393101
2025-01-02 20:00:00,34.21962718
2025-01-02 20:30:00,33.01257278
2025-01-02 21:00:00,31.61156785
2025-01-02 21:30:00,31.53846862
2025-01-02 22:00:00,30.35281496
2025-01-02 22:30:00,28.89121402
2025-01-02 23:00:00,27.70986501
2025-01-02 23:30:00,26.75643978
2025-01-03 00:00:00,26.24190909
2025-01-03 00:30:00,25.9336383
2025-01-03 01:00:00,25.62256817
2025-01-03 01:30:00,25.57424205
2025-01-03 02:00:00,25.40211723
2025-01-03 02:30:00,26.09837205
2025-01-03 03:00:00,26.31918717
2025-01-03 03:30:00,26.89036502
2025-01-03 04:00:00,27.36620872
2025-01-03 04:30:00,28.36401348
2025-01-03 05:00:00,29.21456857
2025-01-03 05:30:00,31.63729462
2025-01-03 06:00:00,33.6969239
2025-01-03 06:30:00,35.76312189
2025-01-03 07:00:00,35.48514077
2025-01-03 07:30:00,33.76690735
2025-01-03 08:00:00,31.25109637
2025-01-03 08:30:00,29.59085359
2025-01-03 09:00:00,29.21979382
2025-01-03 09:30:00,30.22461513
2025-01-03 10:00:00,29.9021956
2025-01-03 10:30:00,30.29489948
2025-01-03 11:00:00,31.22968304
2025-01-03 11:30:00,33.04992303
2025-01-03 12:00:00,33.70277275
2025-01-03 12:30:00,34.30987365
2025-01-03 13:00:00,36.33536512
2025-01-03 13:30:00,37.8211585
2025-01-03 14:00:00,39.42886363
2025-01-03 14:30:00,44.2428247
2025-01-03 15:00:00,45.46361726
2025-01-03 15:30:00,47.18829246
2025-01-03 16:00:00,48.66802753
2025-01-03 16:30:00,48.89549542
2025-01-03 17:00:00,49.67045431
2025-01-03 17:30:00,47.3413498
2025-01-03 18:00:00,46.25733439
2025-01-03 18:30:00,45.29371766
2025-01-03 19:00:00,44.05348159
2025-01-03 19:30:00,41.47573806
2025-01-03 20:00:00,39.30738103
2025-01-03 20:30:00,37.1548388
2025-01-03 21:00:00,35.33700114
2025-01-03 21:30:00,34.5913948
2025-01-03 22:00:00,33.05492296
2025-01-03 22:30:00,30.98718844
2025-01-03 23:00:00,29.52748116
2025-01-03 23:30:00,28.75527005
2025-01-04 00:00:00,27.91075689
2025-01-04 00:30:00,27.22088781
2025-01-04 01:00:00,26.8562516
2025-01-04 01:30:00,26.68163606
2025-01-04 02:00:00,26.55313149
2025-01-04 02:30:00,26.52581229
2025-01-04 03:00:00,26.53482319
2025-01-04 03:30:00,26.69964983
2025-01-04 04:00:00,26.46306375
2025-01-04 04:30:00,26.6055843
2025-01-04 05:00:00,26.72417101
2025-01-04 05:30:00,26.80795516
2025-01-04 06:00:00,26.51839422
2025-01-04 06:30:00,27.2466754
2025-01-04 07:00:00,27.92320017
2025-01-04 07:30:00,27.56633332
2025-01-04 08:00:00,26.759259
2025-01-04 08:30:00,26.76510743
2025-01-04 09:00:00,26.59447636
2025-01-04 09:30:00,26.72134985
2025-01-04 10:00:00,26.8244488
2025-01-04 10:30:00,27.22067032
2025-01-04 11:00:00,27.69935692
2025-01-04 11:30:00,28.9639784
2025-01-04 12:00:00,30.67873816
2025-01-04 12:30:00,31.05428971
2025-01-04 13:00:00,33.14833597
2025-01-04 13:30:00,34.39587697
2025-01-04 14:00:00,37.810837
2025-01-04 14:30:00,39.73102487
2025-01-04 15:00:00,40.38192124
2025-01-04 15:30:00,43.05865608
2025-01-04 16:00:00,47.3178333
2025-01-04 16:30:00,48.22169551
2025-01-04 17:00:00,48.71902618
2025-01-04 17:30:00,46.61621317
2025-01-04 18:00:00,44.7149848
2025-01-04 18:30:00,43.44648844
2025-01-04 19:00:00,42.8180252
2025-01-04 19:30:00,42.20695313
2025-01-04 20:00:00,40.93037584
2025-01-04 20:30:00,39.38792263
2025-01-04 21:00:00,37.68126794
2025-01-04 21:30:00,36.96102967
2025-01-04 22:00:00,34.89020995
2025-01-04 22:30:00,32.87988019
2025-01-04 23:00:00,31.12128322
2025-01-04 23:30:00,30.20656875
2025-01-05 00:00:00,29.4115126
2025-01-05 00:30:00,28.73408972
2025-01-05 01:00:00,28.20713599
2025-01-05 01:30:00,28.03746231
2025-01-05 02:00:00,27.69405025
2025-01-05 02:30:00,27.60490718
2025-01-05 03:00:00,27.48708486
2025-01-05 03:30:00,27.34449039
2025-01-05 04:00:00,27.34939243
2025-01-05 04:30:00,27.25010593
2025-01-05 05:00:00,26.39356229
2025-01-05 05:30:00,27.44787758
2025-01-05 06:00:00,29.34618967
2025-01-05 06:30:00,28.36032386
2025-01-05 07:00:00,28.27901035
2025-01-05 07:30:00,29.08647117
2025-01-05 08:00:00,29.25305106
2025-01-05 08:30:00,30.44525527
2025-01-05 09:00:00,30.55980747
2025-01-05 09:30:00,34.14863914
2025-01-05 10:00:00,33.39827331
2025-01-05 10:30:00,33.52688646
2025-01-05 11:00:00,32.90765709
2025-01-05 11:30:00,35.71889045
2025-01-05 12:00:00,40.20082968
2025-01-05 12:30:00,40.27711926
2025-01-05 13:00:00,37.99953496
2025-01-05 13:30:00,40.13700968
2025-01-05 14:00:00,43.82002959
2025-01-05 14:30:00,48.82769624
2025-01-05 15:00:00,48.52207591
2025-01-05 15:30:00,51.07836005
2025-01-05 16:00:00,48.22005734
2025-01-05 16:30:00,47.11067761
2025-01-05 17:00:00,47.66051929
2025-01-05 17:30:00,47.43558196
2025-01-05 18:00:00,46.12933196
2025-01-05 18:30:00,44.58573229
2025-01-05 19:00:00,43.58788715
2025-01-05 19:30:00,42.29458922
2025-01-05 20:00:00,40.73078436
2025-01-05 20:30:00,38.51988037
2025-01-05 21:00:00,36.43091394
2025-01-05 21:30:00,35.59790386
2025-01-05 22:00:00,34.09631826
2025-01-05 22:30:00,32.35233121
2025-01-05 23:00:00,30.82367752
2025-01-05 23:30:00,29.99780817
2025-01-06 00:00:00,29.09157872
2025-01-06 00:30:00,28.94996907
2025-01-06 01:00:00,28.78184735
2025-01-06 01:30:00,28.72355622
2025-01-06 02:00:00,28.69550356
2025-01-06 02:30:00,28.97341306
2025-01-06 03:00:00,29.34097234
2025-01-06 03:30:00,30.46182867
2025-01-06 04:00:00,31.23365924
2025-01-06 04:30:00,33.37426534
2025-01-06 05:00:00,36.00412121
2025-01-06 05:30:00,39.466136
2025-01-06 06:00:00,41.70140186
2025-01-06 06:30:00,45.2228302
2025-01-06 07:00:00,45.85264512
2025-01-06 07:30:00,45.00965975
2025-01-06 08:00:00,47.78681513
2025-01-06 08:30:00,50.65720017
2025-01-06 09:00:00,54.40224578
2025-01-06 09:30:00,54.63337691
2025-01-06 10:00:00,52.33814342
2025-01-06 10:30:00,46.64271615
2025-01-06 11:00:00,50.91556809
2025-01-06 11:30:00,53.50745625
2025-01-06 12:00:00,52.43410399
2025-01-06 12:30:00,
2025-01-06 13:00:00,53.72375064
2025-01-06 13:30:00,
2025-01-06 14:00:00,
2025-01-06 14:30:00,
2025-01-06 15:00:00,62.09281444
2025-01-06 15:30:00,
2025-01-06 16:00:00,62.64236528
2025-01-06 16:30:00,57.83494722
2025-01-06 17:00:00,54.40964194
2025-01-06 17:30:00,47.9423077
2025-01-06 18:00:00,45.40605283
2025-01-06 18:30:00,43.91381804
2025-01-06 19:00:00,42.80917383
2025-01-06 19:30:00,41.30062576
2025-01-06 20:00:00,39.59044692
2025-01-06 20:30:00,37.23794839
2025-01-06 21:00:00,35.20877259
2025-01-06 21:30:00,34.45096993
2025-01-06 22:00:00,33.48532667
2025-01-06 22:30:00,31.39105585
2025-01-06 23:00:00,30.01766564
2025-01-06 23:30:00,29.3474791
2025-01-07 00:00:00,28.79402377
2025-01-07 00:30:00,28.50705393
2025-01-07 01:00:00,28.48692665
2025-01-07 01:30:00,28.47410486
2025-01-07 02:00:00,28.48882904
2025-01-07 02:30:00,28.92608971
2025-01-07 03:00:00,29.02331875
2025-01-07 03:30:00,29.96689993
2025-01-07 04:00:00,31.31810397
2025-01-07 04:30:00,32.95053017
2025-01-07 05:00:00,35.18199026
2025-01-07 05:30:00,39.24624761
2025-01-07 06:00:00,42.05185069
2025-01-07 06:30:00,44.27838002
2025-01-07 07:00:00,42.10833824
2025-01-07 07:30:00,41.06109503
2025-01-07 08:00:00,41.49657163
2025-01-07 08:30:00,42.86027193
2025-01-07 09:00:00,40.09182628
2025-01-07 09:30:00,42.21671841
2025-01-07 10:00:00,37.97335226
2025-01-07 10:30:00,37.23940768
2025-01-07 11:00:00,42.19875272
2025-01-07 11:30:00,44.45810235
2025-01-07 12:00:00,39.96712075
2025-01-07 12:30:00,41.82078553
2025-01-07 13:00:00,42.3863959
2025-01-07 13:30:00,40.85159006
2025-01-07 14:00:00,41.41636599
2025-01-07 14:30:00,42.92483125
2025-01-07 15:00:00,40.95006405
2025-01-07 15:30:00,41.76375953
2025-01-07 16:00:00,40.39817067
2025-01-07 16:30:00,38.93863334
2025-01-07 17:00:00,39.46130405
2025-01-07 17:30:00,37.46509747
2025-01-07 18:00:00,37.02261258
2025-01-07 18:30:00,37.40459029
2025-01-07 19:00:00,37.51293155
2025-01-07 19:30:00,36.4036274
2025-01-07 20:00:00,35.11099917
2025-01-07 20:30:00,33.51511993
2025-01-07 21:00:00,31.79857689
2025-01-07 21:30:00,31.64260251
2025-01-07 22:00:00,30.44846096
2025-01-07 22:30:00,28.79677095
2025-01-07 23:00:00,27.47337016
2025-01-07 23:30:00,26.89268372
2025-01-08 00:00:00,26.17441297
2025-01-08 00:30:00,26.09940048
2025-01-08 01:00:00,25.87635938
2025-01-08 01:30:00,25.65760457
2025-01-08 02:00:00,25.60373723
2025-01-08 02:30:00,26.10086066
2025-01-08 03:00:00,26.24147319
2025-01-08 03:30:00,26.98328848
2025-01-08 04:00:00,27.51342328
2025-01-08 04:30:00,28.91783282
2025-01-08 05:00:00,30.73084763
2025-01-08 05:30:00,32.89556578
2025-01-08 06:00:00,34.23145237
2025-01-08 06:30:00,36.07657901
2025-01-08 07:00:00,34.93085402
2025-01-08 07:30:00,33.22428188
2025-01-08 08:00:00,35.82604201
2025-01-08 08:30:00,36.48486554
2025-01-08 09:00:00,31.72179321
2025-01-08 09:30:00,31.87773575
2025-01-08 10:00:00,33.65971941
2025-01-08 10:30:00,33.17883719
2025-01-08 11:00:00,34.37018107
2025-01-08 11:30:00,37.48697287
2025-01-08 12:00:00,35.12177225
2025-01-08 12:30:00,31.29100475
2025-01-08 13:00:00,30.55384074
2025-01-08 13:30:00,31.39198331
2025-01-08 14:00:00,30.64710263
2025-01-08 14:30:00,31.55401942
2025-01-08 15:00:00,34.17844567
2025-01-08 15:30:00,36.03258964
2025-01-08 16:00:00,36.44885101
2025-01-08 16:30:00,35.89559678
2025-01-08 17:00:00,37.35796108
2025-01-08 17:30:00,36.53579963
2025-01-08 18:00:00,37.46911049
2025-01-08 18:30:00,37.49538565
2025-01-08 19:00:00,37.71530379
2025-01-08 19:30:00,36.73758905
2025-01-08 20:00:00,35.19057865
2025-01-08 20:30:00,33.66958859
2025-01-08 21:00:00,31.99694878
2025-01-08 21:30:00,31.42682269
2025-01-08 22:00:00,30.28072616
2025-01-08 22:30:00,28.87424185
2025-01-08 23:00:00,27.3905053
2025-01-08 23:30:00,26.64456839
2025-01-09 00:00:00,26.14404113
2025-01-09 00:30:00,25.8338074
2025-01-09 01:00:00,25.66301737
2025-01-09 01:30:00,25.69498321
2025-01-09 02:00:00,25.62198441
2025-01-09 02:30:00,26.08369001
2025-01-09 03:00:00,26.19653315
2025-01-09 03:30:00,26.87897438
2025-01-09 04:00:00,27.53017551
2025-01-09 04:30:00,28.40259672
2025-01-09 05:00:00,30.15378065
2025-01-09 05:30:00,33.21157818
2025-01-09 06:00:00,34.66566344
2025-01-09 06:30:00,34.80751163
2025-01-09 07:00:00,34.01536918
2025-01-09 07:30:00,34.6437356
2025-01-09 08:00:00,34.51616818
2025-01-09 08:30:00,32.50925125
2025-01-09 09:00:00,36.60557861
2025-01-09 09:30:00,38.68301108
2025-01-09 10:00:00,36.58107423
2025-01-09 10:30:00,35.47968223
2025-01-09 11:00:00,39.06400486
2025-01-09 11:30:00,41.49433443
2025-01-09 12:00:00,36.94002592
2025-01-09 12:30:00,40.46714675
2025-01-09 13:00:00,38.77341793
2025-01-09 13:30:00,39.00291629
2025-01-09 14:00:00,40.36362788
2025-01-09 14:30:00,38.83538648
2025-01-09 15:00:00,40.93207932
2025-01-09 15:30:00,42.98157869
2025-01-09 16:00:00,44.409165
2025-01-09 16:30:00,43.93122621
2025-01-09 17:00:00,42.48320215
2025-01-09 17:30:00,39.94564774
2025-01-09 18:00:00,39.57325015
2025-01-09 18:30:00,39.26669997
2025-01-09 19:00:00,39.34379101
2025-01-09 19:30:00,37.97132922
2025-01-09 20:00:00,36.31566448
2025-01-09 20:30:00,34.52480274
2025-01-09 21:00:00,32.9102621
2025-01-09 21:30:00,32.67220895
2025-01-09 22:00:00,31.27086751
2025-01-09 22:30:00,29.72974795
2025-01-09 23:00:00,28.20271701
2025-01-09 23:30:00,27.54496665
2025-01-10 00:00:00,27.00488758
2025-01-10 00:30:00,26.79830694
2025-01-10 01:00:00,26.39332903
2025-01-10 01:30:00,26.56999036
2025-01-10 02:00:00,26.50557125
2025-01-10 02:30:00,27.05257504
2025-01-10 03:00:00,27.2429029
2025-01-10 03:30:00,27.92116407
2025-01-10 04:00:00,28.77217199
2025-01-10 04:30:00,30.02932552
2025-01-10 05:00:00,31.84812498
2025-01-10 05:30:00,35.99191111
2025-01-10 06:00:00,38.41707027
2025-01-10 06:30:00,41.14464054
2025-01-10 07:00:00,41.07273029
2025-01-10 07:30:00,41.63251377
2025-01-10 08:00:00,41.79993214
2025-01-10 08:30:00,40.98317822
2025-01-10 09:00:00,40.63015911
2025-01-10 09:30:00,41.42421336
2025-01-10 10:00:00,44.18441466
2025-01-10 10:30:00,47.27561526
2025-01-10 11:00:00,46.20696049
2025-01-10 11:30:00,43.07916046
2025-01-10 12:00:00,43.73028189
2025-01-10 12:30:00,43.72651445
2025-01-10 13:00:00,47.89210832
2025-01-10 13:30:00,44.46740888
2025-01-10 14:00:00,43.77589586
2025-01-10 14:30:00,45.72471446
2025-01-10 15:00:00,46.40834766
2025-01-10 15:30:00,46.46377014
2025-01-10 16:00:00,47.02459325
2025-01-10 16:30:00,44.20762665
2025-01-10 17:00:00,43.16695493
2025-01-10 17:30:00,41.43404119
2025-01-10 18:00:00,40.83755669
2025-01-10 18:30:00,40.39755938
2025-01-10 19:00:00,40.05112385
2025-01-10 19:30:00,37.81096432
2025-01-10 20:00:00,36.24054341
2025-01-10 20:30:00,34.83116703
2025-01-10 21:00:00,33.2466008
2025-01-10 21:30:00,32.59292701
2025-01-10 22:00:00,31.32539264
2025-01-10 22:30:00,29.81461319
2025-01-10 23:00:00,28.5224891
2025-01-10 23:30:00,27.5692342
2025-01-11 00:00:00,27.19728348
2025-01-11 00:30:00,26.77835393
2025-01-11 01:00:00,26.35598137
2025-01-11 01:30:00,26.24507283
2025-01-11 02:00:00,26.16596834
2025-01-11 02:30:00,26.08763274
2025-01-11 03:00:00,25.95519086
2025-01-11 03:30:00,26.32263887
2025-01-11 04:00:00,26.68278854
2025-01-11 04:30:00,27.06457253
2025-01-11 05:00:00,27.62266863
2025-01-11 05:30:00,28.33693536
2025-01-11 06:00:00,29.55376812
2025-01-11 06:30:00,29.88214167
2025-01-11 07:00:00,31.15143365
2025-01-11 07:30:00,30.49718411
2025-01-11 08:00:00,29.03775209
2025-01-11 08:30:00,30.78523329
2025-01-11 09:00:00,32.43939041
2025-01-11 09:30:00,31.5172448
2025-01-11 10:00:00,30.04067162
2025-01-11 10:30:00,27.34267894
2025-01-11 11:00:00,25.85930229
2025-01-11 11:30:00,31.69595738
2025-01-11 12:00:00,29.45455951
2025-01-11 12:30:00,24.76953159
2025-01-11 13:00:00,26.21734637
2025-01-11 13:30:00,26.50815994
2025-01-11 14:00:00,27.48647703
2025-01-11 14:30:00,28.9015759
2025-01-11 15:00:00,35.22621406
2025-01-11 15:30:00,38.25606924
2025-01-11 16:00:00,39.0731183
2025-01-11 16:30:00,40.56661759
2025-01-11 17:00:00,40.64940676
2025-01-11 17:30:00,39.75905811
2025-01-11 18:00:00,38.92573223
2025-01-11 18:30:00,38.08338962
2025-01-11 19:00:00,37.49871779
2025-01-11 19:30:00,36.89823849
2025-01-11 20:00:00,35.7375033
2025-01-11 20:30:00,34.66449299
2025-01-11 21:00:00,33.19536751
2025-01-11 21:30:00,32.79159891
2025-01-11 22:00:00,31.8814106
2025-01-11 22:30:00,30.15383679
2025-01-11 23:00:00,28.85079791
2025-01-11 23:30:00,28.17388546
2025-01-12 00:00:00,27.48800863
2025-01-12 00:30:00,27.23372587
2025-01-12 01:00:00,26.61674578
2025-01-12 01:30:00,26.62245629
2025-01-12 02:00:00,26.46248066
2025-01-12 02:30:00,26.23996627
2025-01-12 03:00:00,26.24920226
2025-01-12 03:30:00,26.37159607
2025-01-12 04:00:00,26.48584314
2025-01-12 04:30:00,26.53466193
2025-01-12 05:00:00,26.66758417
2025-01-12 05:30:00,26.94948653
2025-01-12 06:00:00,26.97840945
2025-01-12 06:30:00,26.98813337
2025-01-12 07:00:00,27.53433498
2025-01-12 07:30:00,29.48379921
2025-01-12 08:00:00,27.94237613
2025-01-12 08:30:00,27.44448216
2025-01-12 09:00:00,26.95968415
2025-01-12 09:30:00,26.46190646
2025-01-12 10:00:00,25.90193866
2025-01-12 10:30:00,25.69021911
2025-01-12 11:00:00,25.91660821
2025-01-12 11:30:00,26.75586202
2025-01-12 12:00:00,26.35118777
2025-01-12 12:30:00,27.02850845
2025-01-12 13:00:00,27.84765028
2025-01-12 13:30:00,30.53335867
2025-01-12 14:00:00,37.90267807
2025-01-12 14:30:00,33.81005236
2025-01-12 15:00:00,38.51077583
2025-01-12 15:30:00,40.16402448
2025-01-12 16:00:00,41.77327651
2025-01-12 16:30:00,42.27265917
2025-01-12 17:00:00,45.60587914
2025-01-12 17:30:00,43.6789722
2025-01-12 18:00:00,41.71599613
2025-01-12 18:30:00,40.29784016
2025-01-12 19:00:00,39.4796967
2025-01-12 19:30:00,38.25113872
2025-01-12 20:00:00,36.88708363
2025-01-12 20:30:00,35.41612033
2025-01-12 21:00:00,33.6863416
2025-01-12 21:30:00,33.04835691
2025-01-12 22:00:00,31.62584725
2025-01-12 22:30:00,30.01984745
2025-01-12 23:00:00,28.75255464
2025-01-12 23:30:00,28.04276684
2025-01-13 00:00:00,27.43014557
2025-01-13 00:30:00,27.07934921
2025-01-13 01:00:00,26.67601053
2025-01-13 01:30:00,26.486271
2025-01-13 02:00:00,26.74134704
2025-01-13 02:30:00,27.78240445
2025-01-13 03:00:00,28.05960858
2025-01-13 03:30:00,28.53828235
2025-01-13 04:00:00,29.43827286
2025-01-13 04:30:00,31.35503052
2025-01-13 05:00:00,33.85097517
2025-01-13 05:30:00,37.53844388
2025-01-13 06:00:00,39.46092867
2025-01-13 06:30:00,41.36814731
2025-01-13 07:00:00,41.38431631
2025-01-13 07:30:00,41.6196875
2025-01-13 08:00:00,40.51596848
2025-01-13 08:30:00,40.57424629
2025-01-13 09:00:00,39.60433131
2025-01-13 09:30:00,39.50210457
2025-01-13 10:00:00,39.63653161
2025-01-13 10:30:00,40.16563941
2025-01-13 11:00:00,41.57043085
2025-01-13 11:30:00,43.39132132
2025-01-13 12:00:00,44.07170247
2025-01-13 12:30:00,45.57816263
2025-01-13 13:00:00,50.30248538
2025-01-13 13:30:00,46.76340037
2025-01-13 14:00:00,47.88326634
2025-01-13 14:30:00,50.46930433
2025-01-13 15:00:00,54.19420526
2025-01-13 15:30:00,56.8926644
2025-01-13 16:00:00,53.85845782
2025-01-13 16:30:00,52.90898682
2025-01-13 17:00:00,53.02442049
2025-01-13 17:30:00,49.81858948
2025-01-13 18:00:00,47.35660112
2025-01-13 18:30:00,45.56238024
2025-01-13 19:00:00,44.61601691
2025-01-13 19:30:00,42.94442398
2025-01-13 20:00:00,40.77014013
2025-01-13 20:30:00,38.2675789
2025-01-13 21:00:00,36.05524678
2025-01-13 21:30:00,35.23014056
2025-01-13 22:00:00,33.65299157
2025-01-13 22:30:00,31.53367604
2025-01-13 23:00:00,30.1977536
2025-01-13 23:30:00,29.41952401
2025-01-14 00:00:00,28.84857101
2025-01-14 00:30:00,28.08052896
2025-01-14 01:00:00,27.67199851
2025-01-14 01:30:00,27.67413785
2025-01-14 02:00:00,27.61413403
2025-01-14 02:30:00,28.42333303
2025-01-14 03:00:00,28.89552961
2025-01-14 03:30:00,29.83731494
2025-01-14 04:00:00,30.89432572
2025-01-14 04:30:00,32.09518158
2025-01-14 05:00:00,35.98101628
2025-01-14 05:30:00,41.50864759
2025-01-14 06:00:00,43.54778898
2025-01-14 06:30:00,44.72948643
2025-01-14 07:00:00,42.40258679
2025-01-14 07:30:00,42.49997796
2025-01-14 08:00:00,41.83589123
2025-01-14 08:30:00,41.71154096
2025-01-14 09:00:00,41.298542
2025-01-14 09:30:00,41.71700953
2025-01-14 10:00:00,41.9289051
2025-01-14 10:30:00,42.67616913
2025-01-14 11:00:00,42.69435434
2025-01-14 11:30:00,43.99448617
2025-01-14 12:00:00,44.32138035
2025-01-14 12:30:00,45.60626748
2025-01-14 13:00:00,47.03904709
2025-01-14 13:30:00,48.64283662
2025-01-14 14:00:00,51.21279492
2025-01-14 14:30:00,54.10005214
2025-01-14 15:00:00,56.82403858
2025-01-14 15:30:00,58.92426617
2025-01-14 16:00:00,60.05224919
2025-01-14 16:30:00,58.04659554
2025-01-14 17:00:00,58.48899925
2025-01-14 17:30:00,54.99002596
2025-01-14 18:00:00,53.61875866
2025-01-14 18:30:00,50.95046882
2025-01-14 19:00:00,48.99126735
2025-01-14 19:30:00,46.40748655
2025-01-14 20:00:00,43.45102362
2025-01-14 20:30:00,40.32715629
2025-01-14 21:00:00,37.84783816
2025-01-14 21:30:00,36.56966534
2025-01-14 22:00:00,34.5576073
2025-01-14 22:30:00,32.59322068
2025-01-14 23:00:00,30.9993821
2025-01-14 23:30:00,30.09309797
2025-01-15 00:00:00,29.53206743
2025-01-15 00:30:00,29.01308199
2025-01-15 01:00:00,28.65682576
2025-01-15 01:30:00,28.68069528
2025-01-15 02:00:00,28.69334427
2025-01-15 02:30:00,29.39717019
2025-01-15 03:00:00,30.06180473
2025-01-15 03:30:00,30.83238165
2025-01-15 04:00:00,31.55530479
2025-01-15 04:30:00,34.0286168
2025-01-15 05:00:00,37.0544724
2025-01-15 05:30:00,41.89298539
2025-01-15 06:00:00,44.87216024
2025-01-15 06:30:00,46.42567376
2025-01-15 07:00:00,46.68321827
2025-01-15 07:30:00,47.03683183
2025-01-15 08:00:00,46.48500676
2025-01-15 08:30:00,46.57839866
2025-01-15 09:00:00,47.1740751
2025-01-15 09:30:00,48.57869684
2025-01-15 10:00:00,50.45316806
2025-01-15 10:30:00,52.65130408
2025-01-15 11:00:00,53.72991329
2025-01-15 11:30:00,55.30000618
2025-01-15 12:00:00,58.50697817
2025-01-15 12:30:00,62.02578582
2025-01-15 13:00:00,57.06736716
2025-01-15 13:30:00,64.62806013
2025-01-15 14:00:00,
2025-01-15 14:30:00,
2025-01-15 15:00:00,
2025-01-15 15:30:00,62.69666119
2025-01-15 16:00:00,58.81859789
2025-01-15 16:30:00,53.83736344
2025-01-15 17:00:00,51.40014043
2025-01-15 17:30:00,47.00806518
2025-01-15 18:00:00,44.74766993
2025-01-15 18:30:00,43.79677987
2025-01-15 19:00:00,42.96392098
2025-01-15 19:30:00,41.16432643
2025-01-15 20:00:00,39.43067346
2025-01-15 20:30:00,37.06864137
2025-01-15 21:00:00,35.44955606
2025-01-15 21:30:00,34.48209103
2025-01-15 22:00:00,33.33329629
2025-01-15 22:30:00,31.40493116
2025-01-15 23:00:00,29.96004474
2025-01-15 23:30:00,29.19975257
2025-01-16 00:00:00,28.72780581
2025-01-16 00:30:00,28.07311966
2025-01-16 01:00:00,27.55102059
2025-01-16 01:30:00,27.49414499
2025-01-16 02:00:00,27.35314832
2025-01-16 02:30:00,27.95998113
2025-01-16 03:00:00,28.110004
2025-01-16 03:30:00,28.88017615
2025-01-16 04:00:00,29.59193965
2025-01-16 04:30:00,31.30655455
2025-01-16 05:00:00,33.75976106
2025-01-16 05:30:00,37.09523449
2025-01-16 06:00:00,37.77720378
2025-01-16 06:30:00,39.99013789
2025-01-16 07:00:00,40.73948055
2025-01-16 07:30:00,38.11230353
2025-01-16 08:00:00,39.51970218
2025-01-16 08:30:00,37.59540825
2025-01-16 09:00:00,37.3380557
2025-01-16 09:30:00,37.13770039
2025-01-16 10:00:00,33.81380139
2025-01-16 10:30:00,34.19468554
2025-01-16 11:00:00,34.36979122
2025-01-16 11:30:00,32.78279314
2025-01-16 12:00:00,34.1173622
2025-01-16 12:30:00,33.56074262
2025-01-16 13:00:00,33.64692842
2025-01-16 13:30:00,33.95194634
2025-01-16 14:00:00,33.3296008
2025-01-16 14:30:00,35.05158758
2025-01-16 15:00:00,36.9384661
2025-01-16 15:30:00,38.98905021
2025-01-16 16:00:00,40.46237923
2025-01-16 16:30:00,39.8305397
2025-01-16 17:00:00,40.80969766
2025-01-16 17:30:00,39.76892242
2025-01-16 18:00:00,39.83440607
2025-01-16 18:30:00,39.35556565
2025-01-16 19:00:00,39.02796262
2025-01-16 19:30:00,37.74668162
2025-01-16 20:00:00,36.35969624
2025-01-16 20:30:00,34.19067072
2025-01-16 21:00:00,32.70160712
2025-01-16 21:30:00,32.26877171
2025-01-16 22:00:00,31.13678733
2025-01-16 22:30:00,29.06997422
2025-01-16 23:00:00,27.6478037
2025-01-16 23:30:00,26.98518867
2025-01-17 00:00:00,26.49061388
2025-01-17 00:30:00,26.10834848
2025-01-17 01:00:00,25.83942342
2025-01-17 01:30:00,25.74633369
2025-01-17 02:00:00,25.83876848
2025-01-17 02:30:00,26.29749492
2025-01-17 03:00:00,26.42311661
2025-01-17 03:30:00,27.20938577
2025-01-17 04:00:00,28.08144307
2025-01-17 04:30:00,29.54592088
2025-01-17 05:00:00,31.47070824
2025-01-17 05:30:00,34.01099564
2025-01-17 06:00:00,35.25256026
2025-01-17 06:30:00,35.74951438
2025-01-17 07:00:00,34.53669084
2025-01-17 07:30:00,33.37821579
2025-01-17 08:00:00,31.27795539
2025-01-17 08:30:00,30.64203835
2025-01-17 09:00:00,29.94153856
2025-01-17 09:30:00,30.29707669
2025-01-17 10:00:00,30.25828247
2025-01-17 10:30:00,29.92943586
2025-01-17 11:00:00,30.47270141
2025-01-17 11:30:00,30.52347163
2025-01-17 12:00:00,30.73232993
2025-01-17 12:30:00,31.01829561
2025-01-17 13:00:00,31.30979507
2025-01-17 13:30:00,32.41018794
2025-01-17 14:00:00,33.71678013
2025-01-17 14:30:00,36.0311253
2025-01-17 15:00:00,37.20601748
2025-01-17 15:30:00,39.07721483
2025-01-17 16:00:00,40.86930883
2025-01-17 16:30:00,40.94447392
2025-01-17 17:00:00,41.98172681
2025-01-17 17:30:00,40.79646121
2025-01-17 18:00:00,40.52129031
2025-01-17 18:30:00,40.03407287
2025-01-17 19:00:00,39.74201205
2025-01-17 19:30:00,37.66684324
2025-01-17 20:00:00,35.79963586
2025-01-17 20:30:00,33.91132006
2025-01-17 21:00:00,32.49154589
2025-01-17 21:30:00,32.18710599
2025-01-17 22:00:00,31.07383002
2025-01-17 22:30:00,29.56444729
2025-01-17 23:00:00,28.10566141
2025-01-17 23:30:00,27.39260559
2025-01-18 00:00:00,26.74151805
2025-01-18 00:30:00,26.28223398
2025-01-18 01:00:00,26.10657144
2025-01-18 01:30:00,25.82130797
2025-01-18 02:00:00,25.60259996
2025-01-18 02:30:00,25.50983865
2025-01-18 03:00:00,25.46911626
2025-01-18 03:30:00,25.82858096
2025-01-18 04:00:00,26.29136861
2025-01-18 04:30:00,26.39853789
2025-01-18 05:00:00,26.59849869
2025-01-18 05:30:00,27.36321755
2025-01-18 06:00:00,27.47793478
2025-01-18 06:30:00,28.2305781
2025-01-18 07:00:00,27.46377547
2025-01-18 07:30:00,25.46614764
2025-01-18 08:00:00,24.22297628
2025-01-18 08:30:00,23.66917074
2025-01-18 09:00:00,26.13243503
2025-01-18 09:30:00,26.574452
2025-01-18 10:00:00,25.27691745
2025-01-18 10:30:00,25.25604357
2025-01-18 11:00:00,26.54842826
2025-01-18 11:30:00,25.20112831
2025-01-18 12:00:00,22.86116753
2025-01-18 12:30:00,21.57229737
2025-01-18 13:00:00,22.04615973
2025-01-18 13:30:00,22.30567964
2025-01-18 14:00:00,24.01656282
2025-01-18 14:30:00,25.35977868
2025-01-18 15:00:00,27.92703431
2025-01-18 15:30:00,31.050826
2025-01-18 16:00:00,31.45273065
2025-01-18 16:30:00,33.50692375
2025-01-18 17:00:00,35.65333826
2025-01-18 17:30:00,36.48320704
2025-01-18 18:00:00,36.81965838
2025-01-18 18:30:00,36.70560574
2025-01-18 19:00:00,36.91413012
2025-01-18 19:30:00,36.25173138
2025-01-18 20:00:00,35.09122434
2025-01-18 20:30:00,34.04011999
2025-01-18 21:00:00,32.62598046
2025-01-18 21:30:00,32.26730712
2025-01-18 22:00:00,31.18263037
2025-01-18 22:30:00,29.48528912
2025-01-18 23:00:00,28.18588618
2025-01-18 23:30:00,27.54935591
2025-01-19 00:00:00,26.97989913
2025-01-19 00:30:00,26.47795142
2025-01-19 01:00:00,25.87487987
2025-01-19 01:30:00,25.84521732
2025-01-19 02:00:00,25.65854062
2025-01-19 02:30:00,25.63772489
2025-01-19 03:00:00,25.56609991
2025-01-19 03:30:00,25.75777201
2025-01-19 04:00:00,25.93496723
2025-01-19 04:30:00,26.07511089
2025-01-19 05:00:00,25.32382028
2025-01-19 05:30:00,25.65050407
2025-01-19 06:00:00,25.94535768
2025-01-19 06:30:00,26.84150255
2025-01-19 07:00:00,26.6381791
2025-01-19 07:30:00,24.8294153
2025-01-19 08:00:00,23.03321362
2025-01-19 08:30:00,22.31084768
2025-01-19 09:00:00,21.39261117
2025-01-19 09:30:00,21.3692566
2025-01-19 10:00:00,21.34508898
2025-01-19 10:30:00,21.00919299
2025-01-19 11:00:00,20.37492435
2025-01-19 11:30:00,21.19776088
2025-01-19 12:00:00,21.12661758
2025-01-19 12:30:00,21.22176693
2025-01-19 13:00:00,22.00283098
2025-01-19 13:30:00,22.88603158
2025-01-19 14:00:00,23.85044056
2025-01-19 14:30:00,25.53887416
2025-01-19 15:00:00,27.46877508
2025-01-19 15:30:00,30.10089985
2025-01-19 16:00:00,33.33581061
2025-01-19 16:30:00,35.12307372
2025-01-19 17:00:00,37.36616493
2025-01-19 17:30:00,38.37363284
2025-01-19 18:00:00,38.53689558
2025-01-19 18:30:00,38.15231277
2025-01-19 19:00:00,38.13618683
2025-01-19 19:30:00,36.90520228
2025-01-19 20:00:00,35.41158919
2025-01-19 20:30:00,33.872889
2025-01-19 21:00:00,32.15055421
2025-01-19 21:30:00,31.64863592
2025-01-19 22:00:00,30.4963122
2025-01-19 22:30:00,28.95275992
2025-01-19 23:00:00,27.68701344
2025-01-19 23:30:00,27.01820113
2025-01-20 00:00:00,26.33779952
2025-01-20 00:30:00,26.10298702
2025-01-20 01:00:00,25.79972675
2025-01-20 01:30:00,25.826257
2025-01-20 02:00:00,25.89466644
2025-01-20 02:30:00,26.50152876
2025-01-20 03:00:00,26.805404
2025-01-20 03:30:00,27.36988803
2025-01-20 04:00:00,28.15367671
2025-01-20 04:30:00,29.91214137
2025-01-20 05:00:00,31.86390083
2025-01-20 05:30:00,34.93268625
2025-01-20 06:00:00,36.19703631
2025-01-20 06:30:00,37.12733952
2025-01-20 07:00:00,36.10714446
2025-01-20 07:30:00,35.32636473
2025-01-20 08:00:00,33.84263819
2025-01-20 08:30:00,32.56061177
2025-01-20 09:00:00,31.87340648
2025-01-20 09:30:00,32.04853756
2025-01-20 10:00:00,32.54741092
2025-01-20 10:30:00,33.11784303
2025-01-20 11:00:00,33.83383779
2025-01-20 11:30:00,34.67614556
2025-01-20 12:00:00,35.12220271
2025-01-20 12:30:00,35.89001791
2025-01-20 13:00:00,37.59280299
2025-01-20 13:30:00,39.56859276
2025-01-20 14:00:00,42.64871761
2025-01-20 14:30:00,44.57625074
2025-01-20 15:00:00,46.74867199
2025-01-20 15:30:00,47.83143598
2025-01-20 16:00:00,50.29064395
2025-01-20 16:30:00,50.74982941
2025-01-20 17:00:00,47.86075446
2025-01-20 17:30:00,43.81514779
2025-01-20 18:00:00,43.35616329
2025-01-20 18:30:00,42.56741123
2025-01-20 19:00:00,41.895438
2025-01-20 19:30:00,40.48401032
2025-01-20 20:00:00,38.3634704
2025-01-20 20:30:00,36.31134447
2025-01-20 21:00:00,33.95125189
2025-01-20 21:30:00,33.22759323
2025-01-20 22:00:00,31.7624225
2025-01-20 22:30:00,30.02874049
2025-01-20 23:00:00,28.56674278
2025-01-20 23:30:00,27.81955964
2025-01-21 00:00:00,27.31797458
2025-01-21 00:30:00,26.7200157
2025-01-21 01:00:00,26.3391609
2025-01-21 01:30:00,26.32538205
2025-01-21 02:00:00,26.2981076
2025-01-21 02:30:00,26.81304744
2025-01-21 03:00:00,27.23411472
2025-01-21 03:30:00,28.16258862
2025-01-21 04:00:00,29.09524552
2025-01-21 04:30:00,30.80064064
2025-01-21 05:00:00,32.98264727
2025-01-21 05:30:00,35.98759836
2025-01-21 06:00:00,36.88908755
2025-01-21 06:30:00,40.39674493
2025-01-21 07:00:00,40.58217278
2025-01-21 07:30:00,40.57394252
2025-01-21 08:00:00,39.25327349
2025-01-21 08:30:00,38.63712067
2025-01-21 09:00:00,38.48714756
2025-01-21 09:30:00,39.25092092
2025-01-21 10:00:00,39.57459566
2025-01-21 10:30:00,39.85233157
2025-01-21 11:00:00,40.94171502
2025-01-21 11:30:00,42.56987749
2025-01-21 12:00:00,43.26196339
2025-01-21 12:30:00,47.80726529
2025-01-21 13:00:00,49.54644936
2025-01-21 13:30:00,50.96601152
2025-01-21 14:00:00,51.48463838
2025-01-21 14:30:00,55.69278538
2025-01-21 15:00:00,54.4319867
2025-01-21 15:30:00,58.03561052
2025-01-21 16:00:00,57.918833
2025-01-21 16:30:00,55.0764888
2025-01-21 17:00:00,55.43172086
2025-01-21 17:30:00,52.86392984
2025-01-21 18:00:00,51.18589728
2025-01-21 18:30:00,49.57730324
2025-01-21 19:00:00,48.23611256
2025-01-21 19:30:00,45.93292246
2025-01-21 20:00:00,43.15537214
2025-01-21 20:30:00,40.61858558
2025-01-21 21:00:00,37.90169685
2025-01-21 21:30:00,36.24979151
2025-01-21 22:00:00,34.46722383
2025-01-21 22:30:00,32.56546568
2025-01-21 23:00:00,30.8493496
2025-01-21 23:30:00,29.95735624
2025-01-22 00:00:00,29.18131557
2025-01-22 00:30:00,28.69042704
2025-01-22 01:00:00,28.25452719
2025-01-22 01:30:00,27.94714452
2025-01-22 02:00:00,27.99126857
2025-01-22 02:30:00,28.76707027
2025-01-22 03:00:00,28.95496291
2025-01-22 03:30:00,29.86975291
2025-01-22 04:00:00,30.80810233
2025-01-22 04:30:00,33.12286673
2025-01-22 05:00:00,35.7336205
2025-01-22 05:30:00,39.87846048
2025-01-22 06:00:00,42.5933059
2025-01-22 06:30:00,43.77844386
2025-01-22 07:00:00,44.91678485
2025-01-22 07:30:00,45.48139113
2025-01-22 08:00:00,45.59245566
2025-01-22 08:30:00,44.82599715
2025-01-22 09:00:00,46.66744028
2025-01-22 09:30:00,47.10818694
2025-01-22 10:00:00,45.83909123
2025-01-22 10:30:00,48.15973314
2025-01-22 11:00:00,54.20570428
2025-01-22 11:30:00,53.62745325
2025-01-22 12:00:00,55.12103239
2025-01-22 12:30:00,
2025-01-22 13:00:00,
2025-01-22 13:30:00,57.98834484
2025-01-22 14:00:00,54.25152223
2025-01-22 14:30:00,55.8843103
2025-01-22 15:00:00,53.3884996
2025-01-22 15:30:00,51.33125708
2025-01-22 16:00:00,50.13806659
2025-01-22 16:30:00,46.26590187
2025-01-22 17:00:00,48.51230621
2025-01-22 17:30:00,46.59102236
2025-01-22 18:00:00,45.37920283
2025-01-22 18:30:00,44.54807555
2025-01-22 19:00:00,43.5740581
2025-01-22 19:30:00,41.91398101
2025-01-22 20:00:00,40.04555611
2025-01-22 20:30:00,37.40174894
2025-01-22 21:00:00,35.36511923
2025-01-22 21:30:00,34.25928589
2025-01-22 22:00:00,32.75672005
2025-01-22 22:30:00,30.85857476
2025-01-22 23:00:00,29.46873201
2025-01-22 23:30:00,28.67492006
2025-01-23 00:00:00,27.97678372
2025-01-23 00:30:00,27.4749387
2025-01-23 01:00:00,26.92403167
2025-01-23 01:30:00,26.78097359
2025-01-23 02:00:00,26.79569783
2025-01-23 02:30:00,27.45778218
2025-01-23 03:00:00,27.70216787
2025-01-23 03:30:00,28.43644717
2025-01-23 04:00:00,29.28076712
2025-01-23 04:30:00,31.22856908
2025-01-23 05:00:00,33.22483178
2025-01-23 05:30:00,36.74584215
2025-01-23 06:00:00,38.82527057
2025-01-23 06:30:00,41.2689973
2025-01-23 07:00:00,43.31121583
2025-01-23 07:30:00,43.43642342
2025-01-23 08:00:00,42.31447893
2025-01-23 08:30:00,41.32653328
2025-01-23 09:00:00,40.40772797
2025-01-23 09:30:00,38.97906932
2025-01-23 10:00:00,39.32170536
2025-01-23 10:30:00,38.92178135
2025-01-23 11:00:00,39.99462101
2025-01-23 11:30:00,43.17338556
2025-01-23 12:00:00,42.80045638
2025-01-23 12:30:00,43.86498784
2025-01-23 13:00:00,42.03019425
2025-01-23 13:30:00,40.98068762
2025-01-23 14:00:00,43.54108059
2025-01-23 14:30:00,43.23422498
2025-01-23 15:00:00,42.94339551
2025-01-23 15:30:00,44.9972982
2025-01-23 16:00:00,43.92499353
2025-01-23 16:30:00,40.8986061
2025-01-23 17:00:00,40.30962988
2025-01-23 17:30:00,39.28433504
2025-01-23 18:00:00,39.50830936
2025-01-23 18:30:00,39.79277015
2025-01-23 19:00:00,39.37360853
2025-01-23 19:30:00,37.88723286
2025-01-23 20:00:00,36.6973212
2025-01-23 20:30:00,34.8186929
2025-01-23 21:00:00,33.1521799
2025-01-23 21:30:00,32.94485865
2025-01-23 22:00:00,31.67358247
2025-01-23 22:30:00,29.6806901
2025-01-23 23:00:00,28.37099497
2025-01-23 23:30:00,27.54257916
2025-01-24 00:00:00,26.85389561
2025-01-24 00:30:00,26.75992031
2025-01-24 01:00:00,26.52003123
2025-01-24 01:30:00,26.27539029
2025-01-24 02:00:00,26.23460943
2025-01-24 02:30:00,26.65301642
2025-01-24 03:00:00,26.94392941
2025-01-24 03:30:00,27.90183498
2025-01-24 04:00:00,28.85246257
2025-01-24 04:30:00,30.47303206
2025-01-24 05:00:00,32.36889316
2025-01-24 05:30:00,35.31604284
2025-01-24 06:00:00,36.7652808
2025-01-24 06:30:00,38.09044817
2025-01-24 07:00:00,37.40262149
2025-01-24 07:30:00,36.72833558
2025-01-24 08:00:00,35.18066246
2025-01-24 08:30:00,34.44373823
2025-01-24 09:00:00,33.42666525
2025-01-24 09:30:00,34.02293366
2025-01-24 10:00:00,33.4705207
2025-01-24 10:30:00,34.80352242
2025-01-24 11:00:00,34.1789864
2025-01-24 11:30:00,33.50898549
2025-01-24 12:00:00,33.91176458
2025-01-24 12:30:00,34.18014085
2025-01-24 13:00:00,33.89910323
2025-01-24 13:30:00,34.65978788
2025-01-24 14:00:00,35.70299236
2025-01-24 14:30:00,39.09022952
2025-01-24 15:00:00,40.27805948
2025-01-24 15:30:00,41.94213269
2025-01-24 16:00:00,44.52040394
2025-01-24 16:30:00,45.40104028
2025-01-24 17:00:00,46.77277534
2025-01-24 17:30:00,43.57197431
2025-01-24 18:00:00,42.98455625
2025-01-24 18:30:00,42.58365921
2025-01-24 19:00:00,41.89767474
2025-01-24 19:30:00,39.5922573
2025-01-24 20:00:00,37.69882349
2025-01-24 20:30:00,36.03168442
2025-01-24 21:00:00,34.20728912
2025-01-24 21:30:00,33.81859806
2025-01-24 22:00:00,32.33783586
2025-01-24 22:30:00,30.17791132
2025-01-24 23:00:00,28.85892683
2025-01-24 23:30:00,27.78762783
2025-01-25 00:00:00,27.15227409
2025-01-25 00:30:00,26.5753037
2025-01-25 01:00:00,26.15780976
2025-01-25 01:30:00,25.99812471
2025-01-25 02:00:00,26.04015234
2025-01-25 02:30:00,25.96579955
2025-01-25 03:00:00,25.96097944
2025-01-25 03:30:00,26.2376746
2025-01-25 04:00:00,26.71039282
2025-01-25 04:30:00,27.43896199
2025-01-25 05:00:00,27.88223379
2025-01-25 05:30:00,28.8493326
2025-01-25 06:00:00,29.4167412
2025-01-25 06:30:00,30.45450452
2025-01-25 07:00:00,30.7456141
2025-01-25 07:30:00,30.48365174
2025-01-25 08:00:00,28.52540295
2025-01-25 08:30:00,25.01107369
2025-01-25 09:00:00,25.08485549
2025-01-25 09:30:00,24.76931246
2025-01-25 10:00:00,26.22156295
2025-01-25 10:30:00,23.65772248
2025-01-25 11:00:00,24.20252841
2025-01-25 11:30:00,24.56681835
2025-01-25 12:00:00,25.83880812
2025-01-25 12:30:00,29.62699273
2025-01-25 13:00:00,28.04488556
2025-01-25 13:30:00,29.42591354
2025-01-25 14:00:00,31.85754627
2025-01-25 14:30:00,33.46393498
2025-01-25 15:00:00,34.03762015
2025-01-25 15:30:00,37.31723963
2025-01-25 16:00:00,39.27922631
2025-01-25 16:30:00,38.56571338
2025-01-25 17:00:00,40.20754597
2025-01-25 17:30:00,40.3252118
2025-01-25 18:00:00,40.9007237
2025-01-25 18:30:00,40.46377679
2025-01-25 19:00:00,40.67523355
2025-01-25 19:30:00,39.4936691
2025-01-25 20:00:00,38.39709714
2025-01-25 20:30:00,37.20432867
2025-01-25 21:00:00,35.6141885
2025-01-25 21:30:00,34.79009871
2025-01-25 22:00:00,33.02600565
2025-01-25 22:30:00,30.98801131
2025-01-25 23:00:00,29.60967207
2025-01-25 23:30:00,28.86058186
2025-01-26 00:00:00,28.22674821
2025-01-26 00:30:00,27.64591229
2025-01-26 01:00:00,27.04038692
2025-01-26 01:30:00,26.96739023
2025-01-26 02:00:00,26.81597574
2025-01-26 02:30:00,26.79147736
2025-01-26 03:00:00,26.670958
2025-01-26 03:30:00,26.8913083
2025-01-26 04:00:00,27.0466957
2025-01-26 04:30:00,27.56695453
2025-01-26 05:00:00,27.7141412
2025-01-26 05:30:00,28.79110981
2025-01-26 06:00:00,29.14572508
2025-01-26 06:30:00,30.05082006
2025-01-26 07:00:00,30.49046027
2025-01-26 07:30:00,33.2147237
2025-01-26 08:00:00,33.96375261
2025-01-26 08:30:00,33.21654288
2025-01-26 09:00:00,31.52475768
2025-01-26 09:30:00,32.74447764
2025-01-26 10:00:00,32.78365973
2025-01-26 10:30:00,29.69153979
2025-01-26 11:00:00,26.46780515
2025-01-26 11:30:00,27.91716567
2025-01-26 12:00:00,25.88339197
2025-01-26 12:30:00,27.6600945
2025-01-26 13:00:00,28.32400697
2025-01-26 13:30:00,28.82677135
2025-01-26 14:00:00,31.25941012
2025-01-26 14:30:00,33.36038831
2025-01-26 15:00:00,34.45885805
2025-01-26 15:30:00,33.5353713
2025-01-26 16:00:00,35.62372876
2025-01-26 16:30:00,37.74076829
2025-01-26 17:00:00,39.46648979
2025-01-26 17:30:00,40.22211154
2025-01-26 18:00:00,39.81880501
2025-01-26 18:30:00,39.13905318
2025-01-26 19:00:00,38.74555201
2025-01-26 19:30:00,37.71574393
2025-01-26 20:00:00,36.52117338
2025-01-26 20:30:00,35.25948948
2025-01-26 21:00:00,33.70996319
2025-01-26 21:30:00,33.68195752
2025-01-26 22:00:00,32.37997411
2025-01-26 22:30:00,30.79503074
2025-01-26 23:00:00,29.39763134
2025-01-26 23:30:00,28.74447299
2025-01-27 00:00:00,28.21887917
2025-01-27 00:30:00,27.93017772
2025-01-27 01:00:00,27.52453091
2025-01-27 01:30:00,27.25511674
2025-01-27 02:00:00,27.16213589
2025-01-27 02:30:00,27.44558703
2025-01-27 03:00:00,27.38671818
2025-01-27 03:30:00,27.85536921
2025-01-27 04:00:00,28.35930279
2025-01-27 04:30:00,29.77209294
2025-01-27 05:00:00,30.82233668
2025-01-27 05:30:00,33.15188502
2025-01-27 06:00:00,35.00580652
2025-01-27 06:30:00,33.6313599
2025-01-27 07:00:00,32.96624281
2025-01-27 07:30:00,33.19256609
2025-01-27 08:00:00,33.49014292
2025-01-27 08:30:00,37.30525452
2025-01-27 09:00:00,33.12204254
2025-01-27 09:30:00,34.78586148
2025-01-27 10:00:00,35.21636194
2025-01-27 10:30:00,34.41853821
2025-01-27 11:00:00,38.94098203
2025-01-27 11:30:00,37.51626124
2025-01-27 12:00:00,39.05118883
2025-01-27 12:30:00,44.18185372
2025-01-27 13:00:00,50.31205492
2025-01-27 13:30:00,49.19527814
2025-01-27 14:00:00,50.53399133
2025-01-27 14:30:00,51.67096011
2025-01-27 15:00:00,52.37948503
2025-01-27 15:30:00,53.17701557
2025-01-27 16:00:00,55.79994493
2025-01-27 16:30:00,56.43220773
2025-01-27 17:00:00,58.47604369
2025-01-27 17:30:00,56.81731279
2025-01-27 18:00:00,55.23343271
2025-01-27 18:30:00,53.0051192
2025-01-27 19:00:00,51.46457694
2025-01-27 19:30:00,49.18713544
2025-01-27 20:00:00,46.60558448
2025-01-27 20:30:00,43.16173943
2025-01-27 21:00:00,39.83881568
2025-01-27 21:30:00,38.32520739
2025-01-27 22:00:00,36.48892878
2025-01-27 22:30:00,34.61310997
2025-01-27 23:00:00,33.23226455
2025-01-27 23:30:00,31.86151187
2025-01-28 00:00:00,30.56052602
2025-01-28 00:30:00,30.06792558
2025-01-28 01:00:00,29.84218575
2025-01-28 01:30:00,29.85795681
2025-01-28 02:00:00,29.88388477
2025-01-28 02:30:00,30.31889762
2025-01-28 03:00:00,30.80650712
2025-01-28 03:30:00,31.74322923
2025-01-28 04:00:00,33.1787733
2025-01-28 04:30:00,36.33273843
2025-01-28 05:00:00,39.97811715
2025-01-28 05:30:00,45.04770545
2025-01-28 06:00:00,48.84554126
2025-01-28 06:30:00,51.76598743
2025-01-28 07:00:00,53.34120744
2025-01-28 07:30:00,53.84326439
2025-01-28 08:00:00,53.35350576
2025-01-28 08:30:00,53.88048744
2025-01-28 09:00:00,54.06728107
2025-01-28 09:30:00,55.2732064
2025-01-28 10:00:00,55.12302534
2025-01-28 10:30:00,56.07525188
2025-01-28 11:00:00,57.35363806
2025-01-28 11:30:00,59.30980203
2025-01-28 12:00:00,61.29301725
2025-01-28 12:30:00,62.32918417
2025-01-28 13:00:00,63.36411426
2025-01-28 13:30:00,61.37042476
2025-01-28 14:00:00,62.36514695
2025-01-28 14:30:00,64.27422059
2025-01-28 15:00:00,66.44313697
2025-01-28 15:30:00,67.92935391
2025-01-28 16:00:00,68.42787594
2025-01-28 16:30:00,64.24494927
2025-01-28 17:00:00,62.8637126
2025-01-28 17:30:00,55.58465403
2025-01-28 18:00:00,50.92534811
2025-01-28 18:30:00,47.85847802
2025-01-28 19:00:00,46.12423663
2025-01-28 19:30:00,43.15168926
2025-01-28 20:00:00,40.43495898
2025-01-28 20:30:00,38.14767196
2025-01-28 21:00:00,36.08840334
2025-01-28 21:30:00,35.14314607
2025-01-28 22:00:00,33.66259585
2025-01-28 22:30:00,31.80376798
2025-01-28 23:00:00,30.32340816
2025-01-28 23:30:00,29.54141277
2025-01-29 00:00:00,28.93058696
2025-01-29 00:30:00,28.47013168
2025-01-29 01:00:00,27.98709711
2025-01-29 01:30:00,27.66961922
2025-01-29 02:00:00,27.73101569
2025-01-29 02:30:00,28.33569251
2025-01-29 03:00:00,28.99368433
2025-01-29 03:30:00,29.71630774
2025-01-29 04:00:00,30.68798516
2025-01-29 04:30:00,32.98795161
2025-01-29 05:00:00,35.14254972
2025-01-29 05:30:00,39.49174761
2025-01-29 06:00:00,40.43644888
2025-01-29 06:30:00,40.8441989
2025-01-29 07:00:00,41.03725855
2025-01-29 07:30:00,40.75406667
2025-01-29 08:00:00,40.86438935
2025-01-29 08:30:00,41.01067041
2025-01-29 09:00:00,42.38823512
2025-01-29 09:30:00,44.27028748
2025-01-29 10:00:00,44.94839142
2025-01-29 10:30:00,41.31571578
2025-01-29 11:00:00,42.08020977
2025-01-29 11:30:00,42.10516342
2025-01-29 12:00:00,41.84966148
2025-01-29 12:30:00,39.35007774
2025-01-29 13:00:00,36.63510595
2025-01-29 13:30:00,38.02399678
2025-01-29 14:00:00,40.18044137
2025-01-29 14:30:00,42.49047198
2025-01-29 15:00:00,45.46451418
2025-01-29 15:30:00,48.40414566
2025-01-29 16:00:00,49.55468387
2025-01-29 16:30:00,48.79289378
2025-01-29 17:00:00,49.80950568
2025-01-29 17:30:00,46.98462101
2025-01-29 18:00:00,45.93200746
2025-01-29 18:30:00,44.54523626
2025-01-29 19:00:00,42.95730396
2025-01-29 19:30:00,41.13199463
2025-01-29 20:00:00,39.18236337
2025-01-29 20:30:00,36.72430646
2025-01-29 21:00:00,34.60523796
2025-01-29 21:30:00,33.80524129
2025-01-29 22:00:00,32.31007178
2025-01-29 22:30:00,30.47444657
2025-01-29 23:00:00,28.96185568
2025-01-29 23:30:00,28.12367334
2025-01-30 00:00:00,27.36891587
2025-01-30 00:30:00,27.07143762
2025-01-30 01:00:00,26.74753917
2025-01-30 01:30:00,26.53860602
2025-01-30 02:00:00,26.46424736
2025-01-30 02:30:00,27.19372781
2025-01-30 03:00:00,27.66223784
2025-01-30 03:30:00,28.49286118
2025-01-30 04:00:00,29.59713351
2025-01-30 04:30:00,31.672464
2025-01-30 05:00:00,34.1019599
2025-01-30 05:30:00,38.54340074
2025-01-30 06:00:00,41.20474471
2025-01-30 06:30:00,44.37486062
2025-01-30 07:00:00,44.78978879
2025-01-30 07:30:00,45.00325302
2025-01-30 08:00:00,45.40834589
2025-01-30 08:30:00,46.17717162
2025-01-30 09:00:00,46.32135024
2025-01-30 09:30:00,47.30367364
2025-01-30 10:00:00,45.39330468
2025-01-30 10:30:00,38.79460808
2025-01-30 11:00:00,39.753956
2025-01-30 11:30:00,43.54649722
2025-01-30 12:00:00,43.6210055
2025-01-30 12:30:00,42.57879417
2025-01-30 13:00:00,44.19238543
2025-01-30 13:30:00,40.27827844
2025-01-30 14:00:00,42.14799272
2025-01-30 14:30:00,43.27399263
2025-01-30 15:00:00,45.88238512
2025-01-30 15:30:00,49.57060306
2025-01-30 16:00:00,49.09326254
2025-01-30 16:30:00,47.2099876
2025-01-30 17:00:00,46.66563804
2025-01-30 17:30:00,44.33764475
2025-01-30 18:00:00,43.18927727
2025-01-30 18:30:00,42.09023
2025-01-30 19:00:00,41.85961138
2025-01-30 19:30:00,40.16054452
2025-01-30 20:00:00,38.35195961
2025-01-30 20:30:00,36.31303027
2025-01-30 21:00:00,34.53732927
2025-01-30 21:30:00,33.9849087
2025-01-30 22:00:00,32.3159348
2025-01-30 22:30:00,30.26166338
2025-01-30 23:00:00,28.88588469
2025-01-30 23:30:00,28.00840814
2025-01-31 00:00:00,27.38739895
2025-01-31 00:30:00,27.08134502
2025-01-31 01:00:00,26.64108667
2025-01-31 01:30:00,26.54796775
2025-01-31 02:00:00,26.59679529
2025-01-31 02:30:00,27.3703708
2025-01-31 03:00:00,27.52171899
2025-01-31 03:30:00,28.38159162
2025-01-31 04:00:00,29.41369195
2025-01-31 04:30:00,31.22428422
2025-01-31 05:00:00,33.62676416
2025-01-31 05:30:00,37.93826792
2025-01-31 06:00:00,39.89465053
2025-01-31 06:30:00,42.67258076
2025-01-31 07:00:00,43.36378705
2025-01-31 07:30:00,43.87268621
2025-01-31 08:00:00,42.68833894
2025-01-31 08:30:00,42.82093499
2025-01-31 09:00:00,43.80633385
2025-01-31 09:30:00,41.34259587
2025-01-31 10:00:00,41.09345532
2025-01-31 10:30:00,39.10032969
2025-01-31 11:00:00,42.15924014
2025-01-31 11:30:00,42.88588976
2025-01-31 12:00:00,42.77494654
2025-01-31 12:30:00,42.83864046
2025-01-31 13:00:00,41.28330469
2025-01-31 13:30:00,40.26194161
2025-01-31 14:00:00,42.32923499
2025-01-31 14:30:00,43.96906671
2025-01-31 15:00:00,45.79769692
2025-01-31 15:30:00,47.38143997
2025-01-31 16:00:00,48.41886227
2025-01-31 16:30:00,46.38523535
2025-01-31 17:00:00,46.99263291
2025-01-31 17:30:00,45.23265099
2025-01-31 18:00:00,44.12221483
2025-01-31 18:30:00,44.06679074
2025-01-31 19:00:00,43.0808031
2025-01-31 19:30:00,40.4479888
2025-01-31 20:00:00,38.40074937
2025-01-31 20:30:00,36.56422967
2025-01-31 21:00:00,34.73211189
2025-01-31 21:30:00,34.18283662
2025-01-31 22:00:00,32.71763642
2025-01-31 22:30:00,30.83559392
2025-01-31 23:00:00,29.16780437
2025-01-31 23:30:00,28.51980266
2025-02-01 00:00:00,27.72932706
2025-02-01 00:30:00,27.12300756
2025-02-01 01:00:00,26.73498438
2025-02-01 01:30:00,26.58089123
2025-02-01 02:00:00,26.52078443
2025-02-01 02:30:00,26.76689268
2025-02-01 03:00:00,26.57778884
2025-02-01 03:30:00,26.86755335
2025-02-01 04:00:00,27.25366019
2025-02-01 04:30:00,27.87062983
2025-02-01 05:00:00,28.10526393
2025-02-01 05:30:00,29.39620558
2025-02-01 06:00:00,30.53720095
2025-02-01 06:30:00,32.23356074
2025-02-01 07:00:00,33.13299084
2025-02-01 07:30:00,33.71570822
2025-02-01 08:00:00,31.84908152
2025-02-01 08:30:00,33.61825951
2025-02-01 09:00:00,32.32677401
2025-02-01 09:30:00,28.27741768
2025-02-01 10:00:00,27.20824453
2025-02-01 10:30:00,26.92229525
2025-02-01 11:00:00,26.76551806
2025-02-01 11:30:00,27.69516501
2025-02-01 12:00:00,28.30001485
2025-02-01 12:30:00,29.16904542
2025-02-01 13:00:00,30.29116433
2025-02-01 13:30:00,32.25359823
2025-02-01 14:00:00,34.12598875
2025-02-01 14:30:00,36.41259878
2025-02-01 15:00:00,38.67164623
2025-02-01 15:30:00,40.4615936
2025-02-01 16:00:00,42.31411182
2025-02-01 16:30:00,43.65742808
2025-02-01 17:00:00,45.24812789
2025-02-01 17:30:00,45.2852545
2025-02-01 18:00:00,44.61301655
2025-02-01 18:30:00,43.37982952
2025-02-01 19:00:00,42.88808091
2025-02-01 19:30:00,41.58866629
2025-02-01 20:00:00,39.86610475
2025-02-01 20:30:00,37.95452941
2025-02-01 21:00:00,36.116729
2025-02-01 21:30:00,35.34063555
2025-02-01 22:00:00,34.08625451
2025-02-01 22:30:00,31.99350905
2025-02-01 23:00:00,30.80059314
2025-02-01 23:30:00,29.67620936
2025-02-02 00:00:00,28.71496592
2025-02-02 00:30:00,28.10395627
2025-02-02 01:00:00,27.51791065
2025-02-02 01:30:00,27.35822549
2025-02-02 02:00:00,27.05178281
2025-02-02 02:30:00,27.16733154
2025-02-02 03:00:00,26.97583248
2025-02-02 03:30:00,27.11944492
2025-02-02 04:00:00,27.46479124
2025-02-02 04:30:00,28.34346395
2025-02-02 05:00:00,28.37246809
2025-02-02 05:30:00,29.21787062
2025-02-02 06:00:00,29.72439143
2025-02-02 06:30:00,30.26936817
2025-02-02 07:00:00,29.83134828
2025-02-02 07:30:00,28.34148611
2025-02-02 08:00:00,28.09958966
2025-02-02 08:30:00,26.96909756
2025-02-02 09:00:00,26.94370999
2025-02-02 09:30:00,27.37641729
2025-02-02 10:00:00,27.53321623
2025-02-02 10:30:00,27.59198929
2025-02-02 11:00:00,28.5424589
2025-02-02 11:30:00,29.42200899
2025-02-02 12:00:00,30.29526711
2025-02-02 12:30:00,31.51928933
2025-02-02 13:00:00,32.95122886
2025-02-02 13:30:00,34.5253593
2025-02-02 14:00:00,36.60008067
2025-02-02 14:30:00,38.65799432
2025-02-02 15:00:00,41.01409465
2025-02-02 15:30:00,44.04423198
2025-02-02 16:00:00,46.33141616
2025-02-02 16:30:00,48.1663528
2025-02-02 17:00:00,49.96912182
2025-02-02 17:30:00,50.21973534
2025-02-02 18:00:00,49.14858712
2025-02-02 18:30:00,47.67536391
2025-02-02 19:00:00,46.8063313
2025-02-02 19:30:00,44.74992554
2025-02-02 20:00:00,42.52239722
2025-02-02 20:30:00,39.87918444
2025-02-02 21:00:00,37.37513126
2025-02-02 21:30:00,36.11583019
2025-02-02 22:00:00,34.60232751
2025-02-02 22:30:00,32.29668121
2025-02-02 23:00:00,30.74154658
2025-02-02 23:30:00,29.95456278
2025-02-03 00:00:00,28.9819506
2025-02-03 00:30:00,28.74696426
2025-02-03 01:00:00,28.39405731
2025-02-03 01:30:00,27.96984737
2025-02-03 02:00:00,28.06212194
2025-02-03 02:30:00,28.76176973
2025-02-03 03:00:00,29.1240789
2025-02-03 03:30:00,30.18314218
2025-02-03 04:00:00,31.13959451
2025-02-03 04:30:00,33.52954077
2025-02-03 05:00:00,36.19456573
2025-02-03 05:30:00,39.87154543
2025-02-03 06:00:00,41.53793453
2025-02-03 06:30:00,42.89684217
2025-02-03 07:00:00,43.14462143
2025-02-03 07:30:00,44.00975003
2025-02-03 08:00:00,42.97267346
2025-02-03 08:30:00,42.51476211
2025-02-03 09:00:00,42.48449541
2025-02-03 09:30:00,42.96860127
2025-02-03 10:00:00,42.77017734
2025-02-03 10:30:00,43.25423827
2025-02-03 11:00:00,44.59208902
2025-02-03 11:30:00,45.91750864
2025-02-03 12:00:00,46.95250411
2025-02-03 12:30:00,47.95777773
2025-02-03 13:00:00,49.34778076
2025-02-03 13:30:00,51.24973726
2025-02-03 14:00:00,54.08366206
2025-02-03 14:30:00,56.71362906
2025-02-03 15:00:00,59.34156937
2025-02-03 15:30:00,61.40097843
2025-02-03 16:00:00,62.05068472
2025-02-03 16:30:00,60.48192028
2025-02-03 17:00:00,60.16332446
2025-02-03 17:30:00,56.78053601
2025-02-03 18:00:00,54.994965
2025-02-03 18:30:00,53.0419499
2025-02-03 19:00:00,51.49583679
2025-02-03 19:30:00,48.8705874
2025-02-03 20:00:00,45.92802741
2025-02-03 20:30:00,42.61588021
2025-02-03 21:00:00,39.79191945
2025-02-03 21:30:00,38.04665921
2025-02-03 22:00:00,36.07493952
2025-02-03 22:30:00,33.69744358
2025-02-03 23:00:00,32.03957878
2025-02-03 23:30:00,31.15238491
2025-02-04 00:00:00,30.33482424
2025-02-04 00:30:00,29.7709216
2025-02-04 01:00:00,29.10520734
2025-02-04 01:30:00,28.8974339
2025-02-04 02:00:00,28.93998488
2025-02-04 02:30:00,29.685082
2025-02-04 03:00:00,30.18797667
2025-02-04 03:30:00,30.94664147
2025-02-04 04:00:00,32.10367248
2025-02-04 04:30:00,34.92716128
2025-02-04 05:00:00,38.17435929
2025-02-04 05:30:00,43.09384725
2025-02-04 06:00:00,45.91169068
2025-02-04 06:30:00,47.02529259
2025-02-04 07:00:00,47.67631605
2025-02-04 07:30:00,48.60427893
2025-02-04 08:00:00,48.2875098
2025-02-04 08:30:00,48.498607
2025-02-04 09:00:00,48.05951112
2025-02-04 09:30:00,48.89125355
2025-02-04 10:00:00,49.45038562
2025-02-04 10:30:00,50.43813177
2025-02-04 11:00:00,51.64168979
2025-02-04 11:30:00,53.60773166
2025-02-04 12:00:00,56.69806606
2025-02-04 12:30:00,64.01110221
2025-02-04 13:00:00,60.38638134
2025-02-04 13:30:00,57.45330171
2025-02-04 14:00:00,60.89737638
2025-02-04 14:30:00,62.63558148
2025-02-04 15:00:00,64.718492
2025-02-04 15:30:00,64.72256388
2025-02-04 16:00:00,68.56232407
2025-02-04 16:30:00,64.63802773
2025-02-04 17:00:00,62.81557152
2025-02-04 17:30:00,60.29342638
2025-02-04 18:00:00,58.24263886
2025-02-04 18:30:00,56.11023755
2025-02-04 19:00:00,54.03922513
2025-02-04 19:30:00,51.08754375
2025-02-04 20:00:00,47.79029456
2025-02-04 20:30:00,43.92474092
2025-02-04 21:00:00,40.78003731
2025-02-04 21:30:00,38.97831025
2025-02-04 22:00:00,37.12250855
2025-02-04 22:30:00,34.84232958
2025-02-04 23:00:00,33.22370349
2025-02-04 23:30:00,32.36304177
2025-02-05 00:00:00,31.74514764
2025-02-05 00:30:00,31.34310724
2025-02-05 01:00:00,30.84297495
2025-02-05 01:30:00,30.54172131
2025-02-05 02:00:00,30.29246864
2025-02-05 02:30:00,31.17039331
2025-02-05 03:00:00,31.74904623
2025-02-05 03:30:00,32.73377318
2025-02-05 04:00:00,34.36613651
2025-02-05 04:30:00,37.83396544
2025-02-05 05:00:00,41.69666053
2025-02-05 05:30:00,47.12863587
2025-02-05 06:00:00,49.72466833
2025-02-05 06:30:00,52.50945851
2025-02-05 07:00:00,52.93083486
2025-02-05 07:30:00,50.50421021
2025-02-05 08:00:00,51.52137345
2025-02-05 08:30:00,50.6370578
2025-02-05 09:00:00,53.87669315
2025-02-05 09:30:00,51.8044781
2025-02-05 10:00:00,52.06329844
2025-02-05 10:30:00,52.82712296
2025-02-05 11:00:00,53.72479041
2025-02-05 11:30:00,55.95797473
2025-02-05 12:00:00,56.94278326
2025-02-05 12:30:00,58.37817854
2025-02-05 13:00:00,63.94842781
2025-02-05 13:30:00,
2025-02-05 14:00:00,66.54143649
2025-02-05 14:30:00,61.21689712
2025-02-05 15:00:00,57.94386732
2025-02-05 15:30:00,56.32063548
2025-02-05 16:00:00,54.21356292
2025-02-05 16:30:00,51.03745338
2025-02-05 17:00:00,49.82476295
2025-02-05 17:30:00,46.47935365
2025-02-05 18:00:00,45.70790477
2025-02-05 18:30:00,44.61425016
2025-02-05 19:00:00,43.82354817
2025-02-05 19:30:00,41.77813275
2025-02-05 20:00:00,40.53170275
2025-02-05 20:30:00,38.03520205
2025-02-05 21:00:00,36.02769014
2025-02-05 21:30:00,34.90326516
2025-02-05 22:00:00,33.45766683
2025-02-05 22:30:00,31.52000259
2025-02-05 23:00:00,29.86257352
2025-02-05 23:30:00,29.32931674
2025-02-06 00:00:00,28.71192515
2025-02-06 00:30:00,28.28241228
2025-02-06 01:00:00,27.72759972
2025-02-06 01:30:00,27.63749433
2025-02-06 02:00:00,27.75155404
2025-02-06 02:30:00,28.58580078
2025-02-06 03:00:00,29.07424523
2025-02-06 03:30:00,30.19790376
2025-02-06 04:00:00,31.40683508
2025-02-06 04:30:00,34.50145895
2025-02-06 05:00:00,37.53084739
2025-02-06 05:30:00,42.40183822
2025-02-06 06:00:00,44.92752618
2025-02-06 06:30:00,45.89308981
2025-02-06 07:00:00,46.55584389
2025-02-06 07:30:00,46.68728784
2025-02-06 08:00:00,44.47482024
2025-02-06 08:30:00,42.56840072
2025-02-06 09:00:00,42.16686779
2025-02-06 09:30:00,42.44993335
2025-02-06 10:00:00,42.40153849
2025-02-06 10:30:00,42.42609985
2025-02-06 11:00:00,44.3099769
2025-02-06 11:30:00,45.25536115
2025-02-06 12:00:00,46.03102706
2025-02-06 12:30:00,46.63255173
2025-02-06 13:00:00,47.86166698
2025-02-06 13:30:00,49.27332187
2025-02-06 14:00:00,52.28712736
2025-02-06 14:30:00,54.7819691
2025-02-06 15:00:00,58.09951773
2025-02-06 15:30:00,61.04340754
2025-02-06 16:00:00,63.53342632
2025-02-06 16:30:00,59.85077015
2025-02-06 17:00:00,60.40072445
2025-02-06 17:30:00,57.31299848
2025-02-06 18:00:00,55.9715865
2025-02-06 18:30:00,54.91721657
2025-02-06 19:00:00,54.221955
2025-02-06 19:30:00,51.20814145
2025-02-06 20:00:00,48.63159831
2025-02-06 20:30:00,44.72147317
2025-02-06 21:00:00,41.42602002
2025-02-06 21:30:00,39.41797625
2025-02-06 22:00:00,37.20005412
2025-02-06 22:30:00,34.82511536
2025-02-06 23:00:00,33.18608218
2025-02-06 23:30:00,31.93610875
2025-02-07 00:00:00,31.11292772
2025-02-07 00:30:00,30.37046546
2025-02-07 01:00:00,29.72380602
2025-02-07 01:30:00,29.48847579
2025-02-07 02:00:00,29.49692261
2025-02-07 02:30:00,30.25303802
2025-02-07 03:00:00,30.87917962
2025-02-07 03:30:00,31.50396155
2025-02-07 04:00:00,32.53130929
2025-02-07 04:30:00,35.23599913
2025-02-07 05:00:00,37.653018
2025-02-07 05:30:00,42.80714743
2025-02-07 06:00:00,46.08142081
2025-02-07 06:30:00,47.15386173
2025-02-07 07:00:00,47.68293631
2025-02-07 07:30:00,48.1380292
2025-02-07 08:00:00,48.1965285
2025-02-07 08:30:00,48.29376159
2025-02-07 09:00:00,48.16991827
2025-02-07 09:30:00,48.51952884
2025-02-07 10:00:00,48.74324352
2025-02-07 10:30:00,49.42346199
2025-02-07 11:00:00,50.85041821
2025-02-07 11:30:00,52.27892431
2025-02-07 12:00:00,53.99924193
2025-02-07 12:30:00,56.11582066
2025-02-07 13:00:00,57.92858657
2025-02-07 13:30:00,62.26159927
2025-02-07 14:00:00,64.09447362
2025-02-07 14:30:00,64.54877716
2025-02-07 15:00:00,64.08509556
2025-02-07 15:30:00,67.42880021
2025-02-07 16:00:00,68.74619982
2025-02-07 16:30:00,65.69359078
2025-02-07 17:00:00,63.55505463
2025-02-07 17:30:00,59.71010988
2025-02-07 18:00:00,58.01854703
2025-02-07 18:30:00,56.91009213
2025-02-07 19:00:00,55.08166429
2025-02-07 19:30:00,51.38509427
2025-02-07 20:00:00,45.92352142
2025-02-07 20:30:00,42.22685496
2025-02-07 21:00:00,39.80152291
2025-02-07 21:30:00,38.49680611
2025-02-07 22:00:00,36.65638803
2025-02-07 22:30:00,34.16771348
2025-02-07 23:00:00,32.31302892
2025-02-07 23:30:00,31.37159266
2025-02-08 00:00:00,30.62187235
2025-02-08 00:30:00,29.89348614
2025-02-08 01:00:00,29.32991341
2025-02-08 01:30:00,29.14252762
2025-02-08 02:00:00,29.05717409
2025-02-08 02:30:00,28.897225
2025-02-08 03:00:00,28.75825678
2025-02-08 03:30:00,29.02627836
2025-02-08 04:00:00,29.30479465
2025-02-08 04:30:00,30.6344646
2025-02-08 05:00:00,31.33996123
2025-02-08 05:30:00,32.73273501
2025-02-08 06:00:00,34.42361826
2025-02-08 06:30:00,33.36588639
2025-02-08 07:00:00,32.98784334
2025-02-08 07:30:00,33.27195593
2025-02-08 08:00:00,33.30943816
2025-02-08 08:30:00,34.79803316
2025-02-08 09:00:00,33.21386512
2025-02-08 09:30:00,35.42930645
2025-02-08 10:00:00,41.43415409
2025-02-08 10:30:00,40.41989882
2025-02-08 11:00:00,39.92414661
2025-02-08 11:30:00,39.55942735
2025-02-08 12:00:00,39.06954062
2025-02-08 12:30:00,47.82639225
2025-02-08 13:00:00,51.18060614
2025-02-08 13:30:00,48.06708558
2025-02-08 14:00:00,47.10464429
2025-02-08 14:30:00,47.14269782
2025-02-08 15:00:00,47.7910697
2025-02-08 15:30:00,46.50463852
2025-02-08 16:00:00,40.3114761
2025-02-08 16:30:00,43.87496854
2025-02-08 17:00:00,43.55148347
2025-02-08 17:30:00,43.07686332
2025-02-08 18:00:00,42.0110092
2025-02-08 18:30:00,41.32464113
2025-02-08 19:00:00,41.39522223
2025-02-08 19:30:00,40.12574306
2025-02-08 20:00:00,39.0013013
2025-02-08 20:30:00,37.76626792
2025-02-08 21:00:00,36.31273201
2025-02-08 21:30:00,35.5124289
2025-02-08 22:00:00,34.22373267
2025-02-08 22:30:00,32.06263484
2025-02-08 23:00:00,30.57480619
2025-02-08 23:30:00,29.87858056
2025-02-09 00:00:00,29.37173825
2025-02-09 00:30:00,28.81390578
2025-02-09 01:00:00,28.32204713
2025-02-09 01:30:00,27.89783475
2025-02-09 02:00:00,27.63181121
2025-02-09 02:30:00,27.71434399
2025-02-09 03:00:00,27.55568371
2025-02-09 03:30:00,27.68630286
2025-02-09 04:00:00,27.8371214
2025-02-09 04:30:00,28.6514346
2025-02-09 05:00:00,28.8679961
2025-02-09 05:30:00,29.87906725
2025-02-09 06:00:00,30.95847067
2025-02-09 06:30:00,31.21098601
2025-02-09 07:00:00,32.3857204
2025-02-09 07:30:00,34.33747689
2025-02-09 08:00:00,34.54825321
2025-02-09 08:30:00,35.18010126
2025-02-09 09:00:00,33.7044165
2025-02-09 09:30:00,32.47380989
2025-02-09 10:00:00,31.11109022
2025-02-09 10:30:00,31.82841324
2025-02-09 11:00:00,33.15952322
2025-02-09 11:30:00,36.86538393
2025-02-09 12:00:00,38.21352104
2025-02-09 12:30:00,36.46444679
2025-02-09 13:00:00,34.50725658
2025-02-09 13:30:00,40.39951571
2025-02-09 14:00:00,44.9083203
2025-02-09 14:30:00,44.31322867
2025-02-09 15:00:00,39.22617153
2025-02-09 15:30:00,37.49296164
2025-02-09 16:00:00,38.48169226
2025-02-09 16:30:00,42.48108334
2025-02-09 17:00:00,43.26375921
2025-02-09 17:30:00,42.50909679
2025-02-09 18:00:00,41.76768385
2025-02-09 18:30:00,41.86599877
2025-02-09 19:00:00,41.70707892
2025-02-09 19:30:00,40.21262789
2025-02-09 20:00:00,38.74334048
2025-02-09 20:30:00,36.62206328
2025-02-09 21:00:00,34.32737715
2025-02-09 21:30:00,33.65784124
2025-02-09 22:00:00,32.40890588
2025-02-09 22:30:00,30.64216754
2025-02-09 23:00:00,29.47268412
2025-02-09 23:30:00,28.77144697
2025-02-10 00:00:00,28.21025877
2025-02-10 00:30:00,27.93746913
2025-02-10 01:00:00,27.53755223
2025-02-10 01:30:00,27.28167708
2025-02-10 02:00:00,27.4708679
2025-02-10 02:30:00,28.51246345
2025-02-10 03:00:00,28.75147084
2025-02-10 03:30:00,29.73836678
2025-02-10 04:00:00,30.77017759
2025-02-10 04:30:00,33.87235038
2025-02-10 05:00:00,37.17093333
2025-02-10 05:30:00,41.71537112
2025-02-10 06:00:00,44.55449919
2025-02-10 06:30:00,47.23863016
2025-02-10 07:00:00,45.96254023
2025-02-10 07:30:00,40.57516247
2025-02-10 08:00:00,46.03919226
2025-02-10 08:30:00,47.78700161
2025-02-10 09:00:00,49.67033823
2025-02-10 09:30:00,45.68545097
2025-02-10 10:00:00,38.53622017
2025-02-10 10:30:00,39.82435764
2025-02-10 11:00:00,41.03611848
2025-02-10 11:30:00,41.97749331
2025-02-10 12:00:00,46.13212364
2025-02-10 12:30:00,39.38693603
2025-02-10 13:00:00,38.93382618
2025-02-10 13:30:00,41.09085964
2025-02-10 14:00:00,44.68003965
2025-02-10 14:30:00,47.14904661
2025-02-10 15:00:00,48.58419966
2025-02-10 15:30:00,46.78296223
2025-02-10 16:00:00,50.46047308
2025-02-10 16:30:00,47.76457332
2025-02-10 17:00:00,45.92163338
2025-02-10 17:30:00,43.23598169
2025-02-10 18:00:00,42.83229608
2025-02-10 18:30:00,42.3767745
2025-02-10 19:00:00,41.20150222
2025-02-10 19:30:00,39.01743433
2025-02-10 20:00:00,37.62204432
2025-02-10 20:30:00,35.503503
2025-02-10 21:00:00,33.56187043
2025-02-10 21:30:00,32.78901295
2025-02-10 22:00:00,31.61018901
2025-02-10 22:30:00,29.73822507
2025-02-10 23:00:00,28.3566809
2025-02-10 23:30:00,27.63740833
2025-02-11 00:00:00,27.16545748
2025-02-11 00:30:00,26.84623583
2025-02-11 01:00:00,26.42947797
2025-02-11 01:30:00,26.44782881
2025-02-11 02:00:00,26.32628662
2025-02-11 02:30:00,27.10134705
2025-02-11 03:00:00,27.28758436
2025-02-11 03:30:00,28.24310288
2025-02-11 04:00:00,29.07623866
2025-02-11 04:30:00,31.73979625
2025-02-11 05:00:00,34.57705982
2025-02-11 05:30:00,39.01640637
2025-02-11 06:00:00,40.52008851
2025-02-11 06:30:00,41.3953637
2025-02-11 07:00:00,40.68081957
2025-02-11 07:30:00,39.70957798
2025-02-11 08:00:00,38.27011557
2025-02-11 08:30:00,37.60693982
2025-02-11 09:00:00,36.42962367
2025-02-11 09:30:00,44.20745627
2025-02-11 10:00:00,45.77426343
2025-02-11 10:30:00,45.65348463
2025-02-11 11:00:00,45.3725395
2025-02-11 11:30:00,44.48133882
2025-02-11 12:00:00,40.98071992
2025-02-11 12:30:00,38.9845089
2025-02-11 13:00:00,41.81233838
2025-02-11 13:30:00,44.01105457
2025-02-11 14:00:00,40.22618209
2025-02-11 14:30:00,39.84945859
2025-02-11 15:00:00,46.26258819
2025-02-11 15:30:00,49.84089851
2025-02-11 16:00:00,48.85522111
2025-02-11 16:30:00,44.8140911
2025-02-11 17:00:00,45.27497047
2025-02-11 17:30:00,43.02097507
2025-02-11 18:00:00,42.14587113
2025-02-11 18:30:00,41.96997692
2025-02-11 19:00:00,40.85179188
2025-02-11 19:30:00,38.84048461
2025-02-11 20:00:00,36.67785759
2025-02-11 20:30:00,34.92351731
2025-02-11 21:00:00,33.00305693
2025-02-11 21:30:00,32.54184256
2025-02-11 22:00:00,31.07806814
2025-02-11 22:30:00,29.39610466
2025-02-11 23:00:00,27.85713734
2025-02-11 23:30:00,27.02573711
2025-02-12 00:00:00,26.48657854
2025-02-12 00:30:00,26.21452181
2025-02-12 01:00:00,26.0124993
2025-02-12 01:30:00,26.05018405
2025-02-12 02:00:00,25.95408659
2025-02-12 02:30:00,26.44088184
2025-02-12 03:00:00,26.76615874
2025-02-12 03:30:00,27.59663534
2025-02-12 04:00:00,28.53393025
2025-02-12 04:30:00,30.70173668
2025-02-12 05:00:00,33.61550675
2025-02-12 05:30:00,38.34353646
2025-02-12 06:00:00,40.2524657
2025-02-12 06:30:00,40.8437091
2025-02-12 07:00:00,41.1328471
2025-02-12 07:30:00,41.52602734
2025-02-12 08:00:00,40.99433695
2025-02-12 08:30:00,40.99362801
2025-02-12 09:00:00,40.22752845
2025-02-12 09:30:00,40.02451281
2025-02-12 10:00:00,40.61124347
2025-02-12 10:30:00,46.71880401
2025-02-12 11:00:00,46.5564333
2025-02-12 11:30:00,47.89730853
2025-02-12 12:00:00,41.18523051
2025-02-12 12:30:00,38.91152586
2025-02-12 13:00:00,39.71891577
2025-02-12 13:30:00,39.31655526
2025-02-12 14:00:00,43.07756328
2025-02-12 14:30:00,42.9918864
2025-02-12 15:00:00,46.0862521
2025-02-12 15:30:00,48.41426116
2025-02-12 16:00:00,47.88931996
2025-02-12 16:30:00,48.10035999
2025-02-12 17:00:00,46.96057417
2025-02-12 17:30:00,44.53134953
2025-02-12 18:00:00,44.23875991
2025-02-12 18:30:00,43.656977
2025-02-12 19:00:00,42.89906204
2025-02-12 19:30:00,41.33156998
2025-02-12 20:00:00,39.0649174
2025-02-12 20:30:00,36.68431231
2025-02-12 21:00:00,34.59078781
2025-02-12 21:30:00,33.55232318
2025-02-12 22:00:00,32.0394411
2025-02-12 22:30:00,30.1957943
2025-02-12 23:00:00,28.68598243
2025-02-12 23:30:00,27.66414058
2025-02-13 00:00:00,27.16798784
2025-02-13 00:30:00,26.91645995
2025-02-13 01:00:00,26.53599651
2025-02-13 01:30:00,26.4782359
2025-02-13 02:00:00,26.5351065
2025-02-13 02:30:00,27.33642296
2025-02-13 03:00:00,27.81596598
2025-02-13 03:30:00,28.65824138
2025-02-13 04:00:00,29.77389346
2025-02-13 04:30:00,32.43152733
2025-02-13 05:00:00,35.18831761
2025-02-13 05:30:00,40.09661358
2025-02-13 06:00:00,42.03272894
2025-02-13 06:30:00,43.94340715
2025-02-13 07:00:00,43.76810239
2025-02-13 07:30:00,43.54080626
2025-02-13 08:00:00,43.22224579
2025-02-13 08:30:00,43.74269435
2025-02-13 09:00:00,44.97244637
2025-02-13 09:30:00,46.9136608
2025-02-13 10:00:00,47.90644642
2025-02-13 10:30:00,51.13609961
2025-02-13 11:00:00,
2025-02-13 11:30:00,51.74171966
2025-02-13 12:00:00,48.17694645
2025-02-13 12:30:00,50.8208716
2025-02-13 13:00:00,
2025-02-13 13:30:00,51.94078005
2025-02-13 14:00:00,55.98193546
2025-02-13 14:30:00,54.0145134
2025-02-13 15:00:00,53.54565131
2025-02-13 15:30:00,55.71185331
2025-02-13 16:00:00,54.13462756
2025-02-13 16:30:00,53.02452074
2025-02-13 17:00:00,51.63986346
2025-02-13 17:30:00,49.58035987
2025-02-13 18:00:00,49.72383557
2025-02-13 18:30:00,49.3157238
2025-02-13 19:00:00,48.56567706
2025-02-13 19:30:00,46.32121071
2025-02-13 20:00:00,43.86873868
2025-02-13 20:30:00,41.18840414
2025-02-13 21:00:00,38.74765053
2025-02-13 21:30:00,37.27898763
2025-02-13 22:00:00,35.41003813
2025-02-13 22:30:00,33.26731304
2025-02-13 23:00:00,31.64167512
2025-02-13 23:30:00,30.7915912
2025-02-14 00:00:00,29.95866843
2025-02-14 00:30:00,29.41770672
2025-02-14 01:00:00,28.85365794
2025-02-14 01:30:00,28.58344074
2025-02-14 02:00:00,28.3052418
2025-02-14 02:30:00,29.0140071
2025-02-14 03:00:00,29.68874859
2025-02-14 03:30:00,30.67330817
2025-02-14 04:00:00,31.57495212
2025-02-14 04:30:00,34.05605508
2025-02-14 05:00:00,37.16455561
2025-02-14 05:30:00,42.66864544
2025-02-14 06:00:00,45.80418601
2025-02-14 06:30:00,48.17317811
2025-02-14 07:00:00,48.99792564
2025-02-14 07:30:00,50.38896718
2025-02-14 08:00:00,50.2190836
2025-02-14 08:30:00,49.93676059
2025-02-14 09:00:00,49.53178328
2025-02-14 09:30:00,49.06752248
2025-02-14 10:00:00,46.52736059
2025-02-14 10:30:00,48.00109922
2025-02-14 11:00:00,44.47457244
2025-02-14 11:30:00,44.54197458
2025-02-14 12:00:00,50.89894608
2025-02-14 12:30:00,49.49861555
2025-02-14 13:00:00,48.52780992
2025-02-14 13:30:00,49.11977189
2025-02-14 14:00:00,50.49676019
2025-02-14 14:30:00,54.1215917
2025-02-14 15:00:00,55.17882744
2025-02-14 15:30:00,55.52955384
2025-02-14 16:00:00,50.45847165
2025-02-14 16:30:00,46.47585398
2025-02-14 17:00:00,46.09134228
2025-02-14 17:30:00,44.85264706
2025-02-14 18:00:00,44.42488066
2025-02-14 18:30:00,44.29571004
2025-02-14 19:00:00,43.19281502
2025-02-14 19:30:00,40.46492497
2025-02-14 20:00:00,38.451349
2025-02-14 20:30:00,36.54598589
2025-02-14 21:00:00,34.76081346
2025-02-14 21:30:00,33.7352769
2025-02-14 22:00:00,32.4121921
2025-02-14 22:30:00,30.46712437
2025-02-14 23:00:00,28.95684534
2025-02-14 23:30:00,28.00917992
2025-02-15 00:00:00,27.3187383
2025-02-15 00:30:00,26.6784269
2025-02-15 01:00:00,26.27277684
2025-02-15 01:30:00,26.02521295
2025-02-15 02:00:00,25.96413051
2025-02-15 02:30:00,26.10702153
2025-02-15 03:00:00,26.03408035
2025-02-15 03:30:00,26.30329963
2025-02-15 04:00:00,26.57609804
2025-02-15 04:30:00,27.5264767
2025-02-15 05:00:00,27.91437816
2025-02-15 05:30:00,29.06341375
2025-02-15 06:00:00,29.07959765
2025-02-15 06:30:00,28.9338892
2025-02-15 07:00:00,29.34769167
2025-02-15 07:30:00,28.5355353
2025-02-15 08:00:00,28.66536215
2025-02-15 08:30:00,29.93543358
2025-02-15 09:00:00,28.23395875
2025-02-15 09:30:00,26.61883578
2025-02-15 10:00:00,25.75250008
2025-02-15 10:30:00,22.6354728
2025-02-15 11:00:00,22.81011473
2025-02-15 11:30:00,22.57035416
2025-02-15 12:00:00,22.02727505
2025-02-15 12:30:00,21.55957964
2025-02-15 13:00:00,21.28372288
2025-02-15 13:30:00,21.37211561
2025-02-15 14:00:00,22.37175876
2025-02-15 14:30:00,23.99546265
2025-02-15 15:00:00,25.90999249
2025-02-15 15:30:00,29.42439188
2025-02-15 16:00:00,31.43121595
2025-02-15 16:30:00,33.5560462
2025-02-15 17:00:00,35.52735337
2025-02-15 17:30:00,36.38096438
2025-02-15 18:00:00,36.42696951
2025-02-15 18:30:00,36.83030656
2025-02-15 19:00:00,36.47411927
2025-02-15 19:30:00,35.24949092
2025-02-15 20:00:00,34.21125966
2025-02-15 20:30:00,33.22752891
2025-02-15 21:00:00,31.80612682
2025-02-15 21:30:00,31.49907151
2025-02-15 22:00:00,30.45598388
2025-02-15 22:30:00,29.0137791
2025-02-15 23:00:00,27.60658863
2025-02-15 23:30:00,26.71684948
2025-02-16 00:00:00,26.0656437
2025-02-16 00:30:00,25.68134813
2025-02-16 01:00:00,25.37529903
2025-02-16 01:30:00,25.308556
2025-02-16 02:00:00,25.07278666
2025-02-16 02:30:00,25.14428679
2025-02-16 03:00:00,25.01029497
2025-02-16 03:30:00,25.21767505
2025-02-16 04:00:00,25.72927317
2025-02-16 04:30:00,26.19130137
2025-02-16 05:00:00,26.48842115
2025-02-16 05:30:00,27.48124872
2025-02-16 06:00:00,27.27076678
2025-02-16 06:30:00,27.21791455
2025-02-16 07:00:00,26.03848189
2025-02-16 07:30:00,24.75599101
2025-02-16 08:00:00,23.72497729
2025-02-16 08:30:00,22.79892201
2025-02-16 09:00:00,21.50873258
2025-02-16 09:30:00,20.98765482
2025-02-16 10:00:00,20.61482016
2025-02-16 10:30:00,19.80198985
2025-02-16 11:00:00,19.15911343
2025-02-16 11:30:00,19.48141522
2025-02-16 12:00:00,20.48818217
2025-02-16 12:30:00,22.1923202
2025-02-16 13:00:00,21.7724925
2025-02-16 13:30:00,27.20637062
2025-02-16 14:00:00,29.87630189
2025-02-16 14:30:00,27.67264939
2025-02-16 15:00:00,29.31024504
2025-02-16 15:30:00,31.65239659
2025-02-16 16:00:00,33.402059
2025-02-16 16:30:00,35.54158241
2025-02-16 17:00:00,36.45090767
2025-02-16 17:30:00,36.95530126
2025-02-16 18:00:00,37.68177271
2025-02-16 18:30:00,37.81680792
2025-02-16 19:00:00,37.7709096
2025-02-16 19:30:00,36.51241449
2025-02-16 20:00:00,34.8013453
2025-02-16 20:30:00,33.07045802
2025-02-16 21:00:00,31.32105654
2025-02-16 21:30:00,30.8407863
2025-02-16 22:00:00,29.93495282
2025-02-16 22:30:00,28.36031293
2025-02-16 23:00:00,26.88938912
2025-02-16 23:30:00,25.96763333
2025-02-17 00:00:00,25.35633625
2025-02-17 00:30:00,25.12767863
2025-02-17 01:00:00,24.92983303
2025-02-17 01:30:00,25.09974068
2025-02-17 02:00:00,25.10841013
2025-02-17 02:30:00,25.61902533
2025-02-17 03:00:00,25.92760048
2025-02-17 03:30:00,26.83084903
2025-02-17 04:00:00,27.90627237
2025-02-17 04:30:00,30.61497917
2025-02-17 05:00:00,33.24718735
2025-02-17 05:30:00,37.77652523
2025-02-17 06:00:00,39.19894278
2025-02-17 06:30:00,38.8420053
2025-02-17 07:00:00,36.80189081
2025-02-17 07:30:00,34.89101557
2025-02-17 08:00:00,32.76737658
2025-02-17 08:30:00,31.27603909
2025-02-17 09:00:00,29.28551689
2025-02-17 09:30:00,28.76287891
2025-02-17 10:00:00,28.1076904
2025-02-17 10:30:00,27.71663802
2025-02-17 11:00:00,27.07159078
2025-02-17 11:30:00,27.14447918
2025-02-17 12:00:00,27.21226305
2025-02-17 12:30:00,27.42087833
2025-02-17 13:00:00,28.03308778
2025-02-17 13:30:00,28.37066999
2025-02-17 14:00:00,30.28721603
2025-02-17 14:30:00,32.25386792
2025-02-17 15:00:00,34.92130113
2025-02-17 15:30:00,37.26952981
2025-02-17 16:00:00,40.07864743
2025-02-17 16:30:00,40.24006312
2025-02-17 17:00:00,40.73275074
2025-02-17 17:30:00,40.50530629
2025-02-17 18:00:00,39.68415299
2025-02-17 18:30:00,40.12088206
2025-02-17 19:00:00,39.25972064
2025-02-17 19:30:00,37.532368
2025-02-17 20:00:00,35.65235788
2025-02-17 20:30:00,33.63809389
2025-02-17 21:00:00,31.61837018
2025-02-17 21:30:00,31.01717851
2025-02-17 22:00:00,29.95409376
2025-02-17 22:30:00,28.20417131
2025-02-17 23:00:00,26.81754005
2025-02-17 23:30:00,25.942067
2025-02-18 00:00:00,25.62078852
2025-02-18 00:30:00,25.23226879
2025-02-18 01:00:00,24.90677608
2025-02-18 01:30:00,25.05781293
2025-02-18 02:00:00,25.01116711
2025-02-18 02:30:00,25.34010077
2025-02-18 03:00:00,25.66527281
2025-02-18 03:30:00,26.63287637
2025-02-18 04:00:00,27.72542131
2025-02-18 04:30:00,30.19320105
2025-02-18 05:00:00,32.76381898
2025-02-18 05:30:00,36.86693676
2025-02-18 06:00:00,37.73581884
2025-02-18 06:30:00,40.36183236
2025-02-18 07:00:00,39.90260821
2025-02-18 07:30:00,36.60124092
2025-02-18 08:00:00,33.93233162
2025-02-18 08:30:00,34.14251892
2025-02-18 09:00:00,37.52646525
2025-02-18 09:30:00,40.39580945
2025-02-18 10:00:00,39.9870256
2025-02-18 10:30:00,32.0428018
2025-02-18 11:00:00,28.72024709
2025-02-18 11:30:00,29.0242573
2025-02-18 12:00:00,28.97767888
2025-02-18 12:30:00,29.77391319
2025-02-18 13:00:00,30.35861396
2025-02-18 13:30:00,30.82201145
2025-02-18 14:00:00,32.35054783
2025-02-18 14:30:00,34.07720414
2025-02-18 15:00:00,36.71037916
2025-02-18 15:30:00,39.35028169
2025-02-18 16:00:00,41.75351199
2025-02-18 16:30:00,41.51748725
2025-02-18 17:00:00,42.96550021
2025-02-18 17:30:00,41.30500848
2025-02-18 18:00:00,40.93281318
2025-02-18 18:30:00,40.90115525
2025-02-18 19:00:00,40.02092401
2025-02-18 19:30:00,38.07206977
2025-02-18 20:00:00,35.76280113
2025-02-18 20:30:00,33.79993285
2025-02-18 21:00:00,31.77466318
2025-02-18 21:30:00,31.11669063
2025-02-18 22:00:00,29.93238034
2025-02-18 22:30:00,28.29870836
2025-02-18 23:00:00,26.88697145
2025-02-18 23:30:00,25.96577485
2025-02-19 00:00:00,25.35889599
2025-02-19 00:30:00,25.24071384
2025-02-19 01:00:00,24.9288542
2025-02-19 01:30:00,24.90851431
2025-02-19 02:00:00,25.0558335
2025-02-19 02:30:00,25.6289143
2025-02-19 03:00:00,25.65384346
2025-02-19 03:30:00,26.35003891
2025-02-19 04:00:00,27.64685467
2025-02-19 04:30:00,30.17837439
2025-02-19 05:00:00,32.43446496
2025-02-19 05:30:00,36.32714056
2025-02-19 06:00:00,38.24609888
2025-02-19 06:30:00,38.75784743
2025-02-19 07:00:00,37.96634257
2025-02-19 07:30:00,38.17585362
2025-02-19 08:00:00,36.58210903
2025-02-19 08:30:00,35.74876897
2025-02-19 09:00:00,34.91803235
2025-02-19 09:30:00,34.20473478
2025-02-19 10:00:00,33.2369066
2025-02-19 10:30:00,32.71565947
2025-02-19 11:00:00,32.42465202
2025-02-19 11:30:00,31.82985729
2025-02-19 12:00:00,32.81470548
2025-02-19 12:30:00,32.39037991
2025-02-19 13:00:00,32.72933581
2025-02-19 13:30:00,33.06818645
2025-02-19 14:00:00,34.85209235
2025-02-19 14:30:00,38.22649252
2025-02-19 15:00:00,41.06517946
2025-02-19 15:30:00,40.95882827
2025-02-19 16:00:00,43.54660662
2025-02-19 16:30:00,43.08867536
2025-02-19 17:00:00,43.9178533
2025-02-19 17:30:00,42.29922839
2025-02-19 18:00:00,41.43035307
2025-02-19 18:30:00,41.3079937
2025-02-19 19:00:00,40.24764152
2025-02-19 19:30:00,38.30666686
2025-02-19 20:00:00,36.61638601
2025-02-19 20:30:00,34.3053036
2025-02-19 21:00:00,32.23503248
2025-02-19 21:30:00,31.65642742
2025-02-19 22:00:00,30.60299201
2025-02-19 22:30:00,28.79086836
2025-02-19 23:00:00,27.36410886
2025-02-19 23:30:00,26.54139595
2025-02-20 00:00:00,25.99957548
2025-02-20 00:30:00,25.536806
2025-02-20 01:00:00,25.23493034
2025-02-20 01:30:00,25.08483136
2025-02-20 02:00:00,25.26197764
2025-02-20 02:30:00,25.86138992
2025-02-20 03:00:00,26.09555761
2025-02-20 03:30:00,26.92547017
2025-02-20 04:00:00,28.04593869
2025-02-20 04:30:00,30.47926511
2025-02-20 05:00:00,33.33948777
2025-02-20 05:30:00,37.5234609
2025-02-20 06:00:00,40.76595924
2025-02-20 06:30:00,42.8101885
2025-02-20 07:00:00,42.45371737
2025-02-20 07:30:00,41.9961289
2025-02-20 08:00:00,41.63112843
2025-02-20 08:30:00,42.49121441
2025-02-20 09:00:00,42.67762839
2025-02-20 09:30:00,42.88106715
2025-02-20 10:00:00,41.2502067
2025-02-20 10:30:00,40.15426484
2025-02-20 11:00:00,40.02342267
2025-02-20 11:30:00,37.5360669
2025-02-20 12:00:00,34.17559691
2025-02-20 12:30:00,35.39840545
2025-02-20 13:00:00,35.82125674
2025-02-20 13:30:00,38.40945593
2025-02-20 14:00:00,36.07830575
2025-02-20 14:30:00,37.53782423
2025-02-20 15:00:00,37.79083039
2025-02-20 15:30:00,41.048585
2025-02-20 16:00:00,41.99181011
2025-02-20 16:30:00,41.34879498
2025-02-20 17:00:00,41.16896867
2025-02-20 17:30:00,40.2078656
2025-02-20 18:00:00,40.49410878
2025-02-20 18:30:00,40.67699155
2025-02-20 19:00:00,39.59497863
2025-02-20 19:30:00,37.66022398
2025-02-20 20:00:00,35.79515748
2025-02-20 20:30:00,33.89188346
2025-02-20 21:00:00,32.3147546
2025-02-20 21:30:00,31.8011406
2025-02-20 22:00:00,30.81833219
2025-02-20 22:30:00,29.09138821
2025-02-20 23:00:00,27.53320348
2025-02-20 23:30:00,26.75728274
2025-02-21 00:00:00,26.04697082
2025-02-21 00:30:00,25.75930107
2025-02-21 01:00:00,25.38211725
2025-02-21 01:30:00,25.40665554
2025-02-21 02:00:00,25.22861084
2025-02-21 02:30:00,25.77309871
2025-02-21 03:00:00,25.97931483
2025-02-21 03:30:00,26.76793029
2025-02-21 04:00:00,27.98131495
2025-02-21 04:30:00,30.22059504
2025-02-21 05:00:00,32.49874114
2025-02-21 05:30:00,36.39711118
2025-02-21 06:00:00,38.06618871
2025-02-21 06:30:00,38.79154502
2025-02-21 07:00:00,37.21238698
2025-02-21 07:30:00,36.01854099
2025-02-21 08:00:00,34.48239951
2025-02-21 08:30:00,33.26594057
2025-02-21 09:00:00,32.22138219
2025-02-21 09:30:00,33.02832529
2025-02-21 10:00:00,32.41061475
2025-02-21 10:30:00,32.62933546
2025-02-21 11:00:00,31.93419163
2025-02-21 11:30:00,32.27191903
2025-02-21 12:00:00,32.50500012
2025-02-21 12:30:00,33.00015608
2025-02-21 13:00:00,33.60196895
2025-02-21 13:30:00,34.0372938
2025-02-21 14:00:00,36.30005619
2025-02-21 14:30:00,38.91654448
2025-02-21 15:00:00,41.4912562
2025-02-21 15:30:00,43.89694319
2025-02-21 16:00:00,46.01985637
2025-02-21 16:30:00,45.96212158
2025-02-21 17:00:00,46.70828891
2025-02-21 17:30:00,44.96569656
2025-02-21 18:00:00,44.34658496
2025-02-21 18:30:00,44.14935543
2025-02-21 19:00:00,42.34174823
2025-02-21 19:30:00,39.8812921
2025-02-21 20:00:00,37.18032067
2025-02-21 20:30:00,35.42904398
2025-02-21 21:00:00,33.92816568
2025-02-21 21:30:00,33.29658004
2025-02-21 22:00:00,31.73677333
2025-02-21 22:30:00,30.09015216
2025-02-21 23:00:00,28.5608262
2025-02-21 23:30:00,27.79166091
2025-02-22 00:00:00,27.04113746
2025-02-22 00:30:00,26.41447636
2025-02-22 01:00:00,25.91500597
2025-02-22 01:30:00,25.76577547
2025-02-22 02:00:00,25.6226103
2025-02-22 02:30:00,25.7436288
2025-02-22 03:00:00,25.68324932
2025-02-22 03:30:00,25.91949426
2025-02-22 04:00:00,26.2587306
2025-02-22 04:30:00,27.45285844
2025-02-22 05:00:00,28.13284009
2025-02-22 05:30:00,29.18687055
2025-02-22 06:00:00,30.00780819
2025-02-22 06:30:00,30.75357057
2025-02-22 07:00:00,30.10421477
2025-02-22 07:30:00,29.17823519
2025-02-22 08:00:00,29.50842798
2025-02-22 08:30:00,28.47208116
2025-02-22 09:00:00,34.3259834
2025-02-22 09:30:00,26.23822344
2025-02-22 10:00:00,28.2364627
2025-02-22 10:30:00,29.46695613
2025-02-22 11:00:00,27.84378558
2025-02-22 11:30:00,28.30997507
2025-02-22 12:00:00,27.19519539
2025-02-22 12:30:00,27.80102102
2025-02-22 13:00:00,28.80149899
2025-02-22 13:30:00,30.36053086
2025-02-22 14:00:00,32.0816291
2025-02-22 14:30:00,34.27554565
2025-02-22 15:00:00,37.24820377
2025-02-22 15:30:00,40.35281181
2025-02-22 16:00:00,42.66642177
2025-02-22 16:30:00,43.91943883
2025-02-22 17:00:00,44.96284846
2025-02-22 17:30:00,44.64539384
2025-02-22 18:00:00,44.22344593
2025-02-22 18:30:00,43.56427308
2025-02-22 19:00:00,42.57345408
2025-02-22 19:30:00,41.33430022
2025-02-22 20:00:00,39.71352174
2025-02-22 20:30:00,38.19265949
2025-02-22 21:00:00,36.43498809
2025-02-22 21:30:00,35.47977811
2025-02-22 22:00:00,33.96893979
2025-02-22 22:30:00,31.7649886
2025-02-22 23:00:00,30.02619319
2025-02-22 23:30:00,29.13001769
2025-02-23 00:00:00,28.44708833
2025-02-23 00:30:00,27.83526104
2025-02-23 01:00:00,27.13146461
2025-02-23 01:30:00,26.75937172
2025-02-23 02:00:00,26.51463999
2025-02-23 02:30:00,26.52564761
2025-02-23 03:00:00,26.27122811
2025-02-23 03:30:00,26.3809546
2025-02-23 04:00:00,26.47950682
2025-02-23 04:30:00,27.53588305
2025-02-23 05:00:00,27.68800414
2025-02-23 05:30:00,28.37816367
2025-02-23 06:00:00,28.68603551
2025-02-23 06:30:00,28.53868211
2025-02-23 07:00:00,27.61857785
2025-02-23 07:30:00,30.04302783
2025-02-23 08:00:00,31.09867716
2025-02-23 08:30:00,33.2607295
2025-02-23 09:00:00,30.76737342
2025-02-23 09:30:00,34.78823695
2025-02-23 10:00:00,36.07421496
2025-02-23 10:30:00,33.58069526
2025-02-23 11:00:00,32.17041913
2025-02-23 11:30:00,33.98417504
2025-02-23 12:00:00,35.25832796
2025-02-23 12:30:00,40.53927332
2025-02-23 13:00:00,37.5711514
2025-02-23 13:30:00,34.50254274
2025-02-23 14:00:00,34.06795633
2025-02-23 14:30:00,36.8532317
2025-02-23 15:00:00,34.56104969
2025-02-23 15:30:00,36.67170664
2025-02-23 16:00:00,37.05920044
2025-02-23 16:30:00,41.11309623
2025-02-23 17:00:00,44.02048391
2025-02-23 17:30:00,44.63686708
2025-02-23 18:00:00,44.3764639
2025-02-23 18:30:00,43.9423335
2025-02-23 19:00:00,42.74462322
2025-02-23 19:30:00,41.22298692
2025-02-23 20:00:00,39.040109
2025-02-23 20:30:00,36.81523192
2025-02-23 21:00:00,34.80363275
2025-02-23 21:30:00,34.02149716
2025-02-23 22:00:00,32.50678748
2025-02-23 22:30:00,30.76966907
2025-02-23 23:00:00,29.03560406
2025-02-23 23:30:00,28.28394096
2025-02-24 00:00:00,27.69465938
2025-02-24 00:30:00,27.49903191
2025-02-24 01:00:00,27.22651441
2025-02-24 01:30:00,27.03738678
2025-02-24 02:00:00,27.22571395
2025-02-24 02:30:00,28.19312938
2025-02-24 03:00:00,28.64191865
2025-02-24 03:30:00,29.25384786
2025-02-24 04:00:00,30.5570176
2025-02-24 04:30:00,33.52693801
2025-02-24 05:00:00,36.26793306
2025-02-24 05:30:00,40.90654806
2025-02-24 06:00:00,43.69024508
2025-02-24 06:30:00,46.25740857
2025-02-24 07:00:00,45.74403561
2025-02-24 07:30:00,46.5009453
2025-02-24 08:00:00,47.01371325
2025-02-24 08:30:00,45.13178992
2025-02-24 09:00:00,43.79264141
2025-02-24 09:30:00,44.20234409
2025-02-24 10:00:00,43.2693021
2025-02-24 10:30:00,44.69247153
2025-02-24 11:00:00,43.96591811
2025-02-24 11:30:00,44.64953701
2025-02-24 12:00:00,45.0631882
2025-02-24 12:30:00,46.23740163
2025-02-24 13:00:00,47.40706816
2025-02-24 13:30:00,48.72582474
2025-02-24 14:00:00,50.59393927
2025-02-24 14:30:00,52.28273091
2025-02-24 15:00:00,54.55967329
2025-02-24 15:30:00,56.75128655
2025-02-24 16:00:00,57.68467338
2025-02-24 16:30:00,55.91721776
2025-02-24 17:00:00,55.5440803
2025-02-24 17:30:00,50.08772212
2025-02-24 18:00:00,47.02214922
2025-02-24 18:30:00,45.39571397
2025-02-24 19:00:00,43.4894057
2025-02-24 19:30:00,40.94324046
2025-02-24 20:00:00,38.62351754
2025-02-24 20:30:00,36.4662026
2025-02-24 21:00:00,34.33739561
2025-02-24 21:30:00,33.4578124
2025-02-24 22:00:00,31.94452046
2025-02-24 22:30:00,30.08691651
2025-02-24 23:00:00,28.76170618
2025-02-24 23:30:00,27.95426871
2025-02-25 00:00:00,27.37717469
2025-02-25 00:30:00,26.80881117
2025-02-25 01:00:00,26.54014604
2025-02-25 01:30:00,26.33574182
2025-02-25 02:00:00,26.27520048
2025-02-25 02:30:00,27.15007675
2025-02-25 03:00:00,27.37786738
2025-02-25 03:30:00,28.2757986
2025-02-25 04:00:00,29.40456859
2025-02-25 04:30:00,32.04916575
2025-02-25 05:00:00,35.71326371
2025-02-25 05:30:00,40.05232837
2025-02-25 06:00:00,42.60014273
2025-02-25 06:30:00,43.94490821
2025-02-25 07:00:00,43.23656265
2025-02-25 07:30:00,43.68841828
2025-02-25 08:00:00,44.16718268
2025-02-25 08:30:00,45.33664109
2025-02-25 09:00:00,44.51629182
2025-02-25 09:30:00,40.85703468
2025-02-25 10:00:00,41.74611492
2025-02-25 10:30:00,43.34677846
2025-02-25 11:00:00,42.83113731
2025-02-25 11:30:00,43.67396664
2025-02-25 12:00:00,41.2562317
2025-02-25 12:30:00,39.79223172
2025-02-25 13:00:00,39.14586366
2025-02-25 13:30:00,37.61035041
2025-02-25 14:00:00,38.76837927
2025-02-25 14:30:00,40.64758539
2025-02-25 15:00:00,43.65869614
2025-02-25 15:30:00,45.66522133
2025-02-25 16:00:00,46.5064267
2025-02-25 16:30:00,46.03627595
2025-02-25 17:00:00,46.29695121
2025-02-25 17:30:00,43.84082165
2025-02-25 18:00:00,42.93469554
2025-02-25 18:30:00,42.5747072
2025-02-25 19:00:00,41.30147735
2025-02-25 19:30:00,39.29179478
2025-02-25 20:00:00,36.96217739
2025-02-25 20:30:00,35.13427483
2025-02-25 21:00:00,33.14295078
2025-02-25 21:30:00,32.40566694
2025-02-25 22:00:00,31.34092888
2025-02-25 22:30:00,29.81487618
2025-02-25 23:00:00,28.25243342
2025-02-25 23:30:00,27.25879826
2025-02-26 00:00:00,26.66575089
2025-02-26 00:30:00,26.29919903
2025-02-26 01:00:00,26.02328099
2025-02-26 01:30:00,25.80017976
2025-02-26 02:00:00,25.84265888
2025-02-26 02:30:00,26.55311438
2025-02-26 03:00:00,26.84557338
2025-02-26 03:30:00,27.79885522
2025-02-26 04:00:00,28.92591401
2025-02-26 04:30:00,31.35502591
2025-02-26 05:00:00,34.59485319
2025-02-26 05:30:00,39.19996028
2025-02-26 06:00:00,40.96890683
2025-02-26 06:30:00,42.64334072
2025-02-26 07:00:00,41.71726265
2025-02-26 07:30:00,40.2101234
2025-02-26 08:00:00,38.88902315
2025-02-26 08:30:00,38.21357543
2025-02-26 09:00:00,37.79715726
2025-02-26 09:30:00,38.33606872
2025-02-26 10:00:00,38.17415003
2025-02-26 10:30:00,38.76587573
2025-02-26 11:00:00,39.24509557
2025-02-26 11:30:00,40.81509988
2025-02-26 12:00:00,41.67799756
2025-02-26 12:30:00,43.53235184
2025-02-26 13:00:00,45.47510036
2025-02-26 13:30:00,47.22038969
2025-02-26 14:00:00,50.02766193
2025-02-26 14:30:00,52.70326708
2025-02-26 15:00:00,55.81875398
2025-02-26 15:30:00,57.85378199
2025-02-26 16:00:00,59.19664066
2025-02-26 16:30:00,57.33124106
2025-02-26 17:00:00,57.24497365
2025-02-26 17:30:00,53.68155454
2025-02-26 18:00:00,51.91448585
2025-02-26 18:30:00,50.63035908
2025-02-26 19:00:00,48.86586346
2025-02-26 19:30:00,46.05200224
2025-02-26 20:00:00,43.39359575
2025-02-26 20:30:00,40.37711479
2025-02-26 21:00:00,37.64762903
2025-02-26 21:30:00,36.00002564
2025-02-26 22:00:00,34.40161441
2025-02-26 22:30:00,32.19245567
2025-02-26 23:00:00,30.39225893
2025-02-26 23:30:00,29.62419169
2025-02-27 00:00:00,28.82647191
2025-02-27 00:30:00,28.10326838
2025-02-27 01:00:00,27.70549914
2025-02-27 01:30:00,27.53443006
2025-02-27 02:00:00,27.36459804
2025-02-27 02:30:00,28.21106336
2025-02-27 03:00:00,28.72899237
2025-02-27 03:30:00,29.42910586
2025-02-27 04:00:00,30.43446016
2025-02-27 04:30:00,33.05720634
2025-02-27 05:00:00,36.52816318
2025-02-27 05:30:00,41.80092885
2025-02-27 06:00:00,44.51235666
2025-02-27 06:30:00,46.02561858
2025-02-27 07:00:00,45.62848863
2025-02-27 07:30:00,46.11679107
2025-02-27 08:00:00,45.63618247
2025-02-27 08:30:00,46.37450969
2025-02-27 09:00:00,45.71228946
2025-02-27 09:30:00,47.1849025
2025-02-27 10:00:00,47.90037969
2025-02-27 10:30:00,48.38898981
2025-02-27 11:00:00,50.72104898
2025-02-27 11:30:00,53.04346374
2025-02-27 12:00:00,54.22090267
2025-02-27 12:30:00,54.71655921
2025-02-27 13:00:00,
2025-02-27 13:30:00,
2025-02-27 14:00:00,
2025-02-27 14:30:00,
2025-02-27 15:00:00,61.2982385
2025-02-27 15:30:00,63.24855524
2025-02-27 16:00:00,63.76445809
2025-02-27 16:30:00,61.81801853
2025-02-27 17:00:00,61.68448047
2025-02-27 17:30:00,57.59294907
2025-02-27 18:00:00,55.66905576
2025-02-27 18:30:00,54.61886629
2025-02-27 19:00:00,53.22571228
2025-02-27 19:30:00,50.5878432
2025-02-27 20:00:00,47.6674332
2025-02-27 20:30:00,44.30110316
2025-02-27 21:00:00,41.35816558
2025-02-27 21:30:00,39.52019901
2025-02-27 22:00:00,37.21138815
2025-02-27 22:30:00,34.99713314
2025-02-27 23:00:00,33.16155618
2025-02-27 23:30:00,31.78424417
2025-02-28 00:00:00,30.90043639
2025-02-28 00:30:00,29.987961
2025-02-28 01:00:00,29.23141878
2025-02-28 01:30:00,28.96147998
2025-02-28 02:00:00,29.03280129
2025-02-28 02:30:00,29.62759009
2025-02-28 03:00:00,30.29641423
2025-02-28 03:30:00,30.96046892
2025-02-28 04:00:00,31.99063981
2025-02-28 04:30:00,34.86058572
2025-02-28 05:00:00,38.14011212
2025-02-28 05:30:00,43.72779166
2025-02-28 06:00:00,46.25920445
2025-02-28 06:30:00,47.06813868
2025-02-28 07:00:00,48.68395479
2025-02-28 07:30:00,47.49978492
2025-02-28 08:00:00,46.89374088
2025-02-28 08:30:00,47.54365826
2025-02-28 09:00:00,46.38891335
2025-02-28 09:30:00,46.97167034
2025-02-28 10:00:00,47.33271453
2025-02-28 10:30:00,48.44836404
2025-02-28 11:00:00,48.95297547
2025-02-28 11:30:00,49.44898624
2025-02-28 12:00:00,50.96391609
2025-02-28 12:30:00,50.24595116
2025-02-28 13:00:00,51.3528209
2025-02-28 13:30:00,52.62197849
2025-02-28 14:00:00,55.7370004
2025-02-28 14:30:00,60.26026109
2025-02-28 15:00:00,
2025-02-28 15:30:00,
2025-02-28 16:00:00,60.94458444
2025-02-28 16:30:00,57.24763947
2025-02-28 17:00:00,55.42400426
2025-02-28 17:30:00,53.16660681
2025-02-28 18:00:00,52.04260678
2025-02-28 18:30:00,50.59963359
2025-02-28 19:00:00,49.10116033
2025-02-28 19:30:00,46.18523097
2025-02-28 20:00:00,43.24945583
2025-02-28 20:30:00,40.38933298
2025-02-28 21:00:00,38.02199636
2025-02-28 21:30:00,36.78383756
2025-02-28 22:00:00,35.07753955
2025-02-28 22:30:00,32.77197612
2025-02-28 23:00:00,30.86382382
2025-02-28 23:30:00,29.80377004
2025-03-01 00:00:00,28.99581181
2025-03-01 00:30:00,28.30836722
2025-03-01 01:00:00,27.82128563
2025-03-01 01:30:00,27.45674598
2025-03-01 02:00:00,27.20757807
2025-03-01 02:30:00,27.22216554
2025-03-01 03:00:00,27.11875827
2025-03-01 03:30:00,27.25804759
2025-03-01 04:00:00,27.37581673
2025-03-01 04:30:00,28.34327476
2025-03-01 05:00:00,29.09308322
2025-03-01 05:30:00,29.97946734
2025-03-01 06:00:00,30.62434272
2025-03-01 06:30:00,30.84824052
2025-03-01 07:00:00,30.79769044
2025-03-01 07:30:00,30.74237682
2025-03-01 08:00:00,29.604759
2025-03-01 08:30:00,29.56641364
2025-03-01 09:00:00,29.03323857
2025-03-01 09:30:00,29.9268913
2025-03-01 10:00:00,30.40560034
2025-03-01 10:30:00,30.73369261
2025-03-01 11:00:00,31.22408894
2025-03-01 11:30:00,32.37991869
2025-03-01 12:00:00,33.25178025
2025-03-01 12:30:00,34.48092746
2025-03-01 13:00:00,35.76514953
2025-03-01 13:30:00,37.36363359
2025-03-01 14:00:00,39.45298583
2025-03-01 14:30:00,41.60441733
2025-03-01 15:00:00,44.43492629
2025-03-01 15:30:00,46.91290342
2025-03-01 16:00:00,48.71582307
2025-03-01 16:30:00,49.7559207
2025-03-01 17:00:00,50.56731072
2025-03-01 17:30:00,50.02894632
2025-03-01 18:00:00,48.60936319
2025-03-01 18:30:00,47.27831881
2025-03-01 19:00:00,45.55118681
2025-03-01 19:30:00,43.60602347
2025-03-01 20:00:00,42.15621396
2025-03-01 20:30:00,39.91988189
2025-03-01 21:00:00,37.85514654
2025-03-01 21:30:00,36.78977791
2025-03-01 22:00:00,35.23102252
2025-03-01 22:30:00,32.96801403
2025-03-01 23:00:00,31.16599175
2025-03-01 23:30:00,30.30168548
2025-03-02 00:00:00,29.43030688
2025-03-02 00:30:00,28.82826285
2025-03-02 01:00:00,28.1706169
2025-03-02 01:30:00,27.67548083
2025-03-02 02:00:00,27.5260218
2025-03-02 02:30:00,27.49954283
2025-03-02 03:00:00,27.33167795
2025-03-02 03:30:00,27.51626502
2025-03-02 04:00:00,27.6116852
2025-03-02 04:30:00,28.25185185
2025-03-02 05:00:00,28.91527171
2025-03-02 05:30:00,29.50637093
2025-03-02 06:00:00,30.32380941
2025-03-02 06:30:00,30.79974987
2025-03-02 07:00:00,30.04358717
2025-03-02 07:30:00,31.29145468
2025-03-02 08:00:00,31.29324313
2025-03-02 08:30:00,31.86161326
2025-03-02 09:00:00,31.88270633
2025-03-02 09:30:00,32.98303774
2025-03-02 10:00:00,32.7149139
2025-03-02 10:30:00,32.75644031
2025-03-02 11:00:00,33.0020586
2025-03-02 11:30:00,33.74275102
2025-03-02 12:00:00,35.10135339
2025-03-02 12:30:00,36.00372961
2025-03-02 13:00:00,38.47486169
2025-03-02 13:30:00,38.45140734
2025-03-02 14:00:00,40.38764416
2025-03-02 14:30:00,46.98869763
2025-03-02 15:00:00,48.0672654
2025-03-02 15:30:00,47.38335133
2025-03-02 16:00:00,46.80540665
2025-03-02 16:30:00,45.49071363
2025-03-02 17:00:00,43.63365194
2025-03-02 17:30:00,42.74107266
2025-03-02 18:00:00,42.70585776
2025-03-02 18:30:00,42.10822474
2025-03-02 19:00:00,41.03668579
2025-03-02 19:30:00,39.33265071
2025-03-02 20:00:00,37.6181797
2025-03-02 20:30:00,35.39973768
2025-03-02 21:00:00,33.85360425
2025-03-02 21:30:00,33.13128175
2025-03-02 22:00:00,31.90838475
2025-03-02 22:30:00,30.21220904
2025-03-02 23:00:00,28.78269155
2025-03-02 23:30:00,27.80304014
2025-03-03 00:00:00,27.13936949
2025-03-03 00:30:00,26.85411973
2025-03-03 01:00:00,26.54102928
2025-03-03 01:30:00,26.25174179
2025-03-03 02:00:00,26.46149037
2025-03-03 02:30:00,27.41595354
2025-03-03 03:00:00,28.00117862
2025-03-03 03:30:00,28.92636255
2025-03-03 04:00:00,29.78727201
2025-03-03 04:30:00,32.4255336
2025-03-03 05:00:00,35.49415242
2025-03-03 05:30:00,39.53110441
2025-03-03 06:00:00,41.41760667
2025-03-03 06:30:00,42.43786136
2025-03-03 07:00:00,43.89503234
2025-03-03 07:30:00,44.17727658
2025-03-03 08:00:00,41.48214855
2025-03-03 08:30:00,42.21198178
2025-03-03 09:00:00,41.2676856
2025-03-03 09:30:00,41.58364812
2025-03-03 10:00:00,40.65403176
2025-03-03 10:30:00,40.6503695
2025-03-03 11:00:00,40.42145979
2025-03-03 11:30:00,39.47571063
2025-03-03 12:00:00,38.27927037
2025-03-03 12:30:00,38.62736272
2025-03-03 13:00:00,39.28290472
2025-03-03 13:30:00,41.44982453
2025-03-03 14:00:00,42.78612222
2025-03-03 14:30:00,44.28928819
2025-03-03 15:00:00,46.57685744
2025-03-03 15:30:00,48.65079527
2025-03-03 16:00:00,49.55039722
2025-03-03 16:30:00,47.81787324
2025-03-03 17:00:00,47.80098259
2025-03-03 17:30:00,44.62459576
2025-03-03 18:00:00,43.72961172
2025-03-03 18:30:00,43.25102639
2025-03-03 19:00:00,41.64512676
2025-03-03 19:30:00,39.33340282
2025-03-03 20:00:00,37.28157455
2025-03-03 20:30:00,35.1091267
2025-03-03 21:00:00,33.2506422
2025-03-03 21:30:00,32.57482318
2025-03-03 22:00:00,31.39505309
2025-03-03 22:30:00,29.62721467
2025-03-03 23:00:00,28.23876059
2025-03-03 23:30:00,27.29564264
2025-03-04 00:00:00,26.67152373
2025-03-04 00:30:00,26.38903376
2025-03-04 01:00:00,26.08590672
2025-03-04 01:30:00,25.78407888
2025-03-04 02:00:00,25.67987048
2025-03-04 02:30:00,26.35134156
2025-03-04 03:00:00,26.78186095
2025-03-04 03:30:00,27.83915122
2025-03-04 04:00:00,29.06010089
2025-03-04 04:30:00,31.53418654
2025-03-04 05:00:00,34.77091145
2025-03-04 05:30:00,39.69973718
2025-03-04 06:00:00,41.99250351
2025-03-04 06:30:00,43.06208662
2025-03-04 07:00:00,40.54654413
2025-03-04 07:30:00,39.51330927
2025-03-04 08:00:00,39.19096188
2025-03-04 08:30:00,39.19063365
2025-03-04 09:00:00,38.46271802
2025-03-04 09:30:00,36.05091394
2025-03-04 10:00:00,36.07062014
2025-03-04 10:30:00,37.73362881
2025-03-04 11:00:00,37.00444965
2025-03-04 11:30:00,37.9445377
2025-03-04 12:00:00,34.67015608
2025-03-04 12:30:00,35.0056011
2025-03-04 13:00:00,35.1420391
2025-03-04 13:30:00,36.27558784
2025-03-04 14:00:00,38.16057407
2025-03-04 14:30:00,40.16738233
2025-03-04 15:00:00,42.52497333
2025-03-04 15:30:00,44.89090919
2025-03-04 16:00:00,46.75443815
2025-03-04 16:30:00,45.48596798
2025-03-04 17:00:00,45.92818391
2025-03-04 17:30:00,43.32068304
2025-03-04 18:00:00,42.80774652
2025-03-04 18:30:00,42.0800482
2025-03-04 19:00:00,40.60423458
2025-03-04 19:30:00,38.0705675
2025-03-04 20:00:00,36.21326279
2025-03-04 20:30:00,34.56732457
2025-03-04 21:00:00,32.71425604
2025-03-04 21:30:00,31.91681506
2025-03-04 22:00:00,30.95222608
2025-03-04 22:30:00,29.30521523
2025-03-04 23:00:00,27.72219686
2025-03-04 23:30:00,26.85993496
2025-03-05 00:00:00,26.30929242
2025-03-05 00:30:00,25.97869894
2025-03-05 01:00:00,25.43212383
2025-03-05 01:30:00,25.39529755
2025-03-05 02:00:00,25.33195867
2025-03-05 02:30:00,25.94035754
2025-03-05 03:00:00,26.14721774
2025-03-05 03:30:00,26.9426497
2025-03-05 04:00:00,27.9932602
2025-03-05 04:30:00,30.45348308
2025-03-05 05:00:00,32.89078739
2025-03-05 05:30:00,37.1229323
2025-03-05 06:00:00,39.10999274
2025-03-05 06:30:00,39.85254679
2025-03-05 07:00:00,38.78120215
2025-03-05 07:30:00,37.37762564
2025-03-05 08:00:00,36.32793294
2025-03-05 08:30:00,36.27023714
2025-03-05 09:00:00,36.05359452
2025-03-05 09:30:00,36.80411399
2025-03-05 10:00:00,37.08680974
2025-03-05 10:30:00,35.96832674
2025-03-05 11:00:00,35.29605186
2025-03-05 11:30:00,35.1341448
2025-03-05 12:00:00,35.24622851
2025-03-05 12:30:00,35.90145831
2025-03-05 13:00:00,36.82553921
2025-03-05 13:30:00,38.23896278
2025-03-05 14:00:00,40.22439178
2025-03-05 14:30:00,42.38895739
2025-03-05 15:00:00,45.35960367
2025-03-05 15:30:00,47.71811873
2025-03-05 16:00:00,49.14123502
2025-03-05 16:30:00,47.76298886
2025-03-05 17:00:00,47.93018819
2025-03-05 17:30:00,45.12222362
2025-03-05 18:00:00,44.16587039
2025-03-05 18:30:00,43.4349806
2025-03-05 19:00:00,41.61603535
2025-03-05 19:30:00,39.7494356
2025-03-05 20:00:00,37.8248111
2025-03-05 20:30:00,35.5265218
2025-03-05 21:00:00,33.66154528
2025-03-05 21:30:00,32.89343502
2025-03-05 22:00:00,31.45943414
2025-03-05 22:30:00,30.04274393
2025-03-05 23:00:00,28.36483609
2025-03-05 23:30:00,27.59555076
2025-03-06 00:00:00,26.90611451
2025-03-06 00:30:00,26.43309117
2025-03-06 01:00:00,26.10525032
2025-03-06 01:30:00,25.93722747
2025-03-06 02:00:00,25.92427458
2025-03-06 02:30:00,26.69269693
2025-03-06 03:00:00,26.82017075
2025-03-06 03:30:00,27.65491406
2025-03-06 04:00:00,28.58675804
2025-03-06 04:30:00,30.95844529
2025-03-06 05:00:00,33.4924758
2025-03-06 05:30:00,37.51406891
2025-03-06 06:00:00,40.61807764
2025-03-06 06:30:00,40.38651021
2025-03-06 07:00:00,39.24099215
2025-03-06 07:30:00,38.83977641
2025-03-06 08:00:00,39.32104381
2025-03-06 08:30:00,38.99999479
2025-03-06 09:00:00,37.64905189
2025-03-06 09:30:00,37.5479236
2025-03-06 10:00:00,36.8458704
2025-03-06 10:30:00,36.34148496
2025-03-06 11:00:00,35.51555481
2025-03-06 11:30:00,36.42888331
2025-03-06 12:00:00,37.02862811
2025-03-06 12:30:00,37.38835591
2025-03-06 13:00:00,38.82155984
2025-03-06 13:30:00,38.5888625
2025-03-06 14:00:00,39.86736012
2025-03-06 14:30:00,40.85888334
2025-03-06 15:00:00,43.08069631
2025-03-06 15:30:00,44.98645067
2025-03-06 16:00:00,46.19430678
2025-03-06 16:30:00,45.15099041
2025-03-06 17:00:00,45.16426215
2025-03-06 17:30:00,43.16870802
2025-03-06 18:00:00,42.53507793
2025-03-06 18:30:00,41.89730654
2025-03-06 19:00:00,40.57756197
2025-03-06 19:30:00,38.43398481
2025-03-06 20:00:00,36.43839246
2025-03-06 20:30:00,34.74265196
2025-03-06 21:00:00,32.99735753
2025-03-06 21:30:00,32.21406226
2025-03-06 22:00:00,31.08695487
2025-03-06 22:30:00,29.26988404
2025-03-06 23:00:00,27.94891703
2025-03-06 23:30:00,27.08777371
2025-03-07 00:00:00,26.54985437
2025-03-07 00:30:00,26.03117219
2025-03-07 01:00:00,25.60977592
2025-03-07 01:30:00,25.54812055
2025-03-07 02:00:00,25.68704287
2025-03-07 02:30:00,26.34624224
2025-03-07 03:00:00,26.61237737
2025-03-07 03:30:00,27.31309156
2025-03-07 04:00:00,28.29947377
2025-03-07 04:30:00,30.80840502
2025-03-07 05:00:00,33.16564976
2025-03-07 05:30:00,36.80953879
2025-03-07 06:00:00,39.43872756
2025-03-07 06:30:00,40.7294243
2025-03-07 07:00:00,40.81921125
2025-03-07 07:30:00,41.27788064
2025-03-07 08:00:00,42.09007404
2025-03-07 08:30:00,39.09554917
2025-03-07 09:00:00,40.29821293
2025-03-07 09:30:00,42.4864155
2025-03-07 10:00:00,41.62621123
2025-03-07 10:30:00,41.52192196
2025-03-07 11:00:00,39.94801003
2025-03-07 11:30:00,42.73024428
2025-03-07 12:00:00,36.79365224
2025-03-07 12:30:00,40.6862367
2025-03-07 13:00:00,38.65271916
2025-03-07 13:30:00,39.35845465
2025-03-07 14:00:00,40.34509962
2025-03-07 14:30:00,39.17774855
2025-03-07 15:00:00,42.22044968
2025-03-07 15:30:00,45.23657396
2025-03-07 16:00:00,43.9507195
2025-03-07 16:30:00,43.77352884
2025-03-07 17:00:00,42.90234591
2025-03-07 17:30:00,42.07449343
2025-03-07 18:00:00,41.69221628
2025-03-07 18:30:00,41.29086213
2025-03-07 19:00:00,40.10400876
2025-03-07 19:30:00,37.44899638
2025-03-07 20:00:00,35.47978162
2025-03-07 20:30:00,34.08364779
2025-03-07 21:00:00,32.66497565
2025-03-07 21:30:00,32.53973146
2025-03-07 22:00:00,31.30830593
2025-03-07 22:30:00,29.72533444
2025-03-07 23:00:00,28.30064075
2025-03-07 23:30:00,27.48596345
2025-03-08 00:00:00,26.70541673
2025-03-08 00:30:00,26.18123999
2025-03-08 01:00:00,25.86244293
2025-03-08 01:30:00,25.70165909
2025-03-08 02:00:00,25.61281725
2025-03-08 02:30:00,25.59084076
2025-03-08 03:00:00,25.66832106
2025-03-08 03:30:00,25.97502574
2025-03-08 04:00:00,26.33018218
2025-03-08 04:30:00,27.12695216
2025-03-08 05:00:00,28.10359942
2025-03-08 05:30:00,28.84882151
2025-03-08 06:00:00,29.6435896
2025-03-08 06:30:00,30.89609182
2025-03-08 07:00:00,32.56889117
2025-03-08 07:30:00,33.99746667
2025-03-08 08:00:00,32.14709577
2025-03-08 08:30:00,28.68496808
2025-03-08 09:00:00,30.52103466
2025-03-08 09:30:00,29.7809316
2025-03-08 10:00:00,28.47249519
2025-03-08 10:30:00,29.02829484
2025-03-08 11:00:00,27.64457298
2025-03-08 11:30:00,30.27841916
2025-03-08 12:00:00,27.30105531
2025-03-08 12:30:00,28.41194809
2025-03-08 13:00:00,29.00563788
2025-03-08 13:30:00,29.51948902
2025-03-08 14:00:00,31.69868732
2025-03-08 14:30:00,32.15628
2025-03-08 15:00:00,33.79785086
2025-03-08 15:30:00,35.5156897
2025-03-08 16:00:00,36.68056851
2025-03-08 16:30:00,37.58257991
2025-03-08 17:00:00,38.61330906
2025-03-08 17:30:00,39.30153042
2025-03-08 18:00:00,38.70738782
2025-03-08 18:30:00,38.15879887
2025-03-08 19:00:00,37.39176963
2025-03-08 19:30:00,36.3371687
2025-03-08 20:00:00,34.90280903
2025-03-08 20:30:00,33.75075492
2025-03-08 21:00:00,32.61245314
2025-03-08 21:30:00,32.20295758
2025-03-08 22:00:00,31.2233943
2025-03-08 22:30:00,29.53388225
2025-03-08 23:00:00,28.35395746
2025-03-08 23:30:00,27.55376187
2025-03-09 00:00:00,26.79742949
2025-03-09 00:30:00,26.48853792
2025-03-09 01:00:00,25.93775831
2025-03-09 01:30:00,25.70362901
2025-03-09 02:00:00,25.65878981
2025-03-09 02:30:00,25.61559206
2025-03-09 03:00:00,25.69403546
2025-03-09 03:30:00,25.82657526
2025-03-09 04:00:00,26.0332743
2025-03-09 04:30:00,26.80734593
2025-03-09 05:00:00,27.5509204
2025-03-09 05:30:00,28.1358288
2025-03-09 06:00:00,29.17903481
2025-03-09 06:30:00,30.09538734
2025-03-09 07:00:00,31.47098983
2025-03-09 07:30:00,32.62891867
2025-03-09 08:00:00,33.00485421
2025-03-09 08:30:00,33.93742331
2025-03-09 09:00:00,33.57774436
2025-03-09 09:30:00,33.53688884
2025-03-09 10:00:00,32.75529409
2025-03-09 10:30:00,30.66513405
2025-03-09 11:00:00,26.92751941
2025-03-09 11:30:00,25.69482453
2025-03-09 12:00:00,26.20970794
2025-03-09 12:30:00,28.06773475
2025-03-09 13:00:00,27.78032506
2025-03-09 13:30:00,27.98851975
2025-03-09 14:00:00,32.53118164
2025-03-09 14:30:00,32.05205177
2025-03-09 15:00:00,32.62911624
2025-03-09 15:30:00,35.58935535
2025-03-09 16:00:00,38.24245134
2025-03-09 16:30:00,40.08804764
2025-03-09 17:00:00,41.409182
2025-03-09 17:30:00,41.62933489
2025-03-09 18:00:00,40.73004667
2025-03-09 18:30:00,39.82251646
2025-03-09 19:00:00,38.81672672
2025-03-09 19:30:00,37.35837429
2025-03-09 20:00:00,36.09363018
2025-03-09 20:30:00,34.51181535
2025-03-09 21:00:00,33.19613971
2025-03-09 21:30:00,32.85350847
2025-03-09 22:00:00,31.80075044
2025-03-09 22:30:00,30.07166402
2025-03-09 23:00:00,28.90895285
2025-03-09 23:30:00,28.2126052
2025-03-10 00:00:00,27.46998979
2025-03-10 00:30:00,26.98810378
2025-03-10 01:00:00,26.84695078
2025-03-10 01:30:00,26.5185593
2025-03-10 02:00:00,26.47500924
2025-03-10 02:30:00,26.58533219
2025-03-10 03:00:00,26.64632301
2025-03-10 03:30:00,26.9379103
2025-03-10 04:00:00,27.39088016
2025-03-10 04:30:00,28.82602526
2025-03-10 05:00:00,29.71585799
2025-03-10 05:30:00,31.05238902
2025-03-10 06:00:00,30.86634662
2025-03-10 06:30:00,32.88766628
2025-03-10 07:00:00,33.78848522
2025-03-10 07:30:00,32.08661083
2025-03-10 08:00:00,31.10873661
2025-03-10 08:30:00,33.94759721
2025-03-10 09:00:00,31.03621449
2025-03-10 09:30:00,33.39853716
2025-03-10 10:00:00,34.31306224
2025-03-10 10:30:00,30.12539425
2025-03-10 11:00:00,34.74778245
2025-03-10 11:30:00,34.64261883
2025-03-10 12:00:00,36.40992706
2025-03-10 12:30:00,38.69167192
2025-03-10 13:00:00,37.75788256
2025-03-10 13:30:00,44.49265385
2025-03-10 14:00:00,47.92973033
2025-03-10 14:30:00,48.40600873
2025-03-10 15:00:00,47.81382363
2025-03-10 15:30:00,46.84302865
2025-03-10 16:00:00,46.3043423
2025-03-10 16:30:00,44.88721059
2025-03-10 17:00:00,43.87661462
2025-03-10 17:30:00,42.67500839
2025-03-10 18:00:00,41.76819682
2025-03-10 18:30:00,40.91291558
2025-03-10 19:00:00,39.63439161
2025-03-10 19:30:00,37.83366672
2025-03-10 20:00:00,36.2755796
2025-03-10 20:30:00,34.65914915
2025-03-10 21:00:00,33.03938837
2025-03-10 21:30:00,32.74706778
2025-03-10 22:00:00,31.75281525
2025-03-10 22:30:00,30.02721445
2025-03-10 23:00:00,28.47629587
2025-03-10 23:30:00,27.87969143
2025-03-11 00:00:00,27.41267617
2025-03-11 00:30:00,26.93119174
2025-03-11 01:00:00,26.55287245
2025-03-11 01:30:00,26.3615555
2025-03-11 02:00:00,26.25208094
2025-03-11 02:30:00,27.22597413
2025-03-11 03:00:00,27.53570329
2025-03-11 03:30:00,28.42656444
2025-03-11 04:00:00,29.66055365
2025-03-11 04:30:00,32.00375382
2025-03-11 05:00:00,35.19416575
2025-03-11 05:30:00,39.92556203
2025-03-11 06:00:00,43.07813688
2025-03-11 06:30:00,44.03760138
2025-03-11 07:00:00,43.43026916
2025-03-11 07:30:00,43.53552972
2025-03-11 08:00:00,43.29315071
2025-03-11 08:30:00,42.02688339
2025-03-11 09:00:00,43.19173068
2025-03-11 09:30:00,42.86149615
2025-03-11 10:00:00,42.05146688
2025-03-11 10:30:00,45.79095598
2025-03-11 11:00:00,49.66543623
2025-03-11 11:30:00,49.63178608
2025-03-11 12:00:00,49.29492467
2025-03-11 12:30:00,48.44181432
2025-03-11 13:00:00,50.08167171
2025-03-11 13:30:00,45.79803647
2025-03-11 14:00:00,46.5207836
2025-03-11 14:30:00,45.78529647
2025-03-11 15:00:00,45.45602246
2025-03-11 15:30:00,47.53303016
2025-03-11 16:00:00,48.7451098
2025-03-11 16:30:00,47.92168415
2025-03-11 17:00:00,48.14530076
2025-03-11 17:30:00,45.00130122
2025-03-11 18:00:00,44.51773238
2025-03-11 18:30:00,43.35043362
2025-03-11 19:00:00,41.63273972
2025-03-11 19:30:00,39.79786152
2025-03-11 20:00:00,37.62150984
2025-03-11 20:30:00,35.45666407
2025-03-11 21:00:00,33.38297938
2025-03-11 21:30:00,32.5786932
2025-03-11 22:00:00,31.59477104
2025-03-11 22:30:00,30.00705674
2025-03-11 23:00:00,28.42143861
2025-03-11 23:30:00,27.63442738
2025-03-12 00:00:00,27.19365342
2025-03-12 00:30:00,26.61101818
2025-03-12 01:00:00,26.35148573
2025-03-12 01:30:00,26.06870223
2025-03-12 02:00:00,26.1150112
2025-03-12 02:30:00,26.7695295
2025-03-12 03:00:00,27.03716356
2025-03-12 03:30:00,27.96807316
2025-03-12 04:00:00,29.05682751
2025-03-12 04:30:00,31.61774338
2025-03-12 05:00:00,34.60477608
2025-03-12 05:30:00,39.06751558
2025-03-12 06:00:00,41.9640976
2025-03-12 06:30:00,42.94259244
2025-03-12 07:00:00,41.57356419
2025-03-12 07:30:00,41.02715869
2025-03-12 08:00:00,42.17222085
2025-03-12 08:30:00,43.51478451
2025-03-12 09:00:00,43.45392548
2025-03-12 09:30:00,44.7063826
2025-03-12 10:00:00,47.72839188
2025-03-12 10:30:00,48.6716282
2025-03-12 11:00:00,44.34805679
2025-03-12 11:30:00,42.84384342
2025-03-12 12:00:00,44.12821542
2025-03-12 12:30:00,45.67419115
2025-03-12 13:00:00,46.29009823
2025-03-12 13:30:00,43.44105859
2025-03-12 14:00:00,43.11493644
2025-03-12 14:30:00,43.52908771
2025-03-12 15:00:00,46.08281139
2025-03-12 15:30:00,48.83205303
2025-03-12 16:00:00,50.48439951
2025-03-12 16:30:00,48.68772029
2025-03-12 17:00:00,49.10631629
2025-03-12 17:30:00,46.09740451
2025-03-12 18:00:00,45.05837183
2025-03-12 18:30:00,44.19976692
2025-03-12 19:00:00,42.63220222
2025-03-12 19:30:00,40.86101463
2025-03-12 20:00:00,38.61759984
2025-03-12 20:30:00,36.27820346
2025-03-12 21:00:00,34.32290496
2025-03-12 21:30:00,33.52514676
2025-03-12 22:00:00,32.13090954
2025-03-12 22:30:00,30.21294285
2025-03-12 23:00:00,28.78432455
2025-03-12 23:30:00,27.91909874
2025-03-13 00:00:00,27.26548548
2025-03-13 00:30:00,26.84479766
2025-03-13 01:00:00,26.47491115
2025-03-13 01:30:00,26.33807782
2025-03-13 02:00:00,26.36170196
2025-03-13 02:30:00,27.02504018
2025-03-13 03:00:00,27.13009175
2025-03-13 03:30:00,28.26433928
2025-03-13 04:00:00,29.20584942
2025-03-13 04:30:00,31.36120574
2025-03-13 05:00:00,34.48868609
2025-03-13 05:30:00,38.78926585
2025-03-13 06:00:00,41.57312488
2025-03-13 06:30:00,44.98473967
2025-03-13 07:00:00,43.44153358
2025-03-13 07:30:00,42.26457472
2025-03-13 08:00:00,40.27849522
2025-03-13 08:30:00,40.3947872
2025-03-13 09:00:00,41.14868043
2025-03-13 09:30:00,43.1165193
2025-03-13 10:00:00,43.73327812
2025-03-13 10:30:00,43.73353017
2025-03-13 11:00:00,45.00498505
2025-03-13 11:30:00,46.28541671
2025-03-13 12:00:00,46.91245199
2025-03-13 12:30:00,48.62586848
2025-03-13 13:00:00,49.09931185
2025-03-13 13:30:00,56.18557838
2025-03-13 14:00:00,59.03688854
2025-03-13 14:30:00,50.16684588
2025-03-13 15:00:00,49.10438136
2025-03-13 15:30:00,52.37470257
2025-03-13 16:00:00,54.16286674
2025-03-13 16:30:00,51.83567321
2025-03-13 17:00:00,51.35999564
2025-03-13 17:30:00,48.43835703
2025-03-13 18:00:00,47.58172091
2025-03-13 18:30:00,46.20904932
2025-03-13 19:00:00,44.55549189
2025-03-13 19:30:00,41.69353995
2025-03-13 20:00:00,39.11988517
2025-03-13 20:30:00,37.03392253
2025-03-13 21:00:00,35.11566988
2025-03-13 21:30:00,34.14748452
2025-03-13 22:00:00,32.71103725
2025-03-13 22:30:00,30.70897572
2025-03-13 23:00:00,29.40685257
2025-03-13 23:30:00,28.63956018
2025-03-14 00:00:00,27.78378182
2025-03-14 00:30:00,27.25449571
2025-03-14 01:00:00,26.75083172
2025-03-14 01:30:00,26.55068051
2025-03-14 02:00:00,26.48643309
2025-03-14 02:30:00,27.22920326
2025-03-14 03:00:00,27.37553859
2025-03-14 03:30:00,28.29960033
2025-03-14 04:00:00,29.44375804
2025-03-14 04:30:00,31.8055937
2025-03-14 05:00:00,34.63705859
2025-03-14 05:30:00,38.71906539
2025-03-14 06:00:00,41.89392826
2025-03-14 06:30:00,43.77600555
2025-03-14 07:00:00,43.07890346
2025-03-14 07:30:00,43.10757318
2025-03-14 08:00:00,43.14664399
2025-03-14 08:30:00,43.23967314
2025-03-14 09:00:00,43.69171927
2025-03-14 09:30:00,43.94656994
2025-03-14 10:00:00,44.17755614
2025-03-14 10:30:00,44.89578876
2025-03-14 11:00:00,46.26422137
2025-03-14 11:30:00,47.65876813
2025-03-14 12:00:00,49.22151931
2025-03-14 12:30:00,51.64439419
2025-03-14 13:00:00,52.91792307
2025-03-14 13:30:00,53.26798374
2025-03-14 14:00:00,54.57650557
2025-03-14 14:30:00,54.98307078
2025-03-14 15:00:00,58.11462836
2025-03-14 15:30:00,60.8279572
2025-03-14 16:00:00,62.97495071
2025-03-14 16:30:00,60.1116454
2025-03-14 17:00:00,58.7096036
2025-03-14 17:30:00,54.56228925
2025-03-14 18:00:00,52.57736962
2025-03-14 18:30:00,50.89312808
2025-03-14 19:00:00,48.60128415
2025-03-14 19:30:00,45.33780158
2025-03-14 20:00:00,42.79832406
2025-03-14 20:30:00,40.60565806
2025-03-14 21:00:00,38.49349807
2025-03-14 21:30:00,37.15572753
2025-03-14 22:00:00,35.36210132
2025-03-14 22:30:00,32.98193783
2025-03-14 23:00:00,31.25394077
2025-03-14 23:30:00,30.15659794
2025-03-15 00:00:00,29.16055471
2025-03-15 00:30:00,28.32595305
2025-03-15 01:00:00,27.9517744
2025-03-15 01:30:00,27.48414575
2025-03-15 02:00:00,27.22143122
2025-03-15 02:30:00,27.23460439
2025-03-15 03:00:00,27.11652853
2025-03-15 03:30:00,27.41549185
2025-03-15 04:00:00,27.83245486
2025-03-15 04:30:00,28.70967109
2025-03-15 05:00:00,29.5340893
2025-03-15 05:30:00,30.39687922
2025-03-15 06:00:00,31.64276939
2025-03-15 06:30:00,32.25661257
2025-03-15 07:00:00,32.47653382
2025-03-15 07:30:00,32.1806284
2025-03-15 08:00:00,31.84832897
2025-03-15 08:30:00,31.05766122
2025-03-15 09:00:00,30.8925965
2025-03-15 09:30:00,32.12348179
2025-03-15 10:00:00,33.04734858
2025-03-15 10:30:00,33.24586865
2025-03-15 11:00:00,34.34120326
2025-03-15 11:30:00,36.03001562
2025-03-15 12:00:00,37.74079993
2025-03-15 12:30:00,39.55903341
2025-03-15 13:00:00,41.1053397
2025-03-15 13:30:00,42.72544211
2025-03-15 14:00:00,45.1200887
2025-03-15 14:30:00,48.35645935
2025-03-15 15:00:00,50.57665694
2025-03-15 15:30:00,51.96523783
2025-03-15 16:00:00,52.49533314
2025-03-15 16:30:00,50.75076856
2025-03-15 17:00:00,49.95056915
2025-03-15 17:30:00,48.6042773
2025-03-15 18:00:00,47.63490158
2025-03-15 18:30:00,45.78226948
2025-03-15 19:00:00,43.93177817
2025-03-15 19:30:00,42.3346219
2025-03-15 20:00:00,41.40256229
2025-03-15 20:30:00,39.92633501
2025-03-15 21:00:00,38.29616461
2025-03-15 21:30:00,37.15271294
2025-03-15 22:00:00,35.263719
2025-03-15 22:30:00,33.24764209
2025-03-15 23:00:00,31.51400124
2025-03-15 23:30:00,30.30514002
2025-03-16 00:00:00,29.36487157
2025-03-16 00:30:00,28.76165893
2025-03-16 01:00:00,28.24151314
2025-03-16 01:30:00,27.83993111
2025-03-16 02:00:00,27.67536744
2025-03-16 02:30:00,27.77241664
2025-03-16 03:00:00,27.34772657
2025-03-16 03:30:00,27.61619936
2025-03-16 04:00:00,27.8568056
2025-03-16 04:30:00,28.54008032
2025-03-16 05:00:00,29.47449514
2025-03-16 05:30:00,30.34206763
2025-03-16 06:00:00,31.34111386
2025-03-16 06:30:00,32.96299829
2025-03-16 07:00:00,34.1940104
2025-03-16 07:30:00,34.53393394
2025-03-16 08:00:00,35.99271019
2025-03-16 08:30:00,35.21299389
2025-03-16 09:00:00,36.66382896
2025-03-16 09:30:00,34.0845696
2025-03-16 10:00:00,34.85214354
2025-03-16 10:30:00,38.38233327
2025-03-16 11:00:00,37.1630931
2025-03-16 11:30:00,35.02586181
2025-03-16 12:00:00,38.41524251
2025-03-16 12:30:00,44.21938897
2025-03-16 13:00:00,45.29925136
2025-03-16 13:30:00,48.05740913
2025-03-16 14:00:00,46.22282084
2025-03-16 14:30:00,44.30222981
2025-03-16 15:00:00,41.49382438
2025-03-16 15:30:00,44.4037765
2025-03-16 16:00:00,45.86474034
2025-03-16 16:30:00,45.513931
2025-03-16 17:00:00,45.76380633
2025-03-16 17:30:00,45.38566088
2025-03-16 18:00:00,45.02932392
2025-03-16 18:30:00,44.2264919
2025-03-16 19:00:00,42.82567984
2025-03-16 19:30:00,41.2435314
2025-03-16 20:00:00,39.19765968
2025-03-16 20:30:00,36.9695082
2025-03-16 21:00:00,34.96280023
2025-03-16 21:30:00,34.00308697
2025-03-16 22:00:00,32.64893866
2025-03-16 22:30:00,30.70916176
2025-03-16 23:00:00,29.31025021
2025-03-16 23:30:00,28.05750637
2025-03-17 00:00:00,27.42807877
2025-03-17 00:30:00,27.11591929
2025-03-17 01:00:00,26.46799081
2025-03-17 01:30:00,26.10641707
2025-03-17 02:00:00,26.22670051
2025-03-17 02:30:00,26.7544018
2025-03-17 03:00:00,26.87312869
2025-03-17 03:30:00,27.64242761
2025-03-17 04:00:00,28.66710933
2025-03-17 04:30:00,30.88741907
2025-03-17 05:00:00,33.49245988
2025-03-17 05:30:00,37.79468741
2025-03-17 06:00:00,40.07077167
2025-03-17 06:30:00,40.36578298
2025-03-17 07:00:00,38.72170618
2025-03-17 07:30:00,36.94700842
2025-03-17 08:00:00,34.87634299
2025-03-17 08:30:00,33.14372717
2025-03-17 09:00:00,31.55709582
2025-03-17 09:30:00,30.77359062
2025-03-17 10:00:00,29.86360442
2025-03-17 10:30:00,29.37092015
2025-03-17 11:00:00,29.38877608
2025-03-17 11:30:00,29.91622432
2025-03-17 12:00:00,29.21310032
2025-03-17 12:30:00,29.81033618
2025-03-17 13:00:00,30.70911333
2025-03-17 13:30:00,31.40832585
2025-03-17 14:00:00,32.93386383
2025-03-17 14:30:00,35.85279
2025-03-17 15:00:00,38.70867372
2025-03-17 15:30:00,41.17381484
2025-03-17 16:00:00,43.08289226
2025-03-17 16:30:00,42.82192889
2025-03-17 17:00:00,43.21825583
2025-03-17 17:30:00,42.1792542
2025-03-17 18:00:00,41.67091261
2025-03-17 18:30:00,40.57333829
2025-03-17 19:00:00,39.11295044
2025-03-17 19:30:00,37.15232658
2025-03-17 20:00:00,35.2693304
2025-03-17 20:30:00,33.33782973
2025-03-17 21:00:00,31.91288838
2025-03-17 21:30:00,31.4836989
2025-03-17 22:00:00,30.41661945
2025-03-17 22:30:00,28.76614034
2025-03-17 23:00:00,27.47051615
2025-03-17 23:30:00,26.67118962
2025-03-18 00:00:00,26.15004223
2025-03-18 00:30:00,25.76041574
2025-03-18 01:00:00,25.31182426
2025-03-18 01:30:00,25.42041613
2025-03-18 02:00:00,25.48090375
2025-03-18 02:30:00,25.89597993
2025-03-18 03:00:00,26.19870727
2025-03-18 03:30:00,27.30977077
2025-03-18 04:00:00,28.22916996
2025-03-18 04:30:00,30.79528497
2025-03-18 05:00:00,33.90294722
2025-03-18 05:30:00,38.40401181
2025-03-18 06:00:00,41.24740423
2025-03-18 06:30:00,41.66467983
2025-03-18 07:00:00,39.88307594
2025-03-18 07:30:00,38.12704559
2025-03-18 08:00:00,36.48928825
2025-03-18 08:30:00,34.81926952
2025-03-18 09:00:00,33.04054264
2025-03-18 09:30:00,32.98818081
2025-03-18 10:00:00,32.06582986
2025-03-18 10:30:00,31.74418986
2025-03-18 11:00:00,31.25729173
2025-03-18 11:30:00,31.72471909
2025-03-18 12:00:00,32.05857013
2025-03-18 12:30:00,32.74970099
2025-03-18 13:00:00,33.12673679
2025-03-18 13:30:00,34.51257664
2025-03-18 14:00:00,36.17903878
2025-03-18 14:30:00,40.40239439
2025-03-18 15:00:00,44.1317782
2025-03-18 15:30:00,45.64733784
2025-03-18 16:00:00,43.61067137
2025-03-18 16:30:00,43.59591314
2025-03-18 17:00:00,44.14495957
2025-03-18 17:30:00,42.27679458
2025-03-18 18:00:00,42.01840781
2025-03-18 18:30:00,41.03039469
2025-03-18 19:00:00,39.58989042
2025-03-18 19:30:00,37.55532191
2025-03-18 20:00:00,35.73937853
2025-03-18 20:30:00,33.84729775
2025-03-18 21:00:00,32.05128567
2025-03-18 21:30:00,31.40269823
2025-03-18 22:00:00,30.53832781
2025-03-18 22:30:00,28.70846269
2025-03-18 23:00:00,27.3775343
2025-03-18 23:30:00,26.45869273
2025-03-19 00:00:00,25.89971121
2025-03-19 00:30:00,25.79340784
2025-03-19 01:00:00,25.48242305
2025-03-19 01:30:00,25.27066926
2025-03-19 02:00:00,25.30322686
2025-03-19 02:30:00,25.84644589
2025-03-19 03:00:00,26.01641502
2025-03-19 03:30:00,26.97650948
2025-03-19 04:00:00,28.03181961
2025-03-19 04:30:00,30.56608287
2025-03-19 05:00:00,33.39644116
2025-03-19 05:30:00,37.60427129
2025-03-19 06:00:00,40.24793694
2025-03-19 06:30:00,43.71623916
2025-03-19 07:00:00,43.58843545
2025-03-19 07:30:00,42.19824826
2025-03-19 08:00:00,39.71115405
2025-03-19 08:30:00,38.31702607
2025-03-19 09:00:00,37.9118466
2025-03-19 09:30:00,38.06609614
2025-03-19 10:00:00,37.93312767
2025-03-19 10:30:00,37.88565207
2025-03-19 11:00:00,39.55928185
2025-03-19 11:30:00,42.99233743
2025-03-19 12:00:00,42.73215542
2025-03-19 12:30:00,39.32906111
2025-03-19 13:00:00,41.37584463
2025-03-19 13:30:00,42.36050343
2025-03-19 14:00:00,43.28605748
2025-03-19 14:30:00,45.35918975
2025-03-19 15:00:00,50.32331927
2025-03-19 15:30:00,50.51677187
2025-03-19 16:00:00,50.58495508
2025-03-19 16:30:00,48.17306577
2025-03-19 17:00:00,48.47838111
2025-03-19 17:30:00,46.04425944
2025-03-19 18:00:00,44.98147117
2025-03-19 18:30:00,43.53857626
2025-03-19 19:00:00,41.53423837
2025-03-19 19:30:00,39.73673617
2025-03-19 20:00:00,38.01047177
2025-03-19 20:30:00,35.99790993
2025-03-19 21:00:00,34.2026381
2025-03-19 21:30:00,33.19187407
2025-03-19 22:00:00,31.80968703
2025-03-19 22:30:00,29.77837925
2025-03-19 23:00:00,28.30566436
2025-03-19 23:30:00,27.31146082
2025-03-20 00:00:00,26.55969152
2025-03-20 00:30:00,26.13877252
2025-03-20 01:00:00,25.84859135
2025-03-20 01:30:00,25.91300264
2025-03-20 02:00:00,25.78089264
2025-03-20 02:30:00,26.57668157
2025-03-20 03:00:00,26.57202736
2025-03-20 03:30:00,27.66423269
2025-03-20 04:00:00,28.50938857
2025-03-20 04:30:00,30.9198796
2025-03-20 05:00:00,33.85114827
2025-03-20 05:30:00,38.20742605
2025-03-20 06:00:00,40.67698822
2025-03-20 06:30:00,42.03197624
2025-03-20 07:00:00,42.79666319
2025-03-20 07:30:00,44.04046139
2025-03-20 08:00:00,43.81561687
2025-03-20 08:30:00,39.99594318
2025-03-20 09:00:00,43.47858796
2025-03-20 09:30:00,42.31519959
2025-03-20 10:00:00,39.24815565
2025-03-20 10:30:00,40.2927768
2025-03-20 11:00:00,48.52452166
2025-03-20 11:30:00,42.76473166
2025-03-20 12:00:00,40.19886257
2025-03-20 12:30:00,43.51316802
2025-03-20 13:00:00,51.27352522
2025-03-20 13:30:00,50.44766877
2025-03-20 14:00:00,49.32599634
2025-03-20 14:30:00,50.43333649
2025-03-20 15:00:00,51.77272117
2025-03-20 15:30:00,52.09064422
2025-03-20 16:00:00,51.87929333
2025-03-20 16:30:00,49.54004105
2025-03-20 17:00:00,48.47498591
2025-03-20 17:30:00,46.45578123
2025-03-20 18:00:00,45.9952161
2025-03-20 18:30:00,44.628881
2025-03-20 19:00:00,43.02046435
2025-03-20 19:30:00,41.1165669
2025-03-20 20:00:00,39.08049431
2025-03-20 20:30:00,37.17311573
2025-03-20 21:00:00,35.0725376
2025-03-20 21:30:00,34.10798125
2025-03-20 22:00:00,32.70256449
2025-03-20 22:30:00,30.80491322
2025-03-20 23:00:00,29.17634197
2025-03-20 23:30:00,28.29933029
2025-03-21 00:00:00,27.78265361
2025-03-21 00:30:00,27.18196262
2025-03-21 01:00:00,26.6548945
2025-03-21 01:30:00,26.47878031
2025-03-21 02:00:00,26.50567058
2025-03-21 02:30:00,27.16628369
2025-03-21 03:00:00,27.59194778
2025-03-21 03:30:00,28.57940097
2025-03-21 04:00:00,29.7913281
2025-03-21 04:30:00,32.13350133
2025-03-21 05:00:00,35.06179176
2025-03-21 05:30:00,40.59833055
2025-03-21 06:00:00,43.92789118
2025-03-21 06:30:00,45.99311141
2025-03-21 07:00:00,45.68109294
2025-03-21 07:30:00,45.58603523
2025-03-21 08:00:00,46.69395552
2025-03-21 08:30:00,48.57832152
2025-03-21 09:00:00,46.4572113
2025-03-21 09:30:00,47.52730719
2025-03-21 10:00:00,43.27333829
2025-03-21 10:30:00,44.8080821
2025-03-21 11:00:00,42.86948956
2025-03-21 11:30:00,43.53218608
2025-03-21 12:00:00,47.3399261
2025-03-21 12:30:00,47.81565018
2025-03-21 13:00:00,43.39186594
2025-03-21 13:30:00,39.58446069
2025-03-21 14:00:00,46.05875902
2025-03-21 14:30:00,47.0015496
2025-03-21 15:00:00,49.50464747
2025-03-21 15:30:00,50.07219977
2025-03-21 16:00:00,49.56711675
2025-03-21 16:30:00,46.62772578
2025-03-21 17:00:00,47.67710267
2025-03-21 17:30:00,46.28869135
2025-03-21 18:00:00,45.71205908
2025-03-21 18:30:00,44.17025857
2025-03-21 19:00:00,42.49945338
2025-03-21 19:30:00,39.77475094
2025-03-21 20:00:00,37.83919173
2025-03-21 20:30:00,35.54775444
2025-03-21 21:00:00,33.87431535
2025-03-21 21:30:00,33.28826405
2025-03-21 22:00:00,31.86362141
2025-03-21 22:30:00,29.96758108
2025-03-21 23:00:00,28.41033222
2025-03-21 23:30:00,27.75683951
2025-03-22 00:00:00,27.00208764
2025-03-22 00:30:00,26.6587848
2025-03-22 01:00:00,26.17308092
2025-03-22 01:30:00,26.03903859
2025-03-22 02:00:00,25.89377758
2025-03-22 02:30:00,25.88076464
2025-03-22 03:00:00,25.76084419
2025-03-22 03:30:00,26.14621612
2025-03-22 04:00:00,26.63832545
2025-03-22 04:30:00,27.38184268
2025-03-22 05:00:00,28.38633442
2025-03-22 05:30:00,29.42406741
2025-03-22 06:00:00,30.86800692
2025-03-22 06:30:00,31.66739122
2025-03-22 07:00:00,32.85525077
2025-03-22 07:30:00,32.28210382
2025-03-22 08:00:00,31.96181232
2025-03-22 08:30:00,31.59570433
2025-03-22 09:00:00,31.24593649
2025-03-22 09:30:00,31.81749317
2025-03-22 10:00:00,30.51623189
2025-03-22 10:30:00,27.12059457
2025-03-22 11:00:00,25.96448426
2025-03-22 11:30:00,26.58285186
2025-03-22 12:00:00,26.67833524
2025-03-22 12:30:00,27.07128142
2025-03-22 13:00:00,28.10609763
2025-03-22 13:30:00,29.28053652
2025-03-22 14:00:00,30.5312487
2025-03-22 14:30:00,32.72524397
2025-03-22 15:00:00,35.96005206
2025-03-22 15:30:00,37.84368331
2025-03-22 16:00:00,40.40057186
2025-03-22 16:30:00,41.236899
2025-03-22 17:00:00,41.77111443
2025-03-22 17:30:00,41.38330078
2025-03-22 18:00:00,40.98398371
2025-03-22 18:30:00,39.62743643
2025-03-22 19:00:00,38.36488356
2025-03-22 19:30:00,37.1885594
2025-03-22 20:00:00,35.84348267
2025-03-22 20:30:00,34.46606271
2025-03-22 21:00:00,33.0140997
2025-03-22 21:30:00,32.82057887
2025-03-22 22:00:00,31.59181051
2025-03-22 22:30:00,29.88297495
2025-03-22 23:00:00,28.58330423
2025-03-22 23:30:00,27.82299748
2025-03-23 00:00:00,27.11756064
2025-03-23 00:30:00,26.71540262
2025-03-23 01:00:00,26.44092536
2025-03-23 01:30:00,26.06310302
2025-03-23 02:00:00,25.73876523
2025-03-23 02:30:00,25.9463528
2025-03-23 03:00:00,25.74789806
2025-03-23 03:30:00,26.01670383
2025-03-23 04:00:00,26.40580666
2025-03-23 04:30:00,27.21906877
2025-03-23 05:00:00,27.81793844
2025-03-23 05:30:00,28.59637303
2025-03-23 06:00:00,29.16362398
2025-03-23 06:30:00,29.72064398
2025-03-23 07:00:00,30.65342524
2025-03-23 07:30:00,33.28185228
2025-03-23 08:00:00,34.76215603
2025-03-23 08:30:00,34.97175038
2025-03-23 09:00:00,34.08424208
2025-03-23 09:30:00,34.2915182
2025-03-23 10:00:00,31.82378326
2025-03-23 10:30:00,31.02914633
2025-03-23 11:00:00,32.20086332
2025-03-23 11:30:00,33.99594461
2025-03-23 12:00:00,32.99871921
2025-03-23 12:30:00,30.54424951
2025-03-23 13:00:00,28.1913969
2025-03-23 13:30:00,29.60034793
2025-03-23 14:00:00,29.90975971
2025-03-23 14:30:00,31.39669958
2025-03-23 15:00:00,33.90870022
2025-03-23 15:30:00,37.03095596
2025-03-23 16:00:00,39.46470208
2025-03-23 16:30:00,41.25986203
2025-03-23 17:00:00,41.93634786
2025-03-23 17:30:00,41.97616722
2025-03-23 18:00:00,41.23460803
2025-03-23 18:30:00,40.08513336
2025-03-23 19:00:00,39.0516478
2025-03-23 19:30:00,37.39271483
2025-03-23 20:00:00,35.45807579
2025-03-23 20:30:00,33.7268294
2025-03-23 21:00:00,32.13081678
2025-03-23 21:30:00,31.78264551
2025-03-23 22:00:00,30.66753872
2025-03-23 22:30:00,29.05841501
2025-03-23 23:00:00,27.79640102
2025-03-23 23:30:00,26.95438107
2025-03-24 00:00:00,26.40637021
2025-03-24 00:30:00,26.02383562
2025-03-24 01:00:00,25.62616361
2025-03-24 01:30:00,25.50506799
2025-03-24 02:00:00,25.70738155
2025-03-24 02:30:00,26.74125669
2025-03-24 03:00:00,27.16047006
2025-03-24 03:30:00,28.41563522
2025-03-24 04:00:00,29.14197019
2025-03-24 04:30:00,31.8909431
2025-03-24 05:00:00,35.34809269
2025-03-24 05:30:00,39.84795358
2025-03-24 06:00:00,42.0430926
2025-03-24 06:30:00,43.44569153
2025-03-24 07:00:00,42.77172403
2025-03-24 07:30:00,42.26814899
2025-03-24 08:00:00,40.90558747
2025-03-24 08:30:00,39.86178744
2025-03-24 09:00:00,38.76787694
2025-03-24 09:30:00,39.16209586
2025-03-24 10:00:00,39.46874757
2025-03-24 10:30:00,39.15919389
2025-03-24 11:00:00,39.36256124
2025-03-24 11:30:00,40.46194808
2025-03-24 12:00:00,41.11678963
2025-03-24 12:30:00,41.81527908
2025-03-24 13:00:00,41.91853892
2025-03-24 13:30:00,43.21792636
2025-03-24 14:00:00,45.09997986
2025-03-24 14:30:00,47.66977551
2025-03-24 15:00:00,50.94386532
2025-03-24 15:30:00,52.39616187
2025-03-24 16:00:00,53.37521518
2025-03-24 16:30:00,51.73436
2025-03-24 17:00:00,51.42871756
2025-03-24 17:30:00,47.91616416
2025-03-24 18:00:00,46.78009996
2025-03-24 18:30:00,44.8369557
2025-03-24 19:00:00,42.75507885
2025-03-24 19:30:00,40.16672993
2025-03-24 20:00:00,38.16236303
2025-03-24 20:30:00,35.95679028
2025-03-24 21:00:00,33.72348497
2025-03-24 21:30:00,32.97847722
2025-03-24 22:00:00,31.55035885
2025-03-24 22:30:00,29.81307688
2025-03-24 23:00:00,28.43189409
2025-03-24 23:30:00,27.66474882
2025-03-25 00:00:00,27.02255049
2025-03-25 00:30:00,26.40386112
2025-03-25 01:00:00,26.18509236
2025-03-25 01:30:00,26.11500809
2025-03-25 02:00:00,26.1686437
2025-03-25 02:30:00,26.90167036
2025-03-25 03:00:00,27.15859348
2025-03-25 03:30:00,28.06333521
2025-03-25 04:00:00,29.06065926
2025-03-25 04:30:00,31.71512011
2025-03-25 05:00:00,34.68921097
2025-03-25 05:30:00,39.42408717
2025-03-25 06:00:00,42.08779164
2025-03-25 06:30:00,44.12497666
2025-03-25 07:00:00,43.74851021
2025-03-25 07:30:00,43.39756433
2025-03-25 08:00:00,41.02751831
2025-03-25 08:30:00,40.87455169
2025-03-25 09:00:00,40.54915283
2025-03-25 09:30:00,44.02000585
2025-03-25 10:00:00,44.72448805
2025-03-25 10:30:00,42.83839807
2025-03-25 11:00:00,41.79060628
2025-03-25 11:30:00,40.62104349
2025-03-25 12:00:00,39.01878934
2025-03-25 12:30:00,40.78704634
2025-03-25 13:00:00,40.81664434
2025-03-25 13:30:00,42.15658852
2025-03-25 14:00:00,43.28732366
2025-03-25 14:30:00,45.93358417
2025-03-25 15:00:00,49.66352804
2025-03-25 15:30:00,51.34478383
2025-03-25 16:00:00,51.40614759
2025-03-25 16:30:00,48.99839944
2025-03-25 17:00:00,49.05369733
2025-03-25 17:30:00,46.10980037
2025-03-25 18:00:00,45.00446231
2025-03-25 18:30:00,43.45893735
2025-03-25 19:00:00,41.86038022
2025-03-25 19:30:00,40.19098855
2025-03-25 20:00:00,38.10382229
2025-03-25 20:30:00,35.7797884
2025-03-25 21:00:00,33.73364635
2025-03-25 21:30:00,32.96087962
2025-03-25 22:00:00,31.69056819
2025-03-25 22:30:00,29.86831446
2025-03-25 23:00:00,28.31394131
2025-03-25 23:30:00,27.43723496
2025-03-26 00:00:00,26.75096201
2025-03-26 00:30:00,26.52817414
2025-03-26 01:00:00,25.95906394
2025-03-26 01:30:00,25.80328056
2025-03-26 02:00:00,25.81336311
2025-03-26 02:30:00,26.5370672
2025-03-26 03:00:00,26.73267192
2025-03-26 03:30:00,27.63169201
2025-03-26 04:00:00,28.69076383
2025-03-26 04:30:00,31.27810642
2025-03-26 05:00:00,34.94244881
2025-03-26 05:30:00,40.01011667
2025-03-26 06:00:00,42.15324719
2025-03-26 06:30:00,44.238642
2025-03-26 07:00:00,44.45205611
2025-03-26 07:30:00,43.98431465
2025-03-26 08:00:00,42.33835148
2025-03-26 08:30:00,39.26530485
2025-03-26 09:00:00,38.52078773
2025-03-26 09:30:00,38.67133547
2025-03-26 10:00:00,38.48798483
2025-03-26 10:30:00,38.80168958
2025-03-26 11:00:00,39.82131741
2025-03-26 11:30:00,41.48419145
2025-03-26 12:00:00,42.53173838
2025-03-26 12:30:00,45.85199213
2025-03-26 13:00:00,50.16117505
2025-03-26 13:30:00,
2025-03-26 14:00:00,46.37031972
2025-03-26 14:30:00,
2025-03-26 15:00:00,50.13261022
2025-03-26 15:30:00,52.33135645
2025-03-26 16:00:00,53.30997406
2025-03-26 16:30:00,50.87120849
2025-03-26 17:00:00,49.66549994
2025-03-26 17:30:00,46.54927102
2025-03-26 18:00:00,46.04589179
2025-03-26 18:30:00,44.64267249
2025-03-26 19:00:00,42.85276246
2025-03-26 19:30:00,40.67328352
2025-03-26 20:00:00,38.6607515
2025-03-26 20:30:00,36.43207392
2025-03-26 21:00:00,34.53199476
2025-03-26 21:30:00,33.43760089
2025-03-26 22:00:00,32.06484432
2025-03-26 22:30:00,30.05239026
2025-03-26 23:00:00,28.45421148
2025-03-26 23:30:00,27.7033842
2025-03-27 00:00:00,26.84736793
2025-03-27 00:30:00,26.3419221
2025-03-27 01:00:00,26.14103414
2025-03-27 01:30:00,25.82889567
2025-03-27 02:00:00,25.78820042
2025-03-27 02:30:00,26.63905176
2025-03-27 03:00:00,26.77619969
2025-03-27 03:30:00,27.71517764
2025-03-27 04:00:00,28.59170189
2025-03-27 04:30:00,31.00283526
2025-03-27 05:00:00,33.86332314
2025-03-27 05:30:00,38.39074667
2025-03-27 06:00:00,41.04427006
2025-03-27 06:30:00,41.98556927
2025-03-27 07:00:00,41.25136008
2025-03-27 07:30:00,40.91606648
2025-03-27 08:00:00,41.58931828
2025-03-27 08:30:00,40.70513796
2025-03-27 09:00:00,37.93353471
2025-03-27 09:30:00,37.85912203
2025-03-27 10:00:00,37.35887979
2025-03-27 10:30:00,37.33137525
2025-03-27 11:00:00,37.69589209
2025-03-27 11:30:00,39.1881928
2025-03-27 12:00:00,40.52112591
2025-03-27 12:30:00,40.87438448
2025-03-27 13:00:00,42.05785626
2025-03-27 13:30:00,41.5192192
2025-03-27 14:00:00,42.92914822
2025-03-27 14:30:00,44.53864839
2025-03-27 15:00:00,47.02282429
2025-03-27 15:30:00,48.7780245
2025-03-27 16:00:00,49.47828529
2025-03-27 16:30:00,47.4500128
2025-03-27 17:00:00,47.06052907
2025-03-27 17:30:00,44.20061474
2025-03-27 18:00:00,43.44378646
2025-03-27 18:30:00,41.95784469
2025-03-27 19:00:00,40.54870605
2025-03-27 19:30:00,38.80147067
2025-03-27 20:00:00,36.69971994
2025-03-27 20:30:00,34.51728872
2025-03-27 21:00:00,32.93807996
2025-03-27 21:30:00,32.47362663
2025-03-27 22:00:00,31.13714452
2025-03-27 22:30:00,29.42624704
2025-03-27 23:00:00,28.13789384
2025-03-27 23:30:00,27.26317991
2025-03-28 00:00:00,26.58827215
2025-03-28 00:30:00,26.28654758
2025-03-28 01:00:00,25.95400383
2025-03-28 01:30:00,25.63322109
2025-03-28 02:00:00,25.67224416
2025-03-28 02:30:00,26.4652286
2025-03-28 03:00:00,26.6253646
2025-03-28 03:30:00,27.58154062
2025-03-28 04:00:00,28.53842851
2025-03-28 04:30:00,30.65657267
2025-03-28 05:00:00,34.97577931
2025-03-28 05:30:00,40.08903457
2025-03-28 06:00:00,42.86342706
2025-03-28 06:30:00,44.67694881
2025-03-28 07:00:00,44.08660793
2025-03-28 07:30:00,45.01314058
2025-03-28 08:00:00,43.53184556
2025-03-28 08:30:00,43.66109666
2025-03-28 09:00:00,45.69741445
2025-03-28 09:30:00,45.81847398
2025-03-28 10:00:00,45.79366912
2025-03-28 10:30:00,44.42941417
2025-03-28 11:00:00,42.36226732
2025-03-28 11:30:00,46.56971033
2025-03-28 12:00:00,45.49649272
2025-03-28 12:30:00,43.60727616
2025-03-28 13:00:00,44.43827466
2025-03-28 13:30:00,46.3076561
2025-03-28 14:00:00,45.34407652
2025-03-28 14:30:00,46.65820872
2025-03-28 15:00:00,46.32781827
2025-03-28 15:30:00,46.6430911
2025-03-28 16:00:00,46.5364249
2025-03-28 16:30:00,44.9721317
2025-03-28 17:00:00,45.00808086
2025-03-28 17:30:00,43.67479628
2025-03-28 18:00:00,42.6859434
2025-03-28 18:30:00,41.64790692
2025-03-28 19:00:00,40.19507106
2025-03-28 19:30:00,38.08637937
2025-03-28 20:00:00,35.9137443
2025-03-28 20:30:00,34.33642847
2025-03-28 21:00:00,32.73516881
2025-03-28 21:30:00,32.23104073
2025-03-28 22:00:00,31.37890266
2025-03-28 22:30:00,29.52603348
2025-03-28 23:00:00,28.24168029
2025-03-28 23:30:00,27.31460827
2025-03-29 00:00:00,26.81363365
2025-03-29 00:30:00,26.26955883
2025-03-29 01:00:00,25.8575252
2025-03-29 01:30:00,25.55058358
2025-03-29 02:00:00,25.4885984
2025-03-29 02:30:00,25.51796229
2025-03-29 03:00:00,25.57035373
2025-03-29 03:30:00,25.91567955
2025-03-29 04:00:00,26.29945814
2025-03-29 04:30:00,27.05038871
2025-03-29 05:00:00,28.14251782
2025-03-29 05:30:00,29.6416567
2025-03-29 06:00:00,30.75318403
2025-03-29 06:30:00,32.86378824
2025-03-29 07:00:00,34.90097269
2025-03-29 07:30:00,36.42538744
2025-03-29 08:00:00,37.27215208
2025-03-29 08:30:00,36.95085984
2025-03-29 09:00:00,37.45425027
2025-03-29 09:30:00,38.48531121
2025-03-29 10:00:00,37.51031311
2025-03-29 10:30:00,38.25901818
2025-03-29 11:00:00,36.76106823
2025-03-29 11:30:00,38.78806147
2025-03-29 12:00:00,35.68321867
2025-03-29 12:30:00,34.01876805
2025-03-29 13:00:00,34.74602456
2025-03-29 13:30:00,33.58218636
2025-03-29 14:00:00,35.06239235
2025-03-29 14:30:00,36.13246868
2025-03-29 15:00:00,37.95746447
2025-03-29 15:30:00,38.46083354
2025-03-29 16:00:00,38.4987972
2025-03-29 16:30:00,39.0507233
2025-03-29 17:00:00,39.85736979
2025-03-29 17:30:00,39.83469132
2025-03-29 18:00:00,39.317032
2025-03-29 18:30:00,38.15638849
2025-03-29 19:00:00,37.17641722
2025-03-29 19:30:00,36.14568759
2025-03-29 20:00:00,34.98046902
2025-03-29 20:30:00,34.00027563
2025-03-29 21:00:00,32.48219901
2025-03-29 21:30:00,32.36675556
2025-03-29 22:00:00,31.31481559
2025-03-29 22:30:00,29.49735524
2025-03-29 23:00:00,28.28863655
2025-03-29 23:30:00,27.36017796
2025-03-30 00:00:00,26.68846307
2025-03-30 00:30:00,26.16830661
2025-03-30 01:00:00,25.67271087
2025-03-30 01:30:00,25.43086968
2025-03-30 02:00:00,25.19800095
2025-03-30 02:30:00,25.31025165
2025-03-30 03:00:00,25.20809085
2025-03-30 03:30:00,25.36161641
2025-03-30 04:00:00,25.73347624
2025-03-30 04:30:00,26.43641973
2025-03-30 05:00:00,27.38231853
2025-03-30 05:30:00,28.41153054
2025-03-30 06:00:00,29.27106996
2025-03-30 06:30:00,29.75797271
2025-03-30 07:00:00,31.04625647
2025-03-30 07:30:00,30.91036873
2025-03-30 08:00:00,28.8950939
2025-03-30 08:30:00,30.69305571
2025-03-30 09:00:00,30.0658024
2025-03-30 09:30:00,30.64376699
2025-03-30 10:00:00,29.42121276
2025-03-30 10:30:00,32.19511313
2025-03-30 11:00:00,34.1881622
2025-03-30 11:30:00,36.27885092
2025-03-30 12:00:00,33.13427472
2025-03-30 12:30:00,32.78585151
2025-03-30 13:00:00,30.49360139
2025-03-30 13:30:00,32.20212273
2025-03-30 14:00:00,32.26225584
2025-03-30 14:30:00,33.94365464
2025-03-30 15:00:00,35.13081174
2025-03-30 15:30:00,36.17468769
2025-03-30 16:00:00,38.43216201
2025-03-30 16:30:00,38.44408855
2025-03-30 17:00:00,39.32869669
2025-03-30 17:30:00,39.58149714
2025-03-30 18:00:00,38.98947857
2025-03-30 18:30:00,38.21475061
2025-03-30 19:00:00,36.83683989
2025-03-30 19:30:00,35.53605849
2025-03-30 20:00:00,34.10280272
2025-03-30 20:30:00,32.42341357
2025-03-30 21:00:00,30.78181094
2025-03-30 21:30:00,30.50455086
2025-03-30 22:00:00,29.64569859
2025-03-30 22:30:00,28.16205357
2025-03-30 23:00:00,26.85482184
2025-03-30 23:30:00,25.99894715
2025-03-31 00:00:00,25.50921123
2025-03-31 00:30:00,25.30990112
2025-03-31 01:00:00,24.95698588
2025-03-31 01:30:00,24.88893095
2025-03-31 02:00:00,24.98846229
2025-03-31 02:30:00,25.59735915
2025-03-31 03:00:00,25.82750788
2025-03-31 03:30:00,26.71205693
2025-03-31 04:00:00,27.83264549
2025-03-31 04:30:00,30.25033519
2025-03-31 05:00:00,33.14977084
2025-03-31 05:30:00,37.59339215
2025-03-31 06:00:00,39.58222235
2025-03-31 06:30:00,41.12851135
2025-03-31 07:00:00,40.38954337
2025-03-31 07:30:00,38.93729506
2025-03-31 08:00:00,36.68733498
2025-03-31 08:30:00,35.30504008
2025-03-31 09:00:00,34.21721314
2025-03-31 09:30:00,34.11664427
2025-03-31 10:00:00,32.44242352
2025-03-31 10:30:00,31.6577452
2025-03-31 11:00:00,32.0900093
2025-03-31 11:30:00,30.50580961
2025-03-31 12:00:00,33.68234332
2025-03-31 12:30:00,32.75328213
2025-03-31 13:00:00,35.44742514
2025-03-31 13:30:00,36.98233378
2025-03-31 14:00:00,35.0004271
2025-03-31 14:30:00,36.69403733
2025-03-31 15:00:00,38.05938289
2025-03-31 15:30:00,41.12892945
2025-03-31 16:00:00,42.01688349
2025-03-31 16:30:00,41.71349613
2025-03-31 17:00:00,42.44503436
2025-03-31 17:30:00,41.44813557
2025-03-31 18:00:00,41.06331841
2025-03-31 18:30:00,39.72410708
2025-03-31 19:00:00,38.10863795
2025-03-31 19:30:00,36.43384437
2025-03-31 20:00:00,35.09177274
2025-03-31 20:30:00,33.11708562
2025-03-31 21:00:00,31.15666602
2025-03-31 21:30:00,30.8996952
2025-03-31 22:00:00,29.70555776
2025-03-31 22:30:00,28.14156822
2025-03-31 23:00:00,26.72620032
2025-03-31 23:30:00,26.01164762
2025-04-01 00:00:00,25.6320913
2025-04-01 00:30:00,25.21484455
2025-04-01 01:00:00,24.86641441
2025-04-01 01:30:00,24.87718647
2025-04-01 02:00:00,24.79639101
2025-04-01 02:30:00,25.35580559
2025-04-01 03:00:00,25.68337711
2025-04-01 03:30:00,26.58355391
2025-04-01 04:00:00,27.62295155
2025-04-01 04:30:00,30.22461788
2025-04-01 05:00:00,33.19040583
2025-04-01 05:30:00,37.6192898
2025-04-01 06:00:00,40.63299215
2025-04-01 06:30:00,42.53122861
2025-04-01 07:00:00,40.25800689
2025-04-01 07:30:00,39.63431481
2025-04-01 08:00:00,37.81920806
2025-04-01 08:30:00,36.01781591
2025-04-01 09:00:00,34.09958959
2025-04-01 09:30:00,33.70179837
2025-04-01 10:00:00,32.18167854
2025-04-01 10:30:00,32.04354466
2025-04-01 11:00:00,33.25009177
2025-04-01 11:30:00,33.62745989
2025-04-01 12:00:00,32.56117458
2025-04-01 12:30:00,31.8950397
2025-04-01 13:00:00,32.18518209
2025-04-01 13:30:00,32.74630079
2025-04-01 14:00:00,32.81812208
2025-04-01 14:30:00,34.77992211
2025-04-01 15:00:00,37.47340154
2025-04-01 15:30:00,40.48601628
2025-04-01 16:00:00,42.55349858
2025-04-01 16:30:00,42.15971362
2025-04-01 17:00:00,43.33858786
2025-04-01 17:30:00,42.4482222
2025-04-01 18:00:00,41.84170585
2025-04-01 18:30:00,40.48068898
2025-04-01 19:00:00,38.86860675
2025-04-01 19:30:00,37.03124214
2025-04-01 20:00:00,35.08306595
2025-04-01 20:30:00,33.10188292
2025-04-01 21:00:00,31.33409275
2025-04-01 21:30:00,30.89598457
2025-04-01 22:00:00,29.84467862
2025-04-01 22:30:00,28.25183211
2025-04-01 23:00:00,26.89387014
2025-04-01 23:30:00,26.09918829
2025-04-02 00:00:00,25.55894721
2025-04-02 00:30:00,25.27505339
2025-04-02 01:00:00,25.09329926
2025-04-02 01:30:00,24.94116143
2025-04-02 02:00:00,24.94118512
2025-04-02 02:30:00,25.52727165
2025-04-02 03:00:00,25.8142041
2025-04-02 03:30:00,26.86429323
2025-04-02 04:00:00,28.01157382
2025-04-02 04:30:00,30.77097981
2025-04-02 05:00:00,33.72921056
2025-04-02 05:30:00,38.59359304
2025-04-02 06:00:00,42.80461792
2025-04-02 06:30:00,45.0483763
2025-04-02 07:00:00,42.63688651
2025-04-02 07:30:00,40.22246722
2025-04-02 08:00:00,38.07120322
2025-04-02 08:30:00,36.07671703
2025-04-02 09:00:00,34.31835304
2025-04-02 09:30:00,33.77367133
2025-04-02 10:00:00,33.03277515
2025-04-02 10:30:00,31.64203215
2025-04-02 11:00:00,31.00642116
2025-04-02 11:30:00,31.72926439
2025-04-02 12:00:00,31.60242475
2025-04-02 12:30:00,32.11337427
2025-04-02 13:00:00,32.90079649
2025-04-02 13:30:00,34.23000133
2025-04-02 14:00:00,34.32374912
2025-04-02 14:30:00,36.26086791
2025-04-02 15:00:00,39.06742612
2025-04-02 15:30:00,42.38102132
2025-04-02 16:00:00,44.00237918
2025-04-02 16:30:00,42.90281379
2025-04-02 17:00:00,43.12553938
2025-04-02 17:30:00,42.0990245
2025-04-02 18:00:00,42.00097155
2025-04-02 18:30:00,40.49157799
2025-04-02 19:00:00,38.79752097
2025-04-02 19:30:00,36.69723004
2025-04-02 20:00:00,35.13152546
2025-04-02 20:30:00,33.10392363
2025-04-02 21:00:00,31.26252755
2025-04-02 21:30:00,30.63897156
2025-04-02 22:00:00,29.72752488
2025-04-02 22:30:00,28.27178321
2025-04-02 23:00:00,26.83285764
2025-04-02 23:30:00,26.19119113
2025-04-03 00:00:00,25.66890332
2025-04-03 00:30:00,25.30430481
2025-04-03 01:00:00,25.04703156
2025-04-03 01:30:00,24.97464277
2025-04-03 02:00:00,25.01273128
2025-04-03 02:30:00,25.5787958
2025-04-03 03:00:00,25.7989685
2025-04-03 03:30:00,26.68147688
2025-04-03 04:00:00,27.7732288
2025-04-03 04:30:00,30.29846589
2025-04-03 05:00:00,33.85511225
2025-04-03 05:30:00,38.82409415
2025-04-03 06:00:00,42.61891982
2025-04-03 06:30:00,44.56433159
2025-04-03 07:00:00,42.6320971
2025-04-03 07:30:00,40.8727298
2025-04-03 08:00:00,38.58386976
2025-04-03 08:30:00,36.83339387
2025-04-03 09:00:00,35.44728372
2025-04-03 09:30:00,34.81968481
2025-04-03 10:00:00,33.8031791
2025-04-03 10:30:00,32.98950351
2025-04-03 11:00:00,32.13896743
2025-04-03 11:30:00,33.31776003
2025-04-03 12:00:00,34.29596231
2025-04-03 12:30:00,38.90360209
2025-04-03 13:00:00,39.03532847
2025-04-03 13:30:00,37.78333669
2025-04-03 14:00:00,41.15839947
2025-04-03 14:30:00,38.08748148
2025-04-03 15:00:00,39.9176624
2025-04-03 15:30:00,41.3665198
2025-04-03 16:00:00,42.90962468
2025-04-03 16:30:00,42.54083615
2025-04-03 17:00:00,42.83930097
2025-04-03 17:30:00,41.8565621
2025-04-03 18:00:00,41.44570374
2025-04-03 18:30:00,40.25835072
2025-04-03 19:00:00,38.77437447
2025-04-03 19:30:00,36.90115578
2025-04-03 20:00:00,35.24044351
2025-04-03 20:30:00,33.71567418
2025-04-03 21:00:00,32.07141463
2025-04-03 21:30:00,31.70478053
2025-04-03 22:00:00,30.47763018
2025-04-03 22:30:00,28.81507929
2025-04-03 23:00:00,27.31363466
2025-04-03 23:30:00,26.40130308
2025-04-04 00:00:00,25.953667
2025-04-04 00:30:00,25.58201321
2025-04-04 01:00:00,25.31078906
2025-04-04 01:30:00,25.18304984
2025-04-04 02:00:00,25.21162065
2025-04-04 02:30:00,25.51163658
2025-04-04 03:00:00,25.88565843
2025-04-04 03:30:00,26.8951173
2025-04-04 04:00:00,27.90680565
2025-04-04 04:30:00,30.43355292
2025-04-04 05:00:00,33.55534997
2025-04-04 05:30:00,38.07061582
2025-04-04 06:00:00,40.34927141
2025-04-04 06:30:00,42.05459198
2025-04-04 07:00:00,41.35164504
2025-04-04 07:30:00,39.77300139
2025-04-04 08:00:00,37.81042733
2025-04-04 08:30:00,37.37496603
2025-04-04 09:00:00,35.34942871
2025-04-04 09:30:00,34.00428777
2025-04-04 10:00:00,32.92976551
2025-04-04 10:30:00,32.15175036
2025-04-04 11:00:00,30.419092
2025-04-04 11:30:00,30.37470312
2025-04-04 12:00:00,29.78000453
2025-04-04 12:30:00,30.89209005
2025-04-04 13:00:00,32.37825342
2025-04-04 13:30:00,32.11289144
2025-04-04 14:00:00,36.02536094
2025-04-04 14:30:00,35.90591301
2025-04-04 15:00:00,39.57160216
2025-04-04 15:30:00,40.44235852
2025-04-04 16:00:00,42.86238681
2025-04-04 16:30:00,42.36254066
2025-04-04 17:00:00,43.55977819
2025-04-04 17:30:00,42.21950465
2025-04-04 18:00:00,41.61230389
2025-04-04 18:30:00,40.35059039
2025-04-04 19:00:00,39.23495688
2025-04-04 19:30:00,37.33905213
2025-04-04 20:00:00,35.31055936
2025-04-04 20:30:00,33.60977893
2025-04-04 21:00:00,32.11770763
2025-04-04 21:30:00,31.85357217
2025-04-04 22:00:00,30.462872
2025-04-04 22:30:00,28.95133769
2025-04-04 23:00:00,27.80348026
2025-04-04 23:30:00,27.03599102
2025-04-05 00:00:00,26.36077284
2025-04-05 00:30:00,25.74968505
2025-04-05 01:00:00,25.33884834
2025-04-05 01:30:00,25.1400007
2025-04-05 02:00:00,24.98457742
2025-04-05 02:30:00,25.12635325
2025-04-05 03:00:00,25.13412229
2025-04-05 03:30:00,25.50439946
2025-04-05 04:00:00,25.84783576
2025-04-05 04:30:00,27.06704501
2025-04-05 05:00:00,28.1970701
2025-04-05 05:30:00,29.86528335
2025-04-05 06:00:00,31.04343784
2025-04-05 06:30:00,31.87936602
2025-04-05 07:00:00,31.36532574
2025-04-05 07:30:00,30.26903035
2025-04-05 08:00:00,28.73994107
2025-04-05 08:30:00,26.89210546
2025-04-05 09:00:00,25.55176089
2025-04-05 09:30:00,24.76569565
2025-04-05 10:00:00,23.49846733
2025-04-05 10:30:00,22.26992757
2025-04-05 11:00:00,21.63915957
2025-04-05 11:30:00,22.05776783
2025-04-05 12:00:00,21.83473063
2025-04-05 12:30:00,22.05220265
2025-04-05 13:00:00,22.48630401
2025-04-05 13:30:00,23.35569139
2025-04-05 14:00:00,25.16414482
2025-04-05 14:30:00,27.47524112
2025-04-05 15:00:00,30.40810734
2025-04-05 15:30:00,33.30496186
2025-04-05 16:00:00,35.90401553
2025-04-05 16:30:00,37.38027025
2025-04-05 17:00:00,38.36361417
2025-04-05 17:30:00,38.74518097
2025-04-05 18:00:00,38.39822165
2025-04-05 18:30:00,37.25097966
2025-04-05 19:00:00,36.4129568
2025-04-05 19:30:00,35.36925697
2025-04-05 20:00:00,34.19464116
2025-04-05 20:30:00,33.05563613
2025-04-05 21:00:00,31.91787972
2025-04-05 21:30:00,31.92669437
2025-04-05 22:00:00,31.04220149
2025-04-05 22:30:00,29.47549807
2025-04-05 23:00:00,28.11751885
2025-04-05 23:30:00,27.40051138
2025-04-06 00:00:00,26.64710791
2025-04-06 00:30:00,26.12783868
2025-04-06 01:00:00,25.93596161
2025-04-06 01:30:00,25.67934078
2025-04-06 03:00:00,25.49716546
2025-04-06 03:30:00,25.5487907
2025-04-06 04:00:00,25.49931853
2025-04-06 04:30:00,25.7068127
2025-04-06 05:00:00,25.87707471
2025-04-06 05:30:00,26.47398947
2025-04-06 06:00:00,27.29228734
2025-04-06 06:30:00,28.68124026
2025-04-06 07:00:00,29.40677719
2025-04-06 07:30:00,30.48000585
2025-04-06 08:00:00,29.74747661
2025-04-06 08:30:00,28.85032142
2025-04-06 09:00:00,28.12670701
2025-04-06 09:30:00,26.59033383
2025-04-06 10:00:00,26.17175937
2025-04-06 10:30:00,27.86379607
2025-04-06 11:00:00,30.53847478
2025-04-06 11:30:00,29.74418265
2025-04-06 12:00:00,29.1356379
2025-04-06 12:30:00,26.24439254
2025-04-06 13:00:00,25.9748572
2025-04-06 13:30:00,30.2921444
2025-04-06 14:00:00,27.51192086
2025-04-06 14:30:00,24.17464395
2025-04-06 15:00:00,26.20474107
2025-04-06 15:30:00,28.03243606
2025-04-06 16:00:00,33.34427676
2025-04-06 16:30:00,33.12256656
2025-04-06 17:00:00,36.0531659
2025-04-06 17:30:00,38.82015482
2025-04-06 18:00:00,40.92521852
2025-04-06 18:30:00,42.63390578
2025-04-06 19:00:00,43.10750128
2025-04-06 19:30:00,41.60197691
2025-04-06 20:00:00,40.264189
2025-04-06 20:30:00,39.31301491
2025-04-06 21:00:00,38.15054347
2025-04-06 21:30:00,36.52861908
2025-04-06 22:00:00,34.57848385
2025-04-06 22:30:00,34.1878568
2025-04-06 23:00:00,32.80835614
2025-04-06 23:30:00,30.97525716
2025-04-07 00:00:00,29.1739336
2025-04-07 00:30:00,27.93606375
2025-04-07 01:00:00,27.10383054
2025-04-07 01:30:00,26.53876997
2025-04-07 02:00:00,26.19346012
2025-04-07 02:30:00,26.02416009
2025-04-07 03:00:00,25.84590681
2025-04-07 03:30:00,25.94387813
2025-04-07 04:00:00,26.1012643
2025-04-07 04:30:00,26.85657479
2025-04-07 05:00:00,27.14082756
2025-04-07 05:30:00,28.40401351
2025-04-07 06:00:00,29.81178666
2025-04-07 06:30:00,33.02617165
2025-04-07 07:00:00,36.24064152
2025-04-07 07:30:00,39.92492137
2025-04-07 08:00:00,40.42326923
2025-04-07 08:30:00,39.19828487
2025-04-07 09:00:00,36.52557258
2025-04-07 09:30:00,34.98188648
2025-04-07 10:00:00,32.84790778
2025-04-07 10:30:00,31.9478486
2025-04-07 11:00:00,30.24828729
2025-04-07 11:30:00,29.00057229
2025-04-07 12:00:00,28.16314554
2025-04-07 12:30:00,28.80078181
2025-04-07 13:00:00,28.99528516
2025-04-07 13:30:00,29.15624763
2025-04-07 14:00:00,29.57822962
2025-04-07 14:30:00,30.99691164
2025-04-07 15:00:00,32.45168723
2025-04-07 15:30:00,34.09038185
2025-04-07 16:00:00,36.62650545
2025-04-07 16:30:00,39.24101521
2025-04-07 17:00:00,42.63563044
2025-04-07 17:30:00,44.38245864
2025-04-07 18:00:00,46.15900455
2025-04-07 18:30:00,46.60701666
2025-04-07 19:00:00,46.23134987
2025-04-07 19:30:00,43.63062388
2025-04-07 20:00:00,42.10708367
2025-04-07 20:30:00,40.59096565
2025-04-07 21:00:00,39.06601137
2025-04-07 21:30:00,37.22577406
2025-04-07 22:00:00,35.47029764
2025-04-07 22:30:00,34.66222501
2025-04-07 23:00:00,33.37013982
2025-04-07 23:30:00,31.20454748
2025-04-08 00:00:00,29.34241846
2025-04-08 00:30:00,27.9522425
2025-04-08 01:00:00,26.99344275
2025-04-08 01:30:00,26.50165773
2025-04-08 02:00:00,25.91380445
2025-04-08 02:30:00,25.75965439
2025-04-08 03:00:00,25.49802815
2025-04-08 03:30:00,25.42609008
2025-04-08 04:00:00,25.54671591
2025-04-08 04:30:00,26.13283928
2025-04-08 05:00:00,26.6065214
2025-04-08 05:30:00,27.65038431
2025-04-08 06:00:00,28.93913875
2025-04-08 06:30:00,31.89023444
2025-04-08 07:00:00,34.43415702
2025-04-08 07:30:00,38.7497405
2025-04-08 08:00:00,39.59295288
2025-04-08 08:30:00,38.8089009
2025-04-08 09:00:00,36.49764792
2025-04-08 09:30:00,35.28297275
2025-04-08 10:00:00,33.71991091
2025-04-08 10:30:00,33.17317325
2025-04-08 11:00:00,31.80318016
2025-04-08 11:30:00,30.54858799
2025-04-08 12:00:00,29.51014088
2025-04-08 12:30:00,29.76088063
2025-04-08 13:00:00,29.72855961
2025-04-08 13:30:00,30.17051358
2025-04-08 14:00:00,31.59795126
2025-04-08 14:30:00,32.46923363
2025-04-08 15:00:00,33.87107028
2025-04-08 15:30:00,35.65304601
2025-04-08 16:00:00,38.16160321
2025-04-08 16:30:00,40.95278746
2025-04-08 17:00:00,43.49554686
2025-04-08 17:30:00,44.97641879
2025-04-08 18:00:00,46.46906194
2025-04-08 18:30:00,46.22172187
2025-04-08 19:00:00,45.89340693
2025-04-08 19:30:00,43.07617729
2025-04-08 20:00:00,41.6104644
2025-04-08 20:30:00,40.08482751
2025-04-08 21:00:00,38.67008831
2025-04-08 21:30:00,36.77860572
2025-04-08 22:00:00,34.98045316
2025-04-08 22:30:00,34.30913948
2025-04-08 23:00:00,32.81168267
2025-04-08 23:30:00,30.92149526
2025-04-09 00:00:00,28.91188331
2025-04-09 00:30:00,27.45186977
2025-04-09 01:00:00,26.44411608
2025-04-09 01:30:00,26.01866302
2025-04-09 02:00:00,25.56111189
2025-04-09 02:30:00,25.2122677
2025-04-09 03:00:00,25.05837245
2025-04-09 03:30:00,25.09127642
2025-04-09 04:00:00,24.98823095
2025-04-09 04:30:00,25.62490112
2025-04-09 05:00:00,26.06599689
2025-04-09 05:30:00,26.98086464
2025-04-09 06:00:00,28.22384154
2025-04-09 06:30:00,30.84162693
2025-04-09 07:00:00,33.38312134
2025-04-09 07:30:00,37.25286051
2025-04-09 08:00:00,39.39986235
2025-04-09 08:30:00,38.66408812
2025-04-09 09:00:00,36.47013776
2025-04-09 09:30:00,35.06628797
2025-04-09 10:00:00,33.18202373
2025-04-09 10:30:00,33.03454521
2025-04-09 11:00:00,31.67942551
2025-04-09 11:30:00,30.96415158
2025-04-09 12:00:00,30.53269714
2025-04-09 12:30:00,31.64269575
2025-04-09 13:00:00,32.17657757
2025-04-09 13:30:00,33.78220408
2025-04-09 14:00:00,34.77874029
2025-04-09 14:30:00,35.30514913
2025-04-09 15:00:00,36.67036178
2025-04-09 15:30:00,37.81021125
2025-04-09 16:00:00,40.49099589
2025-04-09 16:30:00,42.83946243
2025-04-09 17:00:00,45.20951718
2025-04-09 17:30:00,46.66400141
2025-04-09 18:00:00,47.52568351
2025-04-09 18:30:00,46.57986003
2025-04-09 19:00:00,46.0096154
2025-04-09 19:30:00,42.84007381
2025-04-09 20:00:00,41.33314314
2025-04-09 20:30:00,40.08326676
2025-04-09 21:00:00,38.93131807
2025-04-09 21:30:00,37.03683648
2025-04-09 22:00:00,35.56332538
2025-04-09 22:30:00,34.63940057
2025-04-09 23:00:00,33.06987331
2025-04-09 23:30:00,31.22990173
2025-04-10 00:00:00,29.38220568
2025-04-10 00:30:00,27.75322389
2025-04-10 01:00:00,26.85891449
2025-04-10 01:30:00,26.24951523
2025-04-10 02:00:00,25.8052975
2025-04-10 02:30:00,25.63837637
2025-04-10 03:00:00,25.43767535
2025-04-10 03:30:00,25.14702403
2025-04-10 04:00:00,25.2178206
2025-04-10 04:30:00,25.74078054
2025-04-10 05:00:00,26.20088261
2025-04-10 05:30:00,27.27278856
2025-04-10 06:00:00,28.4808615
2025-04-10 06:30:00,31.10353892
2025-04-10 07:00:00,33.52101884
2025-04-10 07:30:00,37.159149
2025-04-10 08:00:00,39.35610411
2025-04-10 08:30:00,41.22002945
2025-04-10 09:00:00,38.90403461
2025-04-10 09:30:00,36.00613978
2025-04-10 10:00:00,34.72510067
2025-04-10 10:30:00,39.11166518
2025-04-10 11:00:00,41.04902415
2025-04-10 11:30:00,40.30890791
2025-04-10 12:00:00,39.43521496
2025-04-10 12:30:00,37.07166537
2025-04-10 13:00:00,32.95411463
2025-04-10 13:30:00,34.15442444
2025-04-10 14:00:00,38.3787382
2025-04-10 14:30:00,39.52362124
2025-04-10 15:00:00,40.52953604
2025-04-10 15:30:00,40.35108908
2025-04-10 16:00:00,40.94395378
2025-04-10 16:30:00,42.34952863
2025-04-10 17:00:00,45.27272021
2025-04-10 17:30:00,46.01257888
2025-04-10 18:00:00,46.8417886
2025-04-10 18:30:00,45.99170179
2025-04-10 19:00:00,45.70354603
2025-04-10 19:30:00,42.95255421
2025-04-10 20:00:00,41.73368366
2025-04-10 20:30:00,40.48570286
2025-04-10 21:00:00,39.18112107
2025-04-10 21:30:00,37.45829258
2025-04-10 22:00:00,35.77928617
2025-04-10 22:30:00,34.77774184
2025-04-10 23:00:00,33.39469597
2025-04-10 23:30:00,31.50670087
2025-04-11 00:00:00,29.46417596
2025-04-11 00:30:00,28.19207247
2025-04-11 01:00:00,27.20898398
2025-04-11 01:30:00,26.55284582
2025-04-11 02:00:00,26.18863148
2025-04-11 02:30:00,25.87374776
2025-04-11 03:00:00,25.6419105
2025-04-11 03:30:00,25.44388205
2025-04-11 04:00:00,25.45187304
2025-04-11 04:30:00,26.04626335
2025-04-11 05:00:00,26.35255289
2025-04-11 05:30:00,27.51967781
2025-04-11 06:00:00,28.74493578
2025-04-11 06:30:00,31.41707756
2025-04-11 07:00:00,33.7254081
2025-04-11 07:30:00,37.76160326
2025-04-11 08:00:00,38.94663267
2025-04-11 08:30:00,38.78506403
2025-04-11 09:00:00,37.07127185
2025-04-11 09:30:00,35.31875362
2025-04-11 10:00:00,33.81247271
2025-04-11 10:30:00,33.21625723
2025-04-11 11:00:00,32.98844283
2025-04-11 11:30:00,32.71208716
2025-04-11 12:00:00,33.01357575
2025-04-11 12:30:00,33.77921734
2025-04-11 13:00:00,33.9180509
2025-04-11 13:30:00,34.94885806
2025-04-11 14:00:00,35.75932589
2025-04-11 14:30:00,36.87934189
2025-04-11 15:00:00,38.20014815
2025-04-11 15:30:00,42.99650549
2025-04-11 16:00:00,47.6352295
2025-04-11 16:30:00,47.36248598
2025-04-11 17:00:00,47.12171087
2025-04-11 17:30:00,46.85517532
2025-04-11 18:00:00,47.39704059
2025-04-11 18:30:00,46.46389915
2025-04-11 19:00:00,46.04850327
2025-04-11 19:30:00,43.34694978
2025-04-11 20:00:00,42.02586934
2025-04-11 20:30:00,40.51395303
2025-04-11 21:00:00,39.28027717
2025-04-11 21:30:00,37.35177974
2025-04-11 22:00:00,35.3327174
2025-04-11 22:30:00,34.42624272
2025-04-11 23:00:00,33.39055587
2025-04-11 23:30:00,31.56950385
2025-04-12 00:00:00,29.60482454
2025-04-12 00:30:00,28.21623521
2025-04-12 01:00:00,27.18105787
2025-04-12 01:30:00,26.5062807
2025-04-12 02:00:00,26.00976179
2025-04-12 02:30:00,25.72900254
2025-04-12 03:00:00,25.33593721
2025-04-12 03:30:00,25.11172189
2025-04-12 04:00:00,25.01494271
2025-04-12 04:30:00,25.24170414
2025-04-12 05:00:00,25.31115155
2025-04-12 05:30:00,25.64030382
2025-04-12 06:00:00,26.24770653
2025-04-12 06:30:00,27.17075633
2025-04-12 07:00:00,27.59799019
2025-04-12 07:30:00,28.70494735
2025-04-12 08:00:00,28.69666366
2025-04-12 08:30:00,28.17664892
2025-04-12 09:00:00,27.95883646
2025-04-12 09:30:00,27.70868029
2025-04-12 10:00:00,26.69897114
2025-04-12 10:30:00,26.4647135
2025-04-12 11:00:00,25.54718869
2025-04-12 11:30:00,24.76316899
2025-04-12 12:00:00,24.74054723
2025-04-12 12:30:00,25.547732
2025-04-12 13:00:00,25.95943604
2025-04-12 13:30:00,25.85361067
2025-04-12 14:00:00,27.17642025
2025-04-12 14:30:00,28.55533337
2025-04-12 15:00:00,30.47733468
2025-04-12 15:30:00,31.92181909
2025-04-12 16:00:00,33.53582548
2025-04-12 16:30:00,35.93642838
2025-04-12 17:00:00,38.99271968
2025-04-12 17:30:00,39.65040887
2025-04-12 18:00:00,40.76932203
2025-04-12 18:30:00,41.46753204
2025-04-12 19:00:00,40.98939403
2025-04-12 19:30:00,39.51934806
2025-04-12 20:00:00,38.62726531
2025-04-12 20:30:00,37.52112729
2025-04-12 21:00:00,36.75925111
2025-04-12 21:30:00,35.85533239
2025-04-12 22:00:00,34.38188542
2025-04-12 22:30:00,34.12159937
2025-04-12 23:00:00,33.00097734
2025-04-12 23:30:00,31.24155876
2025-04-13 00:00:00,29.43113723
2025-04-13 00:30:00,28.14493647
2025-04-13 01:00:00,27.46167568
2025-04-13 01:30:00,26.79197021
2025-04-13 02:00:00,26.31866063
2025-04-13 02:30:00,25.89078159
2025-04-13 03:00:00,25.45373816
2025-04-13 03:30:00,25.29837735
2025-04-13 04:00:00,25.18415736
2025-04-13 04:30:00,25.24649085
2025-04-13 05:00:00,25.44388461
2025-04-13 05:30:00,25.66496498
2025-04-13 06:00:00,26.15630091
2025-04-13 06:30:00,26.96571261
2025-04-13 07:00:00,27.08312867
2025-04-13 07:30:00,27.78394121
2025-04-13 08:00:00,28.41353839
2025-04-13 08:30:00,28.82889745
2025-04-13 09:00:00,27.40184657
2025-04-13 09:30:00,24.92971718
2025-04-13 10:00:00,24.99844907
2025-04-13 10:30:00,25.28123872
2025-04-13 11:00:00,25.37378036
2025-04-13 11:30:00,24.98712488
2025-04-13 12:00:00,25.30985422
2025-04-13 12:30:00,28.22882805
2025-04-13 13:00:00,27.75332046
2025-04-13 13:30:00,25.67166233
2025-04-13 14:00:00,26.60512311
2025-04-13 14:30:00,27.43196372
2025-04-13 15:00:00,29.15502107
2025-04-13 15:30:00,31.11717512
2025-04-13 16:00:00,33.47103103
2025-04-13 16:30:00,35.64880185
2025-04-13 17:00:00,37.41376202
2025-04-13 17:30:00,39.12372185
2025-04-13 18:00:00,40.32305925
2025-04-13 18:30:00,41.37146754
2025-04-13 19:00:00,41.06568941
2025-04-13 19:30:00,39.49945812
2025-04-13 20:00:00,38.36916913
2025-04-13 20:30:00,37.42914743
2025-04-13 21:00:00,36.33145142
2025-04-13 21:30:00,35.07152544
2025-04-13 22:00:00,33.63913052
2025-04-13 22:30:00,33.54671497
2025-04-13 23:00:00,32.39668122
2025-04-13 23:30:00,30.580201
2025-04-14 00:00:00,28.84247027
2025-04-14 00:30:00,27.72774968
2025-04-14 01:00:00,26.8952935
2025-04-14 01:30:00,26.12134525
2025-04-14 02:00:00,25.59380044
2025-04-14 02:30:00,25.45265649
2025-04-14 03:00:00,25.1747333
2025-04-14 03:30:00,25.38523768
2025-04-14 04:00:00,25.30830646
2025-04-14 04:30:00,25.99480677
2025-04-14 05:00:00,26.46083207
2025-04-14 05:30:00,27.276297
2025-04-14 06:00:00,28.44403805
2025-04-14 06:30:00,30.88958788
2025-04-14 07:00:00,33.3503726
2025-04-14 07:30:00,36.66124005
2025-04-14 08:00:00,37.34306697
2025-04-14 08:30:00,39.03564546
2025-04-14 09:00:00,38.40835089
2025-04-14 09:30:00,36.06779156
2025-04-14 10:00:00,34.18707305
2025-04-14 10:30:00,33.76476923
2025-04-14 11:00:00,32.88922425
2025-04-14 11:30:00,32.3707591
2025-04-14 12:00:00,32.76060296
2025-04-14 12:30:00,33.79949641
2025-04-14 13:00:00,34.37242161
2025-04-14 13:30:00,34.91383285
2025-04-14 14:00:00,42.34813726
2025-04-14 14:30:00,43.73263109
2025-04-14 15:00:00,45.36231326
2025-04-14 15:30:00,
2025-04-14 16:00:00,46.38806783
2025-04-14 16:30:00,46.26052631
2025-04-14 17:00:00,46.23543993
2025-04-14 17:30:00,46.59150438
2025-04-14 18:00:00,47.83482395
2025-04-14 18:30:00,45.9996387
2025-04-14 19:00:00,45.07301878
2025-04-14 19:30:00,42.28823697
2025-04-14 20:00:00,40.93672235
2025-04-14 20:30:00,39.51475738
2025-04-14 21:00:00,38.11622997
2025-04-14 21:30:00,36.34293984
2025-04-14 22:00:00,34.59900146
2025-04-14 22:30:00,34.09528711
2025-04-14 23:00:00,32.76756658
2025-04-14 23:30:00,30.97195085
2025-04-15 00:00:00,29.12085966
2025-04-15 00:30:00,27.65265886
2025-04-15 01:00:00,26.67522526
2025-04-15 01:30:00,26.21372658
2025-04-15 02:00:00,25.66630727
2025-04-15 02:30:00,25.30645107
2025-04-15 03:00:00,25.02557856
2025-04-15 03:30:00,24.9928073
2025-04-15 04:00:00,25.04146047
2025-04-15 04:30:00,25.68877923
2025-04-15 05:00:00,25.93489106
2025-04-15 05:30:00,26.85401137
2025-04-15 06:00:00,27.99448725
2025-04-15 06:30:00,30.62203817
2025-04-15 07:00:00,32.48290407
2025-04-15 07:30:00,36.58601151
2025-04-15 08:00:00,38.84229688
2025-04-15 08:30:00,39.20184884
2025-04-15 09:00:00,38.149901
2025-04-15 09:30:00,38.86960539
2025-04-15 10:00:00,37.03697869
2025-04-15 10:30:00,39.19629654
2025-04-15 11:00:00,38.60733984
2025-04-15 11:30:00,36.42032945
2025-04-15 12:00:00,35.46577819
2025-04-15 12:30:00,34.17312307
2025-04-15 13:00:00,34.92107125
2025-04-15 13:30:00,32.78138858
2025-04-15 14:00:00,31.94566269
2025-04-15 14:30:00,32.46975581
2025-04-15 15:00:00,33.96387086
2025-04-15 15:30:00,35.87283282
2025-04-15 16:00:00,38.04655812
2025-04-15 16:30:00,39.96126193
2025-04-15 17:00:00,42.89824415
2025-04-15 17:30:00,44.51442605
2025-04-15 18:00:00,46.20533777
2025-04-15 18:30:00,46.64371783
2025-04-15 19:00:00,46.18999137
2025-04-15 19:30:00,43.05308161
2025-04-15 20:00:00,41.76434426
2025-04-15 20:30:00,40.56442138
2025-04-15 21:00:00,39.57840169
2025-04-15 21:30:00,37.60518974
2025-04-15 22:00:00,36.08872316
2025-04-15 22:30:00,35.50617195
2025-04-15 23:00:00,34.14248651
2025-04-15 23:30:00,32.08215997
2025-04-16 00:00:00,30.13359881
2025-04-16 00:30:00,28.58100456
2025-04-16 01:00:00,27.79819105
2025-04-16 01:30:00,27.00573063
2025-04-16 02:00:00,26.55230068
2025-04-16 02:30:00,26.29421795
2025-04-16 03:00:00,26.03600917
2025-04-16 03:30:00,26.10029069
2025-04-16 04:00:00,26.15335086
2025-04-16 04:30:00,26.60024932
2025-04-16 05:00:00,27.11438456
2025-04-16 05:30:00,28.14062914
2025-04-16 06:00:00,29.67462146
2025-04-16 06:30:00,32.72785109
2025-04-16 07:00:00,35.78513223
2025-04-16 07:30:00,39.64509257
2025-04-16 08:00:00,40.41849314
2025-04-16 08:30:00,39.62456558
2025-04-16 09:00:00,37.11800779
2025-04-16 09:30:00,35.48947012
2025-04-16 10:00:00,32.9254125
2025-04-16 10:30:00,32.7074374
2025-04-16 11:00:00,30.85617551
2025-04-16 11:30:00,29.3811997
2025-04-16 12:00:00,29.18998315
2025-04-16 12:30:00,30.23470331
2025-04-16 13:00:00,29.78752811
2025-04-16 13:30:00,30.60589207
2025-04-16 14:00:00,33.53075445
2025-04-16 14:30:00,32.52550862
2025-04-16 15:00:00,33.96913715
2025-04-16 15:30:00,36.5266549
2025-04-16 16:00:00,39.11442185
2025-04-16 16:30:00,41.90738536
2025-04-16 17:00:00,44.68690142
2025-04-16 17:30:00,45.72668568
2025-04-16 18:00:00,46.23649301
2025-04-16 18:30:00,45.92557358
2025-04-16 19:00:00,45.65808483
2025-04-16 19:30:00,43.11033636
2025-04-16 20:00:00,41.94768765
2025-04-16 20:30:00,40.71884666
2025-04-16 21:00:00,39.62462875
2025-04-16 21:30:00,38.20496579
2025-04-16 22:00:00,36.33369691
2025-04-16 22:30:00,35.52513083
2025-04-16 23:00:00,34.07378956
2025-04-16 23:30:00,32.14439875
2025-04-17 00:00:00,30.04632175
2025-04-17 00:30:00,28.72239528
2025-04-17 01:00:00,27.72329355
2025-04-17 01:30:00,27.00773814
2025-04-17 02:00:00,26.60368505
2025-04-17 02:30:00,26.44935266
2025-04-17 03:00:00,26.08207715
2025-04-17 03:30:00,26.02077783
2025-04-17 04:00:00,25.99178446
2025-04-17 04:30:00,26.62180018
2025-04-17 05:00:00,27.18687084
2025-04-17 05:30:00,28.42993854
2025-04-17 06:00:00,29.79471106
2025-04-17 06:30:00,32.79560435
2025-04-17 07:00:00,35.83791447
2025-04-17 07:30:00,39.52144656
2025-04-17 08:00:00,40.54811059
2025-04-17 08:30:00,40.105943
2025-04-17 09:00:00,37.84392164
2025-04-17 09:30:00,35.40212689
2025-04-17 10:00:00,33.50546783
2025-04-17 10:30:00,32.61944252
2025-04-17 11:00:00,31.57860015
2025-04-17 11:30:00,30.26635341
2025-04-17 12:00:00,29.32350104
2025-04-17 12:30:00,30.17945945
2025-04-17 13:00:00,30.08471789
2025-04-17 13:30:00,31.08379463
2025-04-17 14:00:00,32.2033982
2025-04-17 14:30:00,33.42695073
2025-04-17 15:00:00,35.40565536
2025-04-17 15:30:00,37.22965419
2025-04-17 16:00:00,39.76849184
2025-04-17 16:30:00,42.04876916
2025-04-17 17:00:00,44.49173139
2025-04-17 17:30:00,45.2488711
2025-04-17 18:00:00,45.82118049
2025-04-17 18:30:00,44.86768698
2025-04-17 19:00:00,44.1206687
2025-04-17 19:30:00,41.64300703
2025-04-17 20:00:00,40.40175803
2025-04-17 20:30:00,39.22180661
2025-04-17 21:00:00,38.47997456
2025-04-17 21:30:00,37.09177328
2025-04-17 22:00:00,35.76939351
2025-04-17 22:30:00,35.17852452
2025-04-17 23:00:00,33.89425351
2025-04-17 23:30:00,32.08969084
2025-04-18 00:00:00,30.31287307
2025-04-18 00:30:00,28.6413982
2025-04-18 01:00:00,27.87694848
2025-04-18 01:30:00,27.18975893
2025-04-18 02:00:00,26.66417086
2025-04-18 02:30:00,26.30627593
2025-04-18 03:00:00,25.85406491
2025-04-18 03:30:00,25.67674932
2025-04-18 04:00:00,25.5465766
2025-04-18 04:30:00,25.7723443
2025-04-18 05:00:00,26.01912113
2025-04-18 05:30:00,26.50047664
2025-04-18 06:00:00,27.20883943
2025-04-18 06:30:00,28.51753607
2025-04-18 07:00:00,29.02218948
2025-04-18 07:30:00,30.82025013
2025-04-18 08:00:00,31.4401649
2025-04-18 08:30:00,31.93008294
2025-04-18 09:00:00,32.07187341
2025-04-18 09:30:00,31.08886602
2025-04-18 10:00:00,27.51114895
2025-04-18 10:30:00,24.36468746
2025-04-18 11:00:00,23.01793334
2025-04-18 11:30:00,22.23155036
2025-04-18 12:00:00,21.43436165
2025-04-18 12:30:00,21.83002838
2025-04-18 13:00:00,21.86432549
2025-04-18 13:30:00,22.31469007
2025-04-18 14:00:00,22.89938678
2025-04-18 14:30:00,24.13382299
2025-04-18 15:00:00,25.47246603
2025-04-18 15:30:00,27.41819865
2025-04-18 16:00:00,29.97866435
2025-04-18 16:30:00,31.85927396
2025-04-18 17:00:00,34.48813746
2025-04-18 17:30:00,36.23854085
2025-04-18 18:00:00,37.98949174
2025-04-18 18:30:00,39.13042584
2025-04-18 19:00:00,39.04496135
2025-04-18 19:30:00,37.60897025
2025-04-18 20:00:00,36.97390344
2025-04-18 20:30:00,36.0895117
2025-04-18 21:00:00,35.16228875
2025-04-18 21:30:00,34.12259227
2025-04-18 22:00:00,33.11455035
2025-04-18 22:30:00,32.94290092
2025-04-18 23:00:00,32.24179911
2025-04-18 23:30:00,30.56014808
2025-04-19 00:00:00,28.88762769
2025-04-19 00:30:00,27.75148281
2025-04-19 01:00:00,26.87297474
2025-04-19 01:30:00,26.36397254
2025-04-19 02:00:00,25.94949971
2025-04-19 02:30:00,25.67606654
2025-04-19 03:00:00,25.42858794
2025-04-19 03:30:00,25.2538156
2025-04-19 04:00:00,25.10278438
2025-04-19 04:30:00,25.38111256
2025-04-19 05:00:00,25.46297805
2025-04-19 05:30:00,26.05133383
2025-04-19 06:00:00,26.84933185
2025-04-19 06:30:00,27.62248263
2025-04-19 07:00:00,27.81248719
2025-04-19 07:30:00,28.61082527
2025-04-19 08:00:00,28.70367577
2025-04-19 08:30:00,28.72021703
2025-04-19 09:00:00,29.09503568
2025-04-19 09:30:00,28.82320771
2025-04-19 10:00:00,28.21926619
2025-04-19 10:30:00,26.43808108
2025-04-19 11:00:00,27.69743262
2025-04-19 11:30:00,23.52268528
2025-04-19 12:00:00,23.72628606
2025-04-19 12:30:00,23.23692297
2025-04-19 13:00:00,24.0709358
2025-04-19 13:30:00,22.99281101
2025-04-19 14:00:00,23.49826601
2025-04-19 14:30:00,26.16705816
2025-04-19 15:00:00,26.56388157
2025-04-19 15:30:00,28.84383679
2025-04-19 16:00:00,31.19899376
2025-04-19 16:30:00,33.44534713
2025-04-19 17:00:00,35.40758801
2025-04-19 17:30:00,36.9598498
2025-04-19 18:00:00,38.48326284
2025-04-19 18:30:00,38.95738715
2025-04-19 19:00:00,38.56127309
2025-04-19 19:30:00,37.39757822
2025-04-19 20:00:00,36.64982241
2025-04-19 20:30:00,35.67508685
2025-04-19 21:00:00,35.08932013
2025-04-19 21:30:00,34.35429109
2025-04-19 22:00:00,33.47165877
2025-04-19 22:30:00,33.36986501
2025-04-19 23:00:00,32.55128333
2025-04-19 23:30:00,30.91778759
2025-04-20 00:00:00,29.32621686
2025-04-20 00:30:00,27.97578661
2025-04-20 01:00:00,27.22502536
2025-04-20 01:30:00,26.71052739
2025-04-20 02:00:00,26.20230621
2025-04-20 02:30:00,25.74688296
2025-04-20 03:00:00,25.59744243
2025-04-20 03:30:00,25.39891241
2025-04-20 04:00:00,25.27647193
2025-04-20 04:30:00,25.38675732
2025-04-20 05:00:00,25.59877413
2025-04-20 05:30:00,26.04018151
2025-04-20 06:00:00,26.49794018
2025-04-20 06:30:00,27.51314467
2025-04-20 07:00:00,27.79614517
2025-04-20 07:30:00,28.56086396
2025-04-20 08:00:00,28.17690845
2025-04-20 08:30:00,27.46264497
2025-04-20 09:00:00,27.11997978
2025-04-20 09:30:00,27.19508281
2025-04-20 10:00:00,24.5643891
2025-04-20 10:30:00,24.07152877
2025-04-20 11:00:00,22.75231497
2025-04-20 11:30:00,21.73855558
2025-04-20 12:00:00,21.08967712
2025-04-20 12:30:00,21.68800878
2025-04-20 13:00:00,21.6154327
2025-04-20 13:30:00,25.40624056
2025-04-20 14:00:00,29.93129478
2025-04-20 14:30:00,32.24439669
2025-04-20 15:00:00,29.32587272
2025-04-20 15:30:00,28.84338649
2025-04-20 16:00:00,31.73782081
2025-04-20 16:30:00,33.6558249
2025-04-20 17:00:00,34.70553986
2025-04-20 17:30:00,36.04583083
2025-04-20 18:00:00,37.28669724
2025-04-20 18:30:00,38.16673326
2025-04-20 19:00:00,37.58377762
2025-04-20 19:30:00,36.4893895
2025-04-20 20:00:00,35.7358228
2025-04-20 20:30:00,35.00003082
2025-04-20 21:00:00,33.95824251
2025-04-20 21:30:00,33.19771719
2025-04-20 22:00:00,32.2229635
2025-04-20 22:30:00,32.09172174
2025-04-20 23:00:00,31.11005391
2025-04-20 23:30:00,30.01938201
2025-04-21 00:00:00,28.20708895
2025-04-21 00:30:00,27.17042154
2025-04-21 01:00:00,26.30106623
2025-04-21 01:30:00,25.66844509
2025-04-21 02:00:00,25.29515542
2025-04-21 02:30:00,24.96345183
2025-04-21 03:00:00,24.76715167
2025-04-21 03:30:00,24.69746519
2025-04-21 04:00:00,24.69502104
2025-04-21 04:30:00,24.87207297
2025-04-21 05:00:00,24.93982651
2025-04-21 05:30:00,25.38394454
2025-04-21 06:00:00,25.96152214
2025-04-21 06:30:00,27.40244845
2025-04-21 07:00:00,27.81251541
2025-04-21 07:30:00,29.58867632
2025-04-21 08:00:00,30.53994129
2025-04-21 08:30:00,30.48182776
2025-04-21 09:00:00,30.36138603
2025-04-21 09:30:00,29.73176414
2025-04-21 10:00:00,28.1891744
2025-04-21 10:30:00,27.3600767
2025-04-21 11:00:00,26.31649992
2025-04-21 11:30:00,24.6337797
2025-04-21 12:00:00,23.73597769
2025-04-21 12:30:00,28.12891592
2025-04-21 13:00:00,24.80518171
2025-04-21 13:30:00,27.09393389
2025-04-21 14:00:00,27.98625223
2025-04-21 14:30:00,30.62978539
2025-04-21 15:00:00,29.57501362
2025-04-21 15:30:00,26.24729971
2025-04-21 16:00:00,34.9979052
2025-04-21 16:30:00,39.29681555
2025-04-21 17:00:00,39.53465208
2025-04-21 17:30:00,40.29588105
2025-04-21 18:00:00,41.83483282
2025-04-21 18:30:00,41.71083985
2025-04-21 19:00:00,41.08136622
2025-04-21 19:30:00,39.49963023
2025-04-21 20:00:00,38.35774156
2025-04-21 20:30:00,37.47703646
2025-04-21 21:00:00,36.36139072
2025-04-21 21:30:00,35.04206185
2025-04-21 22:00:00,33.43590326
2025-04-21 22:30:00,33.16969281
2025-04-21 23:00:00,32.20525585
2025-04-21 23:30:00,30.52746741
2025-04-22 00:00:00,28.87778394
2025-04-22 00:30:00,27.58969194
2025-04-22 01:00:00,26.48777039
2025-04-22 01:30:00,26.0006871
2025-04-22 02:00:00,25.4729883
2025-04-22 02:30:00,25.22935584
2025-04-22 03:00:00,24.97365622
2025-04-22 03:30:00,24.93384017
2025-04-22 04:00:00,25.01536002
2025-04-22 04:30:00,25.6189
2025-04-22 05:00:00,25.95067723
2025-04-22 05:30:00,26.72159498
2025-04-22 06:00:00,27.62260771
2025-04-22 06:30:00,30.19353551
2025-04-22 07:00:00,32.4221682
2025-04-22 07:30:00,36.23847345
2025-04-22 08:00:00,37.0914312
2025-04-22 08:30:00,37.97577779
2025-04-22 09:00:00,38.56764764
2025-04-22 09:30:00,41.28457614
2025-04-22 10:00:00,39.72081522
2025-04-22 10:30:00,43.46482768
2025-04-22 11:00:00,39.55609756
2025-04-22 11:30:00,35.71642909
2025-04-22 12:00:00,34.8466577
2025-04-22 12:30:00,39.44495998
2025-04-22 13:00:00,38.68811123
2025-04-22 13:30:00,35.69448651
2025-04-22 14:00:00,36.36552362
2025-04-22 14:30:00,33.62443314
2025-04-22 15:00:00,36.20019052
2025-04-22 15:30:00,38.34591365
2025-04-22 16:00:00,40.41874015
2025-04-22 16:30:00,41.81970139
2025-04-22 17:00:00,43.50247287
2025-04-22 17:30:00,44.85895564
2025-04-22 18:00:00,46.92479364
2025-04-22 18:30:00,46.15284111
2025-04-22 19:00:00,45.60517112
2025-04-22 19:30:00,42.64871178
2025-04-22 20:00:00,41.1023744
2025-04-22 20:30:00,40.04035265
2025-04-22 21:00:00,38.50498669
2025-04-22 21:30:00,36.74161506
2025-04-22 22:00:00,35.14236266
2025-04-22 22:30:00,34.63884556
2025-04-22 23:00:00,32.99481763
2025-04-22 23:30:00,30.84591733
2025-04-23 00:00:00,28.77353935
2025-04-23 00:30:00,27.61186562
2025-04-23 01:00:00,26.6230907
2025-04-23 01:30:00,26.10201864
2025-04-23 02:00:00,25.37367794
2025-04-23 02:30:00,25.13736154
2025-04-23 03:00:00,24.88537047
2025-04-23 03:30:00,24.93719181
2025-04-23 04:00:00,25.00558844
2025-04-23 04:30:00,25.58996474
2025-04-23 05:00:00,25.85487793
2025-04-23 05:30:00,26.77497638
2025-04-23 06:00:00,27.84368295
2025-04-23 06:30:00,30.43475135
2025-04-23 07:00:00,31.80582887
2025-04-23 07:30:00,35.80229172
2025-04-23 08:00:00,38.24390445
2025-04-23 08:30:00,38.30995362
2025-04-23 09:00:00,38.95586374
2025-04-23 09:30:00,41.06992414
2025-04-23 10:00:00,37.21343173
2025-04-23 10:30:00,42.1352132
2025-04-23 11:00:00,41.29600545
2025-04-23 11:30:00,42.57728492
2025-04-23 12:00:00,37.37209925
2025-04-23 12:30:00,39.87058165
2025-04-23 13:00:00,36.81045115
2025-04-23 13:30:00,35.53601703
2025-04-23 14:00:00,35.77804084
2025-04-23 14:30:00,35.64306401
2025-04-23 15:00:00,34.98846177
2025-04-23 15:30:00,39.4401946
2025-04-23 16:00:00,40.38854028
2025-04-23 16:30:00,40.51483301
2025-04-23 17:00:00,43.58174779
2025-04-23 17:30:00,45.13475226
2025-04-23 18:00:00,46.92345322
2025-04-23 18:30:00,46.25368184
2025-04-23 19:00:00,45.45367172
2025-04-23 19:30:00,42.68065547
2025-04-23 20:00:00,41.33569332
2025-04-23 20:30:00,40.27637122
2025-04-23 21:00:00,38.85223927
2025-04-23 21:30:00,37.34952454
2025-04-23 22:00:00,35.74122987
2025-04-23 22:30:00,34.95144704
2025-04-23 23:00:00,33.56367559
2025-04-23 23:30:00,31.44533871
2025-04-24 00:00:00,29.46549618
2025-04-24 00:30:00,28.08052387
2025-04-24 01:00:00,26.96657526
2025-04-24 01:30:00,26.38629989
2025-04-24 02:00:00,26.07422039
2025-04-24 02:30:00,25.54173113
2025-04-24 03:00:00,25.33527638
2025-04-24 03:30:00,25.3521224
2025-04-24 04:00:00,25.25309927
2025-04-24 04:30:00,25.87537085
2025-04-24 05:00:00,26.2397696
2025-04-24 05:30:00,27.04066804
2025-04-24 06:00:00,28.17535283
2025-04-24 06:30:00,30.62591121
2025-04-24 07:00:00,32.10457565
2025-04-24 07:30:00,35.59667583
2025-04-24 08:00:00,37.21885842
2025-04-24 08:30:00,37.39086574
2025-04-24 09:00:00,36.26496296
2025-04-24 09:30:00,37.09106438
2025-04-24 10:00:00,35.59104869
2025-04-24 10:30:00,34.29782344
2025-04-24 11:00:00,33.25537585
2025-04-24 11:30:00,32.10692014
2025-04-24 12:00:00,32.54552082
2025-04-24 12:30:00,34.17945267
2025-04-24 13:00:00,33.55676524
2025-04-24 13:30:00,32.59322065
2025-04-24 14:00:00,34.61456603
2025-04-24 14:30:00,34.16101296
2025-04-24 15:00:00,36.25217651
2025-04-24 15:30:00,38.38625725
2025-04-24 16:00:00,39.55367106
2025-04-24 16:30:00,42.18284806
2025-04-24 17:00:00,44.10502
2025-04-24 17:30:00,45.15626127
2025-04-24 18:00:00,46.21338317
2025-04-24 18:30:00,44.90460813
2025-04-24 19:00:00,44.21329242
2025-04-24 19:30:00,41.4872283
2025-04-24 20:00:00,40.55406929
2025-04-24 20:30:00,39.49768388
2025-04-24 21:00:00,38.34877461
2025-04-24 21:30:00,36.82895061
2025-04-24 22:00:00,35.33321235
2025-04-24 22:30:00,34.70000795
2025-04-24 23:00:00,33.42185725
2025-04-24 23:30:00,31.44112864
2025-04-25 00:00:00,29.77588532
2025-04-25 00:30:00,28.14923305
2025-04-25 01:00:00,27.30094845
2025-04-25 01:30:00,26.48935363
2025-04-25 02:00:00,25.92475748
2025-04-25 02:30:00,25.56573018
2025-04-25 03:00:00,25.15772981
2025-04-25 03:30:00,25.37246848
2025-04-25 04:00:00,25.49038317
2025-04-25 04:30:00,26.16781596
2025-04-25 05:00:00,26.58597479
2025-04-25 05:30:00,27.00939361
2025-04-25 06:00:00,27.43313944
2025-04-25 06:30:00,28.80075045
2025-04-25 07:00:00,29.63260715
2025-04-25 07:30:00,30.51037024
2025-04-25 08:00:00,30.53551898
2025-04-25 08:30:00,29.79243198
2025-04-25 09:00:00,28.04436792
2025-04-25 09:30:00,26.6583958
2025-04-25 10:00:00,25.19332505
2025-04-25 10:30:00,25.09586659
2025-04-25 11:00:00,24.50426986
2025-04-25 11:30:00,23.57903151
2025-04-25 12:00:00,23.50728923
2025-04-25 12:30:00,24.26776726
2025-04-25 13:00:00,24.67714913
2025-04-25 13:30:00,26.13061503
2025-04-25 14:00:00,27.44133734
2025-04-25 14:30:00,29.07881545
2025-04-25 15:00:00,29.80332005
2025-04-25 15:30:00,32.13073791
2025-04-25 16:00:00,34.38155923
2025-04-25 16:30:00,36.23797071
2025-04-25 17:00:00,38.58269778
2025-04-25 17:30:00,40.02600318
2025-04-25 18:00:00,42.34903308
2025-04-25 18:30:00,42.84340681
2025-04-25 19:00:00,42.36476611
2025-04-25 19:30:00,40.90067237
2025-04-25 20:00:00,39.78975874
2025-04-25 20:30:00,38.74858594
2025-04-25 21:00:00,37.87757183
2025-04-25 21:30:00,36.0012967
2025-04-25 22:00:00,34.42251448
2025-04-25 22:30:00,33.93732055
2025-04-25 23:00:00,32.98766599
2025-04-25 23:30:00,30.97470841
2025-04-26 00:00:00,29.34326861
2025-04-26 00:30:00,28.34481141
2025-04-26 01:00:00,27.32470837
2025-04-26 01:30:00,26.52920776
2025-04-26 02:00:00,26.10720388
2025-04-26 02:30:00,25.67012208
2025-04-26 03:00:00,25.40368973
2025-04-26 03:30:00,25.33170548
2025-04-26 04:00:00,25.12346052
2025-04-26 04:30:00,25.24967687
2025-04-26 05:00:00,25.43924053
2025-04-26 05:30:00,25.67876377
2025-04-26 06:00:00,26.26549675
2025-04-26 06:30:00,27.37271823
2025-04-26 07:00:00,27.70938334
2025-04-26 07:30:00,29.19606669
2025-04-26 08:00:00,29.8062865
2025-04-26 08:30:00,30.07889707
2025-04-26 09:00:00,30.87955493
2025-04-26 09:30:00,32.1522922
2025-04-26 10:00:00,32.70549785
2025-04-26 10:30:00,33.65462552
2025-04-26 11:00:00,32.40934004
2025-04-26 11:30:00,30.28171623
2025-04-26 12:00:00,28.72994391
2025-04-26 12:30:00,28.56668286
2025-04-26 13:00:00,29.36529375
2025-04-26 13:30:00,30.7197198
2025-04-26 14:00:00,30.45097434
2025-04-26 14:30:00,34.40136144
2025-04-26 15:00:00,34.94994691
2025-04-26 15:30:00,34.64861155
2025-04-26 16:00:00,33.21644071
2025-04-26 16:30:00,36.95887824
2025-04-26 17:00:00,38.45974242
2025-04-26 17:30:00,39.69796925
2025-04-26 18:00:00,41.46559678
2025-04-26 18:30:00,41.38124855
2025-04-26 19:00:00,40.7520808
2025-04-26 19:30:00,39.52383287
2025-04-26 20:00:00,38.41344708
2025-04-26 20:30:00,37.57014959
2025-04-26 21:00:00,36.5769454
2025-04-26 21:30:00,35.60603533
2025-04-26 22:00:00,34.42414135
2025-04-26 22:30:00,34.48118587
2025-04-26 23:00:00,33.29355497
2025-04-26 23:30:00,31.41872369
2025-04-27 00:00:00,29.9445982
2025-04-27 00:30:00,28.40579235
2025-04-27 01:00:00,27.38698499
2025-04-27 01:30:00,26.7367009
2025-04-27 02:00:00,26.26807387
2025-04-27 02:30:00,25.83273431
2025-04-27 03:00:00,25.36531972
2025-04-27 03:30:00,25.32441117
2025-04-27 04:00:00,25.13187124
2025-04-27 04:30:00,25.15161352
2025-04-27 05:00:00,25.09068639
2025-04-27 05:30:00,25.42916212
2025-04-27 06:00:00,25.93693335
2025-04-27 06:30:00,26.84343755
2025-04-27 07:00:00,27.24102322
2025-04-27 07:30:00,28.17242282
2025-04-27 08:00:00,28.58805749
2025-04-27 08:30:00,29.08959619
2025-04-27 09:00:00,29.99348151
2025-04-27 09:30:00,31.71286711
2025-04-27 10:00:00,32.38355634
2025-04-27 10:30:00,33.23651384
2025-04-27 11:00:00,33.89926977
2025-04-27 11:30:00,31.4428923
2025-04-27 12:00:00,29.26547648
2025-04-27 12:30:00,30.32759898
2025-04-27 13:00:00,34.33790888
2025-04-27 13:30:00,34.50273117
2025-04-27 14:00:00,36.85830261
2025-04-27 14:30:00,36.44574915
2025-04-27 15:00:00,33.99074258
2025-04-27 15:30:00,34.00828399
2025-04-27 16:00:00,34.04946162
2025-04-27 16:30:00,35.07511093
2025-04-27 17:00:00,37.09856655
2025-04-27 17:30:00,39.17984375
2025-04-27 18:00:00,42.08137475
2025-04-27 18:30:00,43.22433371
2025-04-27 19:00:00,42.36711073
2025-04-27 19:30:00,41.30631375
2025-04-27 20:00:00,39.72551001
2025-04-27 20:30:00,38.79569736
2025-04-27 21:00:00,37.75257835
2025-04-27 21:30:00,36.32498487
2025-04-27 22:00:00,34.83164337
2025-04-27 22:30:00,34.34973117
2025-04-27 23:00:00,33.22700484
2025-04-27 23:30:00,31.14957982
2025-04-28 00:00:00,29.2641636
2025-04-28 00:30:00,27.79957059
2025-04-28 01:00:00,26.65957821
2025-04-28 01:30:00,26.06364214
2025-04-28 02:00:00,25.61575948
2025-04-28 02:30:00,25.42018421
2025-04-28 03:00:00,25.18757714
2025-04-28 03:30:00,25.24582006
2025-04-28 04:00:00,25.45695179
2025-04-28 04:30:00,26.1567897
2025-04-28 05:00:00,26.5024834
2025-04-28 05:30:00,27.46266728
2025-04-28 06:00:00,28.80592168
2025-04-28 06:30:00,31.55009888
2025-04-28 07:00:00,34.33085125
2025-04-28 07:30:00,38.33084922
2025-04-28 08:00:00,39.49328072
2025-04-28 08:30:00,39.38692715
2025-04-28 09:00:00,37.54169196
2025-04-28 09:30:00,36.75327102
2025-04-28 10:00:00,36.04317903
2025-04-28 10:30:00,34.8666235
2025-04-28 11:00:00,32.91408949
2025-04-28 11:30:00,35.39689963
2025-04-28 12:00:00,36.00937013
2025-04-28 12:30:00,33.26789821
2025-04-28 13:00:00,32.49339261
2025-04-28 13:30:00,35.35736302
2025-04-28 14:00:00,37.40304176
2025-04-28 14:30:00,38.81859727
2025-04-28 15:00:00,39.10891303
2025-04-28 15:30:00,41.36496738
2025-04-28 16:00:00,42.38239348
2025-04-28 16:30:00,42.76341007
2025-04-28 17:00:00,45.29885281
2025-04-28 17:30:00,46.41715402
2025-04-28 18:00:00,47.86965441
2025-04-28 18:30:00,47.1502108
2025-04-28 19:00:00,46.50007035
2025-04-28 19:30:00,43.59734376
2025-04-28 20:00:00,42.07882382
2025-04-28 20:30:00,40.89280946
2025-04-28 21:00:00,39.39687379
2025-04-28 21:30:00,37.71399527
2025-04-28 22:00:00,35.61323593
2025-04-28 22:30:00,34.902777
2025-04-28 23:00:00,33.56519378
2025-04-28 23:30:00,31.38149386
2025-04-29 00:00:00,29.27658516
2025-04-29 00:30:00,27.83919375
2025-04-29 01:00:00,26.83825494
2025-04-29 01:30:00,26.23506974
2025-04-29 02:00:00,25.87799833
2025-04-29 02:30:00,25.53118128
2025-04-29 03:00:00,25.09339768
2025-04-29 03:30:00,25.16603016
2025-04-29 04:00:00,25.35054692
2025-04-29 04:30:00,26.22300345
2025-04-29 05:00:00,26.42200857
2025-04-29 05:30:00,27.34302076
2025-04-29 06:00:00,28.70335088
2025-04-29 06:30:00,31.63188569
2025-04-29 07:00:00,34.7325447
2025-04-29 07:30:00,39.41985443
2025-04-29 08:00:00,41.96780449
2025-04-29 08:30:00,42.69615196
2025-04-29 09:00:00,42.13123161
2025-04-29 09:30:00,42.32467123
2025-04-29 10:00:00,42.78568644
2025-04-29 10:30:00,43.92957654
2025-04-29 11:00:00,42.51443162
2025-04-29 11:30:00,41.48998311
2025-04-29 12:00:00,37.23502481
2025-04-29 12:30:00,34.96555543
2025-04-29 13:00:00,32.79534449
2025-04-29 13:30:00,38.69822534
2025-04-29 14:00:00,41.2192004
2025-04-29 14:30:00,42.29439884
2025-04-29 15:00:00,44.51746639
2025-04-29 15:30:00,45.44888143
2025-04-29 16:00:00,46.14477483
2025-04-29 16:30:00,47.07720176
2025-04-29 17:00:00,47.96956876
2025-04-29 17:30:00,49.25673382
2025-04-29 18:00:00,50.52250126
2025-04-29 18:30:00,50.0898952
2025-04-29 19:00:00,49.57445474
2025-04-29 19:30:00,46.44643731
2025-04-29 20:00:00,45.11725004
2025-04-29 20:30:00,43.9379166
2025-04-29 21:00:00,42.23438541
2025-04-29 21:30:00,40.00199758
2025-04-29 22:00:00,37.70286417
2025-04-29 22:30:00,36.85728533
2025-04-29 23:00:00,35.11746171
2025-04-29 23:30:00,32.80055399
2025-04-30 00:00:00,30.62149304
2025-04-30 00:30:00,29.13386822
2025-04-30 01:00:00,27.8958716
2025-04-30 01:30:00,27.27323546
2025-04-30 02:00:00,26.89511171
2025-04-30 02:30:00,26.38635372
2025-04-30 03:00:00,26.07462935
2025-04-30 03:30:00,26.14470241
2025-04-30 04:00:00,26.207192
2025-04-30 04:30:00,27.08040724
2025-04-30 05:00:00,27.35399256
2025-04-30 05:30:00,28.49371844
2025-04-30 06:00:00,29.80229508
2025-04-30 06:30:00,32.85908774
2025-04-30 07:00:00,36.35951967
2025-04-30 07:30:00,41.8708475
2025-04-30 08:00:00,45.13520277
2025-04-30 08:30:00,47.00900594
2025-04-30 09:00:00,46.53755011
2025-04-30 09:30:00,45.9567169
2025-04-30 10:00:00,42.13523795
2025-04-30 10:30:00,43.34206798
2025-04-30 11:00:00,39.77454851
2025-04-30 11:30:00,37.396868
2025-04-30 12:00:00,36.89163645
2025-04-30 12:30:00,38.18558283
2025-04-30 13:00:00,40.4179669
2025-04-30 13:30:00,41.31878653
2025-04-30 14:00:00,37.91371672
2025-04-30 14:30:00,44.27442015
2025-04-30 15:00:00,44.9628599
2025-04-30 15:30:00,43.15047623
2025-04-30 16:00:00,44.01269953
2025-04-30 16:30:00,44.79231335
2025-04-30 17:00:00,46.80759244
2025-04-30 17:30:00,49.90399061
2025-04-30 18:00:00,52.97240016
2025-04-30 18:30:00,53.09494775
2025-04-30 19:00:00,52.42837987
2025-04-30 19:30:00,50.33077602
2025-04-30 20:00:00,49.18939848
2025-04-30 20:30:00,47.57110719
2025-04-30 21:00:00,45.94894479
2025-04-30 21:30:00,44.39070537
2025-04-30 22:00:00,42.16090482
2025-04-30 22:30:00,40.4700272
2025-04-30 23:00:00,38.56004422
2025-04-30 23:30:00,35.70279817
2025-05-01 00:00:00,33.07494567
2025-05-01 00:30:00,31.31023444
2025-05-01 01:00:00,29.94174314
2025-05-01 01:30:00,29.126559
2025-05-01 02:00:00,28.51949722
2025-05-01 02:30:00,28.17847186
2025-05-01 03:00:00,27.81210587
2025-05-01 03:30:00,28.05410491
2025-05-01 04:00:00,28.08569606
2025-05-01 04:30:00,28.8604194
2025-05-01 05:00:00,29.46883797
2025-05-01 05:30:00,30.76071015
2025-05-01 06:00:00,32.63644233
2025-05-01 06:30:00,36.45546397
2025-05-01 07:00:00,40.45126092
2025-05-01 07:30:00,46.64735995
2025-05-01 08:00:00,48.96819088
2025-05-01 08:30:00,47.64097323
2025-05-01 09:00:00,44.02007254
2025-05-01 09:30:00,41.42925999
2025-05-01 10:00:00,38.84381478
2025-05-01 10:30:00,37.86523796
2025-05-01 11:00:00,38.73327023
2025-05-01 11:30:00,38.13462469
2025-05-01 12:00:00,37.15491196
2025-05-01 12:30:00,40.21702652
2025-05-01 13:00:00,39.97563557
2025-05-01 13:30:00,42.08899582
2025-05-01 14:00:00,40.16241076
2025-05-01 14:30:00,40.68149354
2025-05-01 15:00:00,42.81178766
2025-05-01 15:30:00,44.87425618
2025-05-01 16:00:00,42.45432736
2025-05-01 16:30:00,46.74739321
2025-05-01 17:00:00,48.08007139
2025-05-01 17:30:00,50.91319255
2025-05-01 18:00:00,53.50691938
2025-05-01 18:30:00,54.00304159
2025-05-01 19:00:00,53.67451518
2025-05-01 19:30:00,51.34937496
2025-05-01 20:00:00,50.35865107
2025-05-01 20:30:00,48.93940688
2025-05-01 21:00:00,47.68672776
2025-05-01 21:30:00,45.70068886
2025-05-01 22:00:00,43.15029065
2025-05-01 22:30:00,41.76419005
2025-05-01 23:00:00,39.10770292
2025-05-01 23:30:00,36.16742249
2025-05-02 00:00:00,33.54867864
2025-05-02 00:30:00,31.63557767
2025-05-02 01:00:00,30.43731124
2025-05-02 01:30:00,29.8027417
2025-05-02 02:00:00,29.29916904
2025-05-02 02:30:00,28.86241817
2025-05-02 03:00:00,28.52800253
2025-05-02 03:30:00,28.4995106
2025-05-02 04:00:00,28.72079822
2025-05-02 04:30:00,29.7403502
2025-05-02 05:00:00,30.41813985
2025-05-02 05:30:00,32.03940896
2025-05-02 06:00:00,34.05033423
2025-05-02 06:30:00,38.24717219
2025-05-02 07:00:00,42.57539928
2025-05-02 07:30:00,48.40989625
2025-05-02 08:00:00,50.94223412
2025-05-02 08:30:00,49.77760606
2025-05-02 09:00:00,46.27549476
2025-05-02 09:30:00,43.13736353
2025-05-02 10:00:00,40.23677156
2025-05-02 10:30:00,38.51123495
2025-05-02 11:00:00,36.68266714
2025-05-02 11:30:00,34.56150526
2025-05-02 12:00:00,33.80350424
2025-05-02 12:30:00,34.56280964
2025-05-02 13:00:00,33.4355434
2025-05-02 13:30:00,33.33993704
2025-05-02 14:00:00,33.6960009
2025-05-02 14:30:00,34.65328238
2025-05-02 15:00:00,36.08646668
2025-05-02 15:30:00,38.10803782
2025-05-02 16:00:00,40.49948621
2025-05-02 16:30:00,43.20261964
2025-05-02 17:00:00,46.33674736
2025-05-02 17:30:00,49.18957926
2025-05-02 18:00:00,51.83203766
2025-05-02 18:30:00,52.06047936
2025-05-02 19:00:00,51.68370709
2025-05-02 19:30:00,49.50330912
2025-05-02 20:00:00,48.7193534
2025-05-02 20:30:00,47.83467991
2025-05-02 21:00:00,46.49501988
2025-05-02 21:30:00,44.44317077
2025-05-02 22:00:00,42.34112482
2025-05-02 22:30:00,41.4409505
2025-05-02 23:00:00,39.8430135
2025-05-02 23:30:00,37.065913
2025-05-03 00:00:00,34.47946714
2025-05-03 00:30:00,32.73376847
2025-05-03 01:00:00,31.36458375
2025-05-03 01:30:00,30.88299845
2025-05-03 02:00:00,30.14025069
2025-05-03 02:30:00,29.51120531
2025-05-03 03:00:00,29.07532467
2025-05-03 03:30:00,28.95712069
2025-05-03 04:00:00,29.0792694
2025-05-03 04:30:00,29.30325457
2025-05-03 05:00:00,29.47467737
2025-05-03 05:30:00,30.32195303
2025-05-03 06:00:00,31.52967069
2025-05-03 06:30:00,33.50336487
2025-05-03 07:00:00,35.56968405
2025-05-03 07:30:00,38.48829391
2025-05-03 08:00:00,39.6834067
2025-05-03 08:30:00,39.43409217
2025-05-03 09:00:00,37.57988094
2025-05-03 09:30:00,36.04510557
2025-05-03 10:00:00,33.60883201
2025-05-03 10:30:00,32.13654697
2025-05-03 11:00:00,30.1934359
2025-05-03 11:30:00,28.28911255
2025-05-03 12:00:00,27.16990732
2025-05-03 12:30:00,26.67379234
2025-05-03 13:00:00,26.62405851
2025-05-03 13:30:00,26.67708297
2025-05-03 14:00:00,27.41019576
2025-05-03 14:30:00,28.12306313
2025-05-03 15:00:00,29.44799751
2025-05-03 15:30:00,31.99041739
2025-05-03 16:00:00,34.597715
2025-05-03 16:30:00,37.59349671
2025-05-03 17:00:00,40.84840888
2025-05-03 17:30:00,43.65995642
2025-05-03 18:00:00,46.44907545
2025-05-03 18:30:00,47.14679527
2025-05-03 19:00:00,46.99394477
2025-05-03 19:30:00,45.84708932
2025-05-03 20:00:00,45.20785541
2025-05-03 20:30:00,44.11388469
2025-05-03 21:00:00,43.38092776
2025-05-03 21:30:00,42.57085813
2025-05-03 22:00:00,41.37539491
2025-05-03 22:30:00,41.35202605
2025-05-03 23:00:00,40.43910334
2025-05-03 23:30:00,38.35378909
2025-05-04 00:00:00,36.07627472
2025-05-04 00:30:00,33.78844049
2025-05-04 01:00:00,32.30346547
2025-05-04 01:30:00,31.25731882
2025-05-04 02:00:00,30.53146096
2025-05-04 02:30:00,30.03558371
2025-05-04 03:00:00,29.65944307
2025-05-04 03:30:00,29.77289681
2025-05-04 04:00:00,29.45572963
2025-05-04 04:30:00,29.57503083
2025-05-04 05:00:00,29.9282629
2025-05-04 05:30:00,30.64144133
2025-05-04 06:00:00,31.7028727
2025-05-04 06:30:00,33.31905561
2025-05-04 07:00:00,34.87126199
2025-05-04 07:30:00,37.12364764
2025-05-04 08:00:00,38.23474768
2025-05-04 08:30:00,38.07453361
2025-05-04 09:00:00,36.17723501
2025-05-04 09:30:00,34.75464185
2025-05-04 10:00:00,33.09071278
2025-05-04 10:30:00,32.05101184
2025-05-04 11:00:00,30.49728172
2025-05-04 11:30:00,28.5915772
2025-05-04 12:00:00,27.26731354
2025-05-04 12:30:00,27.20005297
2025-05-04 13:00:00,27.04720116
2025-05-04 13:30:00,26.93767408
2025-05-04 14:00:00,27.39026967
2025-05-04 14:30:00,28.2185254
2025-05-04 15:00:00,30.52842083
2025-05-04 15:30:00,32.35877123
2025-05-04 16:00:00,34.40736154
2025-05-04 16:30:00,37.60972591
2025-05-04 17:00:00,40.32546622
2025-05-04 17:30:00,43.83590159
2025-05-04 18:00:00,47.94152245
2025-05-04 18:30:00,49.13188472
2025-05-04 19:00:00,48.93967761
2025-05-04 19:30:00,48.15945597
2025-05-04 20:00:00,47.32165983
2025-05-04 20:30:00,46.17133586
2025-05-04 21:00:00,45.38151626
2025-05-04 21:30:00,43.79468751
2025-05-04 22:00:00,41.60234039
2025-05-04 22:30:00,40.4002283
2025-05-04 23:00:00,38.37621613
2025-05-04 23:30:00,35.99000234
2025-05-05 00:00:00,33.69534785
2025-05-05 00:30:00,31.9092352
2025-05-05 01:00:00,30.73718526
2025-05-05 01:30:00,29.96565634
2025-05-05 02:00:00,29.38606782
2025-05-05 02:30:00,29.18485088
2025-05-05 03:00:00,29.02240713
2025-05-05 03:30:00,29.21498666
2025-05-05 04:00:00,29.35564116
2025-05-05 04:30:00,30.23618137
2025-05-05 05:00:00,31.00268425
2025-05-05 05:30:00,32.66287042
2025-05-05 06:00:00,35.05028179
2025-05-05 06:30:00,39.54698814
2025-05-05 07:00:00,44.31555674
2025-05-05 07:30:00,50.57749906
2025-05-05 08:00:00,53.84591424
2025-05-05 08:30:00,52.29150097
2025-05-05 09:00:00,48.30096834
2025-05-05 09:30:00,47.2683088
2025-05-05 10:00:00,43.79292268
2025-05-05 10:30:00,40.81933806
2025-05-05 11:00:00,37.82806835
2025-05-05 11:30:00,36.04759533
2025-05-05 12:00:00,34.60635825
2025-05-05 12:30:00,34.26326138
2025-05-05 13:00:00,35.04196053
2025-05-05 13:30:00,34.00677882
2025-05-05 14:00:00,34.38248065
2025-05-05 14:30:00,36.12764015
2025-05-05 15:00:00,39.48601516
2025-05-05 15:30:00,41.18881933
2025-05-05 16:00:00,42.56675858
2025-05-05 16:30:00,44.3531839
2025-05-05 17:00:00,45.80120742
2025-05-05 17:30:00,48.95238212
2025-05-05 18:00:00,52.13849168
2025-05-05 18:30:00,52.09100333
2025-05-05 19:00:00,51.90451028
2025-05-05 19:30:00,49.74474915
2025-05-05 20:00:00,48.79582713
2025-05-05 20:30:00,47.4313781
2025-05-05 21:00:00,46.10497222
2025-05-05 21:30:00,43.96624996
2025-05-05 22:00:00,41.67123725
2025-05-05 22:30:00,40.25270506
2025-05-05 23:00:00,38.40488044
2025-05-05 23:30:00,35.71602335
2025-05-06 00:00:00,33.2067761
2025-05-06 00:30:00,31.31148674
2025-05-06 01:00:00,30.07208201
2025-05-06 01:30:00,29.37212368
2025-05-06 02:00:00,28.88149146
2025-05-06 02:30:00,28.59305192
2025-05-06 03:00:00,28.3264806
2025-05-06 03:30:00,28.40274288
2025-05-06 04:00:00,28.55463432
2025-05-06 04:30:00,29.32107799
2025-05-06 05:00:00,29.97545627
2025-05-06 05:30:00,31.5846376
2025-05-06 06:00:00,33.69863595
2025-05-06 06:30:00,37.70217206
2025-05-06 07:00:00,41.75519863
2025-05-06 07:30:00,47.77970341
2025-05-06 08:00:00,50.25571493
2025-05-06 08:30:00,49.3556683
2025-05-06 09:00:00,45.92535238
2025-05-06 09:30:00,42.679748
2025-05-06 10:00:00,39.61166568
2025-05-06 10:30:00,39.52799295
2025-05-06 11:00:00,37.86854159
2025-05-06 11:30:00,34.67048916
2025-05-06 12:00:00,33.52177677
2025-05-06 12:30:00,33.68864349
2025-05-06 13:00:00,33.52306693
2025-05-06 13:30:00,34.54046729
2025-05-06 14:00:00,36.52498443
2025-05-06 14:30:00,38.81454726
2025-05-06 15:00:00,39.51166146
2025-05-06 15:30:00,40.4851797
2025-05-06 16:00:00,43.17700837
2025-05-06 16:30:00,44.30167598
2025-05-06 17:00:00,45.57104576
2025-05-06 17:30:00,48.42056237
2025-05-06 18:00:00,50.76799065
2025-05-06 18:30:00,51.03431095
2025-05-06 19:00:00,50.44578353
2025-05-06 19:30:00,48.16393822
2025-05-06 20:00:00,47.51357695
2025-05-06 20:30:00,46.23917929
2025-05-06 21:00:00,44.4748747
2025-05-06 21:30:00,42.13743031
2025-05-06 22:00:00,40.0767065
2025-05-06 22:30:00,39.0575421
2025-05-06 23:00:00,37.38032193
2025-05-06 23:30:00,34.38225626
2025-05-07 00:00:00,32.00612159
2025-05-07 00:30:00,30.33327361
2025-05-07 01:00:00,29.12083878
2025-05-07 01:30:00,28.33414598
2025-05-07 02:00:00,28.03742351
2025-05-07 02:30:00,27.79236808
2025-05-07 03:00:00,27.36864579
2025-05-07 03:30:00,27.12662104
2025-05-07 04:00:00,27.41956997
2025-05-07 04:30:00,28.08283929
2025-05-07 05:00:00,28.65490986
2025-05-07 05:30:00,30.11148163
2025-05-07 06:00:00,31.98370455
2025-05-07 06:30:00,35.8433681
2025-05-07 07:00:00,39.45234475
2025-05-07 07:30:00,44.67865944
2025-05-07 08:00:00,46.4659342
2025-05-07 08:30:00,45.04355034
2025-05-07 09:00:00,42.35319215
2025-05-07 09:30:00,40.07733159
2025-05-07 10:00:00,37.7287675
2025-05-07 10:30:00,39.74643447
2025-05-07 11:00:00,37.05218842
2025-05-07 11:30:00,34.83871719
2025-05-07 12:00:00,31.37287944
2025-05-07 12:30:00,34.12664362
2025-05-07 13:00:00,33.68769153
2025-05-07 13:30:00,33.19012917
2025-05-07 14:00:00,34.59160979
2025-05-07 14:30:00,36.21423759
2025-05-07 15:00:00,37.33777277
2025-05-07 15:30:00,38.63201213
2025-05-07 16:00:00,41.0249451
2025-05-07 16:30:00,43.50921657
2025-05-07 17:00:00,45.68818982
2025-05-07 17:30:00,47.71299022
2025-05-07 18:00:00,49.84378852
2025-05-07 18:30:00,49.68721229
2025-05-07 19:00:00,48.57705457
2025-05-07 19:30:00,46.53711378
2025-05-07 20:00:00,44.93215191
2025-05-07 20:30:00,44.02320511
2025-05-07 21:00:00,42.42090166
2025-05-07 21:30:00,40.51263582
2025-05-07 22:00:00,38.58119585
2025-05-07 22:30:00,37.82768746
2025-05-07 23:00:00,35.76703586
2025-05-07 23:30:00,33.28381415
2025-05-08 00:00:00,30.84004871
2025-05-08 00:30:00,29.19693151
2025-05-08 01:00:00,28.10773279
2025-05-08 01:30:00,27.4946147
2025-05-08 02:00:00,27.04658845
2025-05-08 02:30:00,26.94826503
2025-05-08 03:00:00,26.74819793
2025-05-08 03:30:00,26.76231216
2025-05-08 04:00:00,26.8986731
2025-05-08 04:30:00,27.72301838
2025-05-08 05:00:00,28.22604335
2025-05-08 05:30:00,29.59550163
2025-05-08 06:00:00,31.37626606
2025-05-08 06:30:00,35.26482805
2025-05-08 07:00:00,39.13229207
2025-05-08 07:30:00,44.42271779
2025-05-08 08:00:00,46.84905211
2025-05-08 08:30:00,45.84272014
2025-05-08 09:00:00,42.69930812
2025-05-08 09:30:00,39.78260068
2025-05-08 10:00:00,37.66747383
2025-05-08 10:30:00,36.45641603
2025-05-08 11:00:00,37.56776427
2025-05-08 11:30:00,35.9707535
2025-05-08 12:00:00,34.16803595
2025-05-08 12:30:00,32.96932143
2025-05-08 13:00:00,33.39270489
2025-05-08 13:30:00,33.26114846
2025-05-08 14:00:00,34.05706881
2025-05-08 14:30:00,35.38499918
2025-05-08 15:00:00,37.07782151
2025-05-08 15:30:00,38.59863506
2025-05-08 16:00:00,40.82821687
2025-05-08 16:30:00,43.67231638
2025-05-08 17:00:00,46.26318701
2025-05-08 17:30:00,48.62252381
2025-05-08 18:00:00,51.79585558
2025-05-08 18:30:00,51.84835689
2025-05-08 19:00:00,51.59112196
2025-05-08 19:30:00,49.7438145
2025-05-08 20:00:00,48.89586608
2025-05-08 20:30:00,48.00193857
2025-05-08 21:00:00,46.69931108
2025-05-08 21:30:00,44.88977912
2025-05-08 22:00:00,42.7182172
2025-05-08 22:30:00,41.7834523
2025-05-08 23:00:00,39.50185766
2025-05-08 23:30:00,37.27421367
2025-05-09 00:00:00,34.51877379
2025-05-09 00:30:00,32.4397192
2025-05-09 01:00:00,31.24998693
2025-05-09 01:30:00,30.38641931
2025-05-09 02:00:00,30.04971835
2025-05-09 02:30:00,29.6474059
2025-05-09 03:00:00,29.26548094
2025-05-09 03:30:00,29.28829266
2025-05-09 04:00:00,29.4005568
2025-05-09 04:30:00,30.06988103
2025-05-09 05:00:00,30.90793325
2025-05-09 05:30:00,32.79563867
2025-05-09 06:00:00,35.16069476
2025-05-09 06:30:00,39.57857926
2025-05-09 07:00:00,44.08773473
2025-05-09 07:30:00,50.38267713
2025-05-09 08:00:00,53.66575713
2025-05-09 08:30:00,52.50919028
2025-05-09 09:00:00,49.07693888
2025-05-09 09:30:00,45.37518039
2025-05-09 10:00:00,42.24385165
2025-05-09 10:30:00,40.64316794
2025-05-09 11:00:00,38.55944274
2025-05-09 11:30:00,36.72091115
2025-05-09 12:00:00,35.38769904
2025-05-09 12:30:00,35.68858438
2025-05-09 13:00:00,35.03744194
2025-05-09 13:30:00,34.81305314
2025-05-09 14:00:00,35.52842878
2025-05-09 14:30:00,36.1625004
2025-05-09 15:00:00,37.34920365
2025-05-09 15:30:00,39.16021312
2025-05-09 16:00:00,41.20020529
2025-05-09 16:30:00,44.23628571
2025-05-09 17:00:00,47.26455453
2025-05-09 17:30:00,49.9982254
2025-05-09 18:00:00,53.1778068
2025-05-09 18:30:00,53.05510534
2025-05-09 19:00:00,52.19554397
2025-05-09 19:30:00,51.0385508
2025-05-09 20:00:00,50.20183915
2025-05-09 20:30:00,48.84750343
2025-05-09 21:00:00,47.97009246
2025-05-09 21:30:00,45.84189566
2025-05-09 22:00:00,43.89775556
2025-05-09 22:30:00,43.08380837
2025-05-09 23:00:00,40.98196086
2025-05-09 23:30:00,38.34885914
2025-05-10 00:00:00,35.66495948
2025-05-10 00:30:00,33.76453939
2025-05-10 01:00:00,32.21746004
2025-05-10 01:30:00,31.37219784
2025-05-10 02:00:00,30.53702235
2025-05-10 02:30:00,30.19682273
2025-05-10 03:00:00,29.72365446
2025-05-10 03:30:00,29.52331972
2025-05-10 04:00:00,29.40084787
2025-05-10 04:30:00,29.68004572
2025-05-10 05:00:00,29.95348565
2025-05-10 05:30:00,30.59768501
2025-05-10 06:00:00,31.78620411
2025-05-10 06:30:00,33.57404531
2025-05-10 07:00:00,35.0523421
2025-05-10 07:30:00,38.02194717
2025-05-10 08:00:00,39.61314098
2025-05-10 08:30:00,40.05450323
2025-05-10 09:00:00,39.24644526
2025-05-10 09:30:00,37.45479299
2025-05-10 10:00:00,34.76052716
2025-05-10 10:30:00,33.56802065
2025-05-10 11:00:00,31.76456866
2025-05-10 11:30:00,30.03231256
2025-05-10 12:00:00,28.63332807
2025-05-10 12:30:00,28.5952962
2025-05-10 13:00:00,28.45370816
2025-05-10 13:30:00,28.29472493
2025-05-10 14:00:00,28.84902491
2025-05-10 14:30:00,29.71893056
2025-05-10 15:00:00,31.4084506
2025-05-10 15:30:00,33.60153327
2025-05-10 16:00:00,35.84757528
2025-05-10 16:30:00,38.58949654
2025-05-10 17:00:00,41.52498563
2025-05-10 17:30:00,44.35350747
2025-05-10 18:00:00,46.91139309
2025-05-10 18:30:00,47.21805651
2025-05-10 19:00:00,46.78104737
2025-05-10 19:30:00,45.59647671
2025-05-10 20:00:00,44.51492852
2025-05-10 20:30:00,43.53826473
2025-05-10 21:00:00,42.52613382
2025-05-10 21:30:00,41.14364875
2025-05-10 22:00:00,39.91255691
2025-05-10 22:30:00,39.27568201
2025-05-10 23:00:00,37.86048771
2025-05-10 23:30:00,35.80500605
2025-05-11 00:00:00,33.50432193
2025-05-11 00:30:00,31.63222377
2025-05-11 01:00:00,30.26713654
2025-05-11 01:30:00,29.46608173
2025-05-11 02:00:00,28.81287283
2025-05-11 02:30:00,28.13121607
2025-05-11 03:00:00,27.80743029
2025-05-11 03:30:00,27.56653473
2025-05-11 04:00:00,27.53621449
2025-05-11 04:30:00,27.60712378
2025-05-11 05:00:00,27.64933896
2025-05-11 05:30:00,28.20348006
2025-05-11 06:00:00,29.08580273
2025-05-11 06:30:00,30.4843066
2025-05-11 07:00:00,31.74616093
2025-05-11 07:30:00,33.65246755
2025-05-11 08:00:00,34.53214499
2025-05-11 08:30:00,34.2362675
2025-05-11 09:00:00,33.28260776
2025-05-11 09:30:00,32.54887027
2025-05-11 10:00:00,32.10825198
2025-05-11 10:30:00,31.1970684
2025-05-11 11:00:00,33.20336833
2025-05-11 11:30:00,34.21609071
2025-05-11 12:00:00,31.18880533
2025-05-11 12:30:00,31.07080738
2025-05-11 13:00:00,29.69547064
2025-05-11 13:30:00,30.54084691
2025-05-11 14:00:00,30.05560018
2025-05-11 14:30:00,30.49791268
2025-05-11 15:00:00,31.37127219
2025-05-11 15:30:00,33.34450148
2025-05-11 16:00:00,36.6864128
2025-05-11 16:30:00,37.63635513
2025-05-11 17:00:00,39.97738163
2025-05-11 17:30:00,42.2636113
2025-05-11 18:00:00,45.2492732
2025-05-11 18:30:00,46.28329417
2025-05-11 19:00:00,46.07899772
2025-05-11 19:30:00,44.9795853
2025-05-11 20:00:00,43.71077703
2025-05-11 20:30:00,42.68165649
2025-05-11 21:00:00,41.40417882
2025-05-11 21:30:00,40.0409312
2025-05-11 22:00:00,38.33497888
2025-05-11 22:30:00,37.17378683
2025-05-11 23:00:00,35.69785407
2025-05-11 23:30:00,33.43861742
2025-05-12 00:00:00,31.07335804
2025-05-12 00:30:00,29.56541145
2025-05-12 01:00:00,28.57257291
2025-05-12 01:30:00,27.79148226
2025-05-12 02:00:00,27.23603485
2025-05-12 02:30:00,26.79582805
2025-05-12 03:00:00,26.50996749
2025-05-12 03:30:00,26.56583537
2025-05-12 04:00:00,26.5908691
2025-05-12 04:30:00,27.41069339
2025-05-12 05:00:00,28.01193835
2025-05-12 05:30:00,29.25539898
2025-05-12 06:00:00,30.87085675
2025-05-12 06:30:00,34.16362959
2025-05-12 07:00:00,37.67195768
2025-05-12 07:30:00,42.78299059
2025-05-12 08:00:00,45.02415409
2025-05-12 08:30:00,45.99477697
2025-05-12 09:00:00,43.6321195
2025-05-12 09:30:00,40.79890247
2025-05-12 10:00:00,38.52606391
2025-05-12 10:30:00,36.81382097
2025-05-12 11:00:00,35.88988152
2025-05-12 11:30:00,36.02736569
2025-05-12 12:00:00,34.10651397
2025-05-12 12:30:00,35.11232772
2025-05-12 13:00:00,36.01498959
2025-05-12 13:30:00,34.13392989
2025-05-12 14:00:00,35.45522976
2025-05-12 14:30:00,36.89709047
2025-05-12 15:00:00,38.10076446
2025-05-12 15:30:00,40.8224228
2025-05-12 16:00:00,42.4389082
2025-05-12 16:30:00,44.3582664
2025-05-12 17:00:00,46.22670247
2025-05-12 17:30:00,48.33743045
2025-05-12 18:00:00,50.37507497
2025-05-12 18:30:00,49.79504408
2025-05-12 19:00:00,48.98827809
2025-05-12 19:30:00,46.33156326
2025-05-12 20:00:00,45.08755857
2025-05-12 20:30:00,43.51933562
2025-05-12 21:00:00,42.18501179
2025-05-12 21:30:00,40.39699365
2025-05-12 22:00:00,38.1862967
2025-05-12 22:30:00,37.35081106
2025-05-12 23:00:00,35.64978076
2025-05-12 23:30:00,33.08773843
2025-05-13 00:00:00,30.79971918
2025-05-13 00:30:00,29.29142307
2025-05-13 01:00:00,28.19389801
2025-05-13 01:30:00,27.38230987
2025-05-13 02:00:00,26.83027563
2025-05-13 02:30:00,26.58634424
2025-05-13 03:00:00,26.36169478
2025-05-13 03:30:00,26.37925605
2025-05-13 04:00:00,26.37222666
2025-05-13 04:30:00,26.92342658
2025-05-13 05:00:00,27.4409554
2025-05-13 05:30:00,28.59689889
2025-05-13 06:00:00,30.05627478
2025-05-13 06:30:00,33.36702918
2025-05-13 07:00:00,36.72238144
2025-05-13 07:30:00,41.87005135
2025-05-13 08:00:00,44.77082375
2025-05-13 08:30:00,45.27356444
2025-05-13 09:00:00,43.39985844
2025-05-13 09:30:00,42.49397024
2025-05-13 10:00:00,41.88004374
2025-05-13 10:30:00,44.60520339
2025-05-13 11:00:00,43.62131101
2025-05-13 11:30:00,42.0773511
2025-05-13 12:00:00,38.92947671
2025-05-13 12:30:00,40.36804519
2025-05-13 13:00:00,44.64218263
2025-05-13 13:30:00,45.10730496
2025-05-13 14:00:00,41.12086988
2025-05-13 14:30:00,39.99997067
2025-05-13 15:00:00,42.65071623
2025-05-13 15:30:00,42.21709003
2025-05-13 16:00:00,45.15826453
2025-05-13 16:30:00,46.4649061
2025-05-13 17:00:00,47.48464989
2025-05-13 17:30:00,49.64984946
2025-05-13 18:00:00,51.41006231
2025-05-13 18:30:00,51.03409866
2025-05-13 19:00:00,50.24679608
2025-05-13 19:30:00,47.55348466
2025-05-13 20:00:00,45.84480862
2025-05-13 20:30:00,44.52995926
2025-05-13 21:00:00,43.35748535
2025-05-13 21:30:00,41.30183913
2025-05-13 22:00:00,38.81697797
2025-05-13 22:30:00,37.72158243
2025-05-13 23:00:00,35.91798243
2025-05-13 23:30:00,33.34121234
2025-05-14 00:00:00,31.05888989
2025-05-14 00:30:00,29.62044792
2025-05-14 01:00:00,28.62343759
2025-05-14 01:30:00,27.78830498
2025-05-14 02:00:00,27.2033916
2025-05-14 02:30:00,26.97012159
2025-05-14 03:00:00,26.65324642
2025-05-14 03:30:00,26.59807255
2025-05-14 04:00:00,26.64268261
2025-05-14 04:30:00,27.25654223
2025-05-14 05:00:00,27.83533385
2025-05-14 05:30:00,29.10217558
2025-05-14 06:00:00,30.48943047
2025-05-14 06:30:00,33.60794959
2025-05-14 07:00:00,37.17998782
2025-05-14 07:30:00,42.30476651
2025-05-14 08:00:00,45.95772269
2025-05-14 08:30:00,47.99883248
2025-05-14 09:00:00,47.13061813
2025-05-14 09:30:00,47.27561847
2025-05-14 10:00:00,45.36025532
2025-05-14 10:30:00,43.96539746
2025-05-14 11:00:00,42.032392
2025-05-14 11:30:00,43.29640309
2025-05-14 12:00:00,37.85069778
2025-05-14 12:30:00,38.76451363
2025-05-14 13:00:00,38.22821608
2025-05-14 13:30:00,35.89136315
2025-05-14 14:00:00,40.31359952
2025-05-14 14:30:00,38.7849888
2025-05-14 15:00:00,41.238046
2025-05-14 15:30:00,40.82555873
2025-05-14 16:00:00,40.11920329
2025-05-14 16:30:00,43.93088222
2025-05-14 17:00:00,46.50804187
2025-05-14 17:30:00,49.16476941
2025-05-14 18:00:00,51.23589346
2025-05-14 18:30:00,51.05992008
2025-05-14 19:00:00,50.28672494
2025-05-14 19:30:00,47.98125978
2025-05-14 20:00:00,47.06482541
2025-05-14 20:30:00,45.74666686
2025-05-14 21:00:00,44.02729471
2025-05-14 21:30:00,41.97226094
2025-05-14 22:00:00,40.12390412
2025-05-14 22:30:00,39.10649671
2025-05-14 23:00:00,37.16533193
2025-05-14 23:30:00,34.68136327
2025-05-15 00:00:00,32.1072611
2025-05-15 00:30:00,30.08261269
2025-05-15 01:00:00,29.01170193
2025-05-15 01:30:00,28.13391287
2025-05-15 02:00:00,27.58063078
2025-05-15 02:30:00,27.33887564
2025-05-15 03:00:00,27.09167512
2025-05-15 03:30:00,27.11918121
2025-05-15 04:00:00,27.11662594
2025-05-15 04:30:00,27.66328519
2025-05-15 05:00:00,28.21513209
2025-05-15 05:30:00,29.42812402
2025-05-15 06:00:00,31.08702395
2025-05-15 06:30:00,34.9301265
2025-05-15 07:00:00,38.81123976
2025-05-15 07:30:00,43.71498659
2025-05-15 08:00:00,46.30320503
2025-05-15 08:30:00,45.71165076
2025-05-15 09:00:00,42.91931227
2025-05-15 09:30:00,40.58805352
2025-05-15 10:00:00,38.3179949
2025-05-15 10:30:00,38.12273551
2025-05-15 11:00:00,38.9433681
2025-05-15 11:30:00,40.28952782
2025-05-15 12:00:00,40.42114721
2025-05-15 12:30:00,37.32708283
2025-05-15 13:00:00,36.60214816
2025-05-15 13:30:00,36.23046187
2025-05-15 14:00:00,38.2667612
2025-05-15 14:30:00,39.42058896
2025-05-15 15:00:00,38.96293033
2025-05-15 15:30:00,40.91436087
2025-05-15 16:00:00,43.17693712
2025-05-15 16:30:00,44.89304902
2025-05-15 17:00:00,46.91564081
2025-05-15 17:30:00,49.58003229
2025-05-15 18:00:00,51.45705619
2025-05-15 18:30:00,50.97522168
2025-05-15 19:00:00,49.87436578
2025-05-15 19:30:00,47.95742175
2025-05-15 20:00:00,46.81659304
2025-05-15 20:30:00,45.90858776
2025-05-15 21:00:00,44.52826835
2025-05-15 21:30:00,42.44474528
2025-05-15 22:00:00,40.68560969
2025-05-15 22:30:00,39.70274221
2025-05-15 23:00:00,37.77489685
2025-05-15 23:30:00,35.43825265
2025-05-16 00:00:00,33.07146696
2025-05-16 00:30:00,31.16714126
2025-05-16 01:00:00,29.911798310000002
2025-05-16 01:30:00,29.02080691
2025-05-16 02:00:00,28.37385002
2025-05-16 02:30:00,28.03019602
2025-05-16 03:00:00,27.59202338
2025-05-16 03:30:00,27.39440784
2025-05-16 04:00:00,27.63653468
2025-05-16 04:30:00,28.23963051
2025-05-16 05:00:00,28.60806995
2025-05-16 05:30:00,29.93122658
2025-05-16 06:00:00,31.70893136
2025-05-16 06:30:00,34.83138745
2025-05-16 07:00:00,37.82705763
2025-05-16 07:30:00,42.86588598
2025-05-16 08:00:00,44.88557041
2025-05-16 08:30:00,45.84546201
2025-05-16 09:00:00,46.02192486
2025-05-16 09:30:00,46.41179325
2025-05-16 10:00:00,45.16310256
2025-05-16 10:30:00,45.44833796
2025-05-16 11:00:00,44.74570622
2025-05-16 11:30:00,43.40689456
2025-05-16 12:00:00,41.72441606
2025-05-16 12:30:00,45.56037443
2025-05-16 13:00:00,45.12207826
2025-05-16 13:30:00,42.32631841
2025-05-16 14:00:00,38.95270522
2025-05-16 14:30:00,40.52009028
2025-05-16 15:00:00,40.55772749
2025-05-16 15:30:00,42.49616503
2025-05-16 16:00:00,43.89051214
2025-05-16 16:30:00,45.9938298
2025-05-16 17:00:00,48.26148188
2025-05-16 17:30:00,50.93338837
2025-05-16 18:00:00,53.0301881
2025-05-16 18:30:00,52.59329842
2025-05-16 19:00:00,51.42559755
2025-05-16 19:30:00,49.48284537
2025-05-16 20:00:00,48.49768893
2025-05-16 20:30:00,47.38352174
2025-05-16 21:00:00,46.52852559
2025-05-16 21:30:00,44.62331292
2025-05-16 22:00:00,42.19252297
2025-05-16 22:30:00,41.52478586
2025-05-16 23:00:00,40.03948691
2025-05-16 23:30:00,37.17633654
2025-05-17 00:00:00,34.74998391
2025-05-17 00:30:00,32.93318977
2025-05-17 01:00:00,31.79996797
2025-05-17 01:30:00,30.86704271
2025-05-17 02:00:00,30.11432228
2025-05-17 02:30:00,29.51765322
2025-05-17 03:00:00,29.1679768
2025-05-17 03:30:00,29.21131331
2025-05-17 04:00:00,29.22727266
2025-05-17 04:30:00,29.31179402
2025-05-17 05:00:00,29.77979362
2025-05-17 05:30:00,30.60382414
2025-05-17 06:00:00,31.70708404
2025-05-17 06:30:00,33.64916304
2025-05-17 07:00:00,35.17436912
2025-05-17 07:30:00,37.44909435
2025-05-17 08:00:00,39.88044122
2025-05-17 08:30:00,41.60661046
2025-05-17 09:00:00,42.92831397
2025-05-17 09:30:00,44.09838716
2025-05-17 10:00:00,44.34019345
2025-05-17 10:30:00,44.74567023
2025-05-17 11:00:00,43.26587716
2025-05-17 11:30:00,38.05091404
2025-05-17 12:00:00,32.612156
2025-05-17 12:30:00,31.70263159
2025-05-17 13:00:00,30.8779572
2025-05-17 13:30:00,30.72320277
2025-05-17 14:00:00,31.22489403
2025-05-17 14:30:00,32.15923602
2025-05-17 15:00:00,33.76470701
2025-05-17 15:30:00,35.49180219
2025-05-17 16:00:00,38.12143426
2025-05-17 16:30:00,41.12198698
2025-05-17 17:00:00,44.09723748
2025-05-17 17:30:00,47.27986373
2025-05-17 18:00:00,49.78623225
2025-05-17 18:30:00,49.96188663
2025-05-17 19:00:00,49.28621768
2025-05-17 19:30:00,48.00541854
2025-05-17 20:00:00,47.14258267
2025-05-17 20:30:00,46.21365237
2025-05-17 21:00:00,45.24091402
2025-05-17 21:30:00,44.01363003
2025-05-17 22:00:00,42.48759677
2025-05-17 22:30:00,42.07430561
2025-05-17 23:00:00,40.28851155
2025-05-17 23:30:00,37.70237545
2025-05-18 00:00:00,35.33430883
2025-05-18 00:30:00,33.44617203
2025-05-18 01:00:00,32.28640867
2025-05-18 01:30:00,31.26372717
2025-05-18 02:00:00,30.40368448
2025-05-18 02:30:00,30.01379901
2025-05-18 03:00:00,29.74473054
2025-05-18 03:30:00,29.53486419
2025-05-18 04:00:00,29.37168898
2025-05-18 04:30:00,29.76021125
2025-05-18 05:00:00,30.17765145
2025-05-18 05:30:00,30.80979999
2025-05-18 06:00:00,31.72971951
2025-05-18 06:30:00,33.29050916
2025-05-18 07:00:00,34.58123878
2025-05-18 07:30:00,36.56781054
2025-05-18 08:00:00,38.22772179
2025-05-18 08:30:00,38.24791249
2025-05-18 09:00:00,37.61799253
2025-05-18 09:30:00,36.77032238
2025-05-18 10:00:00,36.26369844
2025-05-18 10:30:00,35.57230083
2025-05-18 11:00:00,34.66860581
2025-05-18 11:30:00,33.60159766
2025-05-18 12:00:00,33.19726578
2025-05-18 12:30:00,32.18907236
2025-05-18 13:00:00,31.58210323
2025-05-18 13:30:00,31.59010415
2025-05-18 14:00:00,32.00874183
2025-05-18 14:30:00,33.13566512
2025-05-18 15:00:00,37.84316369
2025-05-18 15:30:00,38.6311578
2025-05-18 16:00:00,41.56493239
2025-05-18 16:30:00,46.06796676
2025-05-18 17:00:00,49.80134891
2025-05-18 17:30:00,53.01594042
2025-05-18 18:00:00,55.21666422
2025-05-18 18:30:00,55.51963372
2025-05-18 19:00:00,55.00867021
2025-05-18 19:30:00,53.78298919
2025-05-18 20:00:00,52.43517793
2025-05-18 20:30:00,50.84713012
2025-05-18 21:00:00,49.46732336
2025-05-18 21:30:00,47.07614588
2025-05-18 22:00:00,44.41913235
2025-05-18 22:30:00,43.40171231
2025-05-18 23:00:00,41.21338633
2025-05-18 23:30:00,38.40340907
2025-05-19 00:00:00,35.74191215
2025-05-19 00:30:00,34.04010386
2025-05-19 01:00:00,32.68257537
2025-05-19 01:30:00,31.78282047
2025-05-19 02:00:00,31.25305787
2025-05-19 02:30:00,30.61726226
2025-05-19 03:00:00,30.31232407
2025-05-19 03:30:00,30.33608405
2025-05-19 04:00:00,30.58042412
2025-05-19 04:30:00,31.44748676
2025-05-19 05:00:00,32.31286625
2025-05-19 05:30:00,34.2653377
2025-05-19 06:00:00,36.43869599
2025-05-19 06:30:00,41.05605036
2025-05-19 07:00:00,46.21133431
2025-05-19 07:30:00,52.22835149
2025-05-19 08:00:00,56.04960164
2025-05-19 08:30:00,56.78896398
2025-05-19 09:00:00,53.93182161
2025-05-19 09:30:00,51.81375065
2025-05-19 10:00:00,49.04845613
2025-05-19 10:30:00,51.75800284
2025-05-19 11:00:00,48.33349452
2025-05-19 11:30:00,44.80793872
2025-05-19 12:00:00,40.5491167
2025-05-19 12:30:00,45.08731882
2025-05-19 13:00:00,47.47206032
2025-05-19 13:30:00,46.81342288
2025-05-19 14:00:00,43.42388162
2025-05-19 14:30:00,45.00003385
2025-05-19 15:00:00,47.53399077
2025-05-19 15:30:00,47.57663177
2025-05-19 16:00:00,49.40072212
2025-05-19 16:30:00,51.27195936
2025-05-19 17:00:00,54.87414918
2025-05-19 17:30:00,58.9252557
2025-05-19 18:00:00,62.08382341
2025-05-19 18:30:00,62.28549661
2025-05-19 19:00:00,61.84459655
2025-05-19 19:30:00,59.18162566
2025-05-19 20:00:00,57.64440432
2025-05-19 20:30:00,55.99810901
2025-05-19 21:00:00,53.48262723
2025-05-19 21:30:00,50.41888509
2025-05-19 22:00:00,47.07133184
2025-05-19 22:30:00,45.22213629
2025-05-19 23:00:00,42.64775391
2025-05-19 23:30:00,39.17125682
2025-05-20 00:00:00,36.26232935
2025-05-20 00:30:00,34.29114863
2025-05-20 01:00:00,32.9523138
2025-05-20 01:30:00,32.06347439
2025-05-20 02:00:00,31.42218181
2025-05-20 02:30:00,30.89922005
2025-05-20 03:00:00,30.44259354
2025-05-20 03:30:00,30.64376011
2025-05-20 04:00:00,30.84687937
2025-05-20 04:30:00,31.85263091
2025-05-20 05:00:00,32.75365906
2025-05-20 05:30:00,34.8269053
2025-05-20 06:00:00,37.20477302
2025-05-20 06:30:00,42.18193723
2025-05-20 07:00:00,47.86068704
2025-05-20 07:30:00,54.48410635
2025-05-20 08:00:00,57.4275642
2025-05-20 08:30:00,56.73492924
2025-05-20 09:00:00,55.1105075
2025-05-20 09:30:00,51.06568161
2025-05-20 10:00:00,45.74077889
2025-05-20 10:30:00,43.5603328
2025-05-20 11:00:00,41.92580362
2025-05-20 11:30:00,46.0376245
2025-05-20 12:00:00,44.06020272
2025-05-20 12:30:00,44.96920186
2025-05-20 13:00:00,45.788823
2025-05-20 13:30:00,45.85419741
2025-05-20 14:00:00,47.50851611
2025-05-20 14:30:00,46.14889945
2025-05-20 15:00:00,46.13280347
2025-05-20 15:30:00,47.47555763
2025-05-20 16:00:00,49.49009183
2025-05-20 16:30:00,50.36445066
2025-05-20 17:00:00,53.10893102
2025-05-20 17:30:00,57.60031819
2025-05-20 18:00:00,60.46669386
2025-05-20 18:30:00,60.20647528
2025-05-20 19:00:00,59.74549922
2025-05-20 19:30:00,57.31178999
2025-05-20 20:00:00,56.02643054
2025-05-20 20:30:00,54.64119413
2025-05-20 21:00:00,52.76676684
2025-05-20 21:30:00,49.94639742
2025-05-20 22:00:00,47.0067929
2025-05-20 22:30:00,45.20250567
2025-05-20 23:00:00,42.49251345
2025-05-20 23:30:00,39.36222624
2025-05-21 00:00:00,36.42473243
2025-05-21 00:30:00,34.32617074
2025-05-21 01:00:00,32.62450645
2025-05-21 01:30:00,31.85117374
2025-05-21 02:00:00,31.10273987
2025-05-21 02:30:00,30.62278788
2025-05-21 03:00:00,30.3269988
2025-05-21 03:30:00,30.42271755
2025-05-21 04:00:00,30.56256653
2025-05-21 04:30:00,31.54186302
2025-05-21 05:00:00,32.31333671
2025-05-21 05:30:00,34.25249839
2025-05-21 06:00:00,36.52682152
2025-05-21 06:30:00,41.05870373
2025-05-21 07:00:00,46.04623605
2025-05-21 07:30:00,52.16780404
2025-05-21 08:00:00,55.36016332
2025-05-21 08:30:00,55.59616937
2025-05-21 09:00:00,50.11956016
2025-05-21 09:30:00,50.12151535
2025-05-21 10:00:00,48.78761247
2025-05-21 10:30:00,44.35306601
2025-05-21 11:00:00,45.37668061
2025-05-21 11:30:00,48.83446496
2025-05-21 12:00:00,48.8936354
2025-05-21 12:30:00,48.08353552
2025-05-21 13:00:00,47.54725568
2025-05-21 13:30:00,44.61913441
2025-05-21 14:00:00,45.31249116
2025-05-21 14:30:00,45.49115529
2025-05-21 15:00:00,47.47061395
2025-05-21 15:30:00,48.73791459
2025-05-21 16:00:00,49.90839727
2025-05-21 16:30:00,51.60915641
2025-05-21 17:00:00,53.82710802
2025-05-21 17:30:00,56.74579543
2025-05-21 18:00:00,58.82172254
2025-05-21 18:30:00,58.1475026
2025-05-21 19:00:00,57.2370623
2025-05-21 19:30:00,54.65540241
2025-05-21 20:00:00,53.2325334
2025-05-21 20:30:00,51.86232464
2025-05-21 21:00:00,50.2961368
2025-05-21 21:30:00,47.41693299
2025-05-21 22:00:00,44.8833563
2025-05-21 22:30:00,42.78795296
2025-05-21 23:00:00,40.53274575
2025-05-21 23:30:00,37.49754447
2025-05-22 00:00:00,34.90765772
2025-05-22 00:30:00,32.65756644
2025-05-22 01:00:00,31.07827415
2025-05-22 01:30:00,30.26924041
2025-05-22 02:00:00,29.4988972
2025-05-22 02:30:00,29.06740857
2025-05-22 03:00:00,28.77604301
2025-05-22 03:30:00,28.7767956
2025-05-22 04:00:00,28.86671305
2025-05-22 04:30:00,29.81520693
2025-05-22 05:00:00,30.5171937
2025-05-22 05:30:00,32.01126438
2025-05-22 06:00:00,34.04095837
2025-05-22 06:30:00,38.01431492
2025-05-22 07:00:00,41.94624856
2025-05-22 07:30:00,47.709629
2025-05-22 08:00:00,50.7339977
2025-05-22 08:30:00,50.7852558
2025-05-22 09:00:00,50.87271805
2025-05-22 09:30:00,51.8588202
2025-05-22 10:00:00,51.60597794
2025-05-22 10:30:00,52.70857401
2025-05-22 11:00:00,53.30359829
2025-05-22 11:30:00,53.89853698
2025-05-22 12:00:00,54.15125556
2025-05-22 12:30:00,55.38104834
2025-05-22 13:00:00,54.72349468
2025-05-22 13:30:00,54.48687093
2025-05-22 14:00:00,54.3107124
2025-05-22 14:30:00,53.98871475
2025-05-22 15:00:00,53.17585239
2025-05-22 15:30:00,52.91782534
2025-05-22 16:00:00,52.71645328
2025-05-22 16:30:00,53.81568335
2025-05-22 17:00:00,55.77032142
2025-05-22 17:30:00,58.12996446
2025-05-22 18:00:00,58.93776766
2025-05-22 18:30:00,58.06501534
2025-05-22 19:00:00,56.90073662
2025-05-22 19:30:00,54.39570196
2025-05-22 20:00:00,52.74438493
2025-05-22 20:30:00,51.23009443
2025-05-22 21:00:00,49.48744544
2025-05-22 21:30:00,46.98988372
2025-05-22 22:00:00,44.07157635
2025-05-22 22:30:00,42.61653496
2025-05-22 23:00:00,40.51238174
2025-05-22 23:30:00,37.51911289
2025-05-23 00:00:00,34.83748211
2025-05-23 00:30:00,32.65454168
2025-05-23 01:00:00,31.42689886
2025-05-23 01:30:00,30.36682984
2025-05-23 02:00:00,29.65877086
2025-05-23 02:30:00,28.94783797
2025-05-23 03:00:00,28.34465985
2025-05-23 03:30:00,28.59802136
2025-05-23 04:00:00,28.71150076
2025-05-23 04:30:00,29.54286058
2025-05-23 05:00:00,29.97773697
2025-05-23 05:30:00,31.44891422
2025-05-23 06:00:00,32.95341402
2025-05-23 06:30:00,36.45166034
2025-05-23 07:00:00,40.07035952
2025-05-23 07:30:00,45.10929464
2025-05-23 08:00:00,49.09243795
2025-05-23 08:30:00,50.47081208
2025-05-23 09:00:00,49.13014828
2025-05-23 09:30:00,50.59010436
2025-05-23 10:00:00,52.19155256
2025-05-23 10:30:00,51.96725247
2025-05-23 11:00:00,50.60473718
2025-05-23 11:30:00,51.39936647
2025-05-23 12:00:00,51.17486843
2025-05-23 12:30:00,52.22036954
2025-05-23 13:00:00,51.66200062
2025-05-23 13:30:00,49.50673652
2025-05-23 14:00:00,48.71787636
2025-05-23 14:30:00,49.10600007
2025-05-23 15:00:00,49.36139666
2025-05-23 15:30:00,49.61619082
2025-05-23 16:00:00,47.2877715
2025-05-23 16:30:00,48.99032267
2025-05-23 17:00:00,51.58072852
2025-05-23 17:30:00,54.41166454
2025-05-23 18:00:00,56.93099446
2025-05-23 18:30:00,56.75129946
2025-05-23 19:00:00,56.46001407
2025-05-23 19:30:00,54.3598509
2025-05-23 20:00:00,53.29450512
2025-05-23 20:30:00,51.80002007
2025-05-23 21:00:00,50.37635922
2025-05-23 21:30:00,48.12638367
2025-05-23 22:00:00,45.5665218
2025-05-23 22:30:00,44.12030502
2025-05-23 23:00:00,42.24569765
2025-05-23 23:30:00,39.32931092
2025-05-24 00:00:00,36.56357023
2025-05-24 00:30:00,34.19978212
2025-05-24 01:00:00,32.86282797
2025-05-24 01:30:00,31.69043842
2025-05-24 02:00:00,30.67190194
2025-05-24 02:30:00,29.87412856
2025-05-24 03:00:00,29.63969109
2025-05-24 03:30:00,29.49624565
2025-05-24 04:00:00,29.46689165
2025-05-24 04:30:00,29.68282
2025-05-24 05:00:00,29.82727118
2025-05-24 05:30:00,30.50854508
2025-05-24 06:00:00,31.39916002
2025-05-24 06:30:00,32.95002433
2025-05-24 07:00:00,34.65817128
2025-05-24 07:30:00,36.50652101
2025-05-24 08:00:00,38.97383355
2025-05-24 08:30:00,40.88073671
2025-05-24 09:00:00,42.71423497
2025-05-24 09:30:00,43.37906379
2025-05-24 10:00:00,41.34178596
2025-05-24 10:30:00,42.00333524
2025-05-24 11:00:00,39.23470554
2025-05-24 11:30:00,36.05839284
2025-05-24 12:00:00,42.06183958
2025-05-24 12:30:00,39.42808155
2025-05-24 13:00:00,38.48705225
2025-05-24 13:30:00,34.0056105
2025-05-24 14:00:00,34.26698038
2025-05-24 14:30:00,35.41995547
2025-05-24 15:00:00,36.89350564
2025-05-24 15:30:00,39.63053595
2025-05-24 16:00:00,41.30261343
2025-05-24 16:30:00,43.97830732
2025-05-24 17:00:00,46.79826889
2025-05-24 17:30:00,49.86035841
2025-05-24 18:00:00,51.77061858
2025-05-24 18:30:00,52.30501073
2025-05-24 19:00:00,51.54932586
2025-05-24 19:30:00,50.2086016
2025-05-24 20:00:00,49.45142409
2025-05-24 20:30:00,48.51331988
2025-05-24 21:00:00,47.19260545
2025-05-24 21:30:00,46.00261816
2025-05-24 22:00:00,43.94517027
2025-05-24 22:30:00,42.96606838
2025-05-24 23:00:00,41.38704377
2025-05-24 23:30:00,38.71182282
2025-05-25 00:00:00,36.48399742
2025-05-25 00:30:00,34.41470227
2025-05-25 01:00:00,33.16919297
2025-05-25 01:30:00,31.98380115
2025-05-25 02:00:00,31.14572305
2025-05-25 02:30:00,30.63012632
2025-05-25 03:00:00,30.3175111
2025-05-25 03:30:00,30.25090373
2025-05-25 04:00:00,30.12520262
2025-05-25 04:30:00,30.57932045
2025-05-25 05:00:00,30.79026103
2025-05-25 05:30:00,31.3537173
2025-05-25 06:00:00,32.43688301
2025-05-25 06:30:00,34.26435519
2025-05-25 07:00:00,36.09588776
2025-05-25 07:30:00,38.43061542
2025-05-25 08:00:00,39.81557948
2025-05-25 08:30:00,40.77172174
2025-05-25 09:00:00,40.69047588
2025-05-25 09:30:00,40.35310601
2025-05-25 10:00:00,37.01934684
2025-05-25 10:30:00,35.55863436
2025-05-25 11:00:00,34.06149588
2025-05-25 11:30:00,32.409804
2025-05-25 12:00:00,31.31699133
2025-05-25 12:30:00,31.38936565
2025-05-25 13:00:00,30.79287276
2025-05-25 13:30:00,30.91216917
2025-05-25 14:00:00,32.08245889
2025-05-25 14:30:00,32.7146797
2025-05-25 15:00:00,34.27078627
2025-05-25 15:30:00,36.22240171
2025-05-25 16:00:00,39.15919011
2025-05-25 16:30:00,42.01897402
2025-05-25 17:00:00,45.31169478
2025-05-25 17:30:00,49.11202904
2025-05-25 18:00:00,52.22427408
2025-05-25 18:30:00,53.01885208
2025-05-25 19:00:00,52.74945303
2025-05-25 19:30:00,51.9068155
2025-05-25 20:00:00,51.15374584
2025-05-25 20:30:00,50.40033598
2025-05-25 21:00:00,49.0126963
2025-05-25 21:30:00,47.10710144
2025-05-25 22:00:00,44.96750551
2025-05-25 22:30:00,43.5608847
2025-05-25 23:00:00,41.41194078
2025-05-25 23:30:00,38.51547332
2025-05-26 00:00:00,36.34973486
2025-05-26 00:30:00,34.52592628
2025-05-26 01:00:00,33.26231028
2025-05-26 01:30:00,32.31495208
2025-05-26 02:00:00,31.74780843
2025-05-26 02:30:00,31.52628315
2025-05-26 03:00:00,31.3845116
2025-05-26 03:30:00,31.58591867
2025-05-26 04:00:00,31.76228958
2025-05-26 04:30:00,32.70364772
2025-05-26 05:00:00,33.81852111
2025-05-26 05:30:00,35.99489637
2025-05-26 06:00:00,38.75264342
2025-05-26 06:30:00,43.69393512
2025-05-26 07:00:00,49.36590036
2025-05-26 07:30:00,56.13875683
2025-05-26 08:00:00,59.99079336
2025-05-26 08:30:00,58.73374202
2025-05-26 09:00:00,55.49493074
2025-05-26 09:30:00,51.79714853
2025-05-26 10:00:00,48.25298901
2025-05-26 10:30:00,46.05712581
2025-05-26 11:00:00,43.25949005
2025-05-26 11:30:00,40.76386672
2025-05-26 12:00:00,46.70448638
2025-05-26 12:30:00,51.92115462
2025-05-26 13:00:00,52.44385467
2025-05-26 13:30:00,53.81300556
2025-05-26 14:00:00,52.13854208
2025-05-26 14:30:00,54.15746389
2025-05-26 15:00:00,55.62337871
2025-05-26 15:30:00,55.68466209
2025-05-26 16:00:00,56.89984972
2025-05-26 16:30:00,58.43813413
2025-05-26 17:00:00,60.53328246
2025-05-26 17:30:00,62.24149279
2025-05-26 18:00:00,63.43391829
2025-05-26 18:30:00,62.36659349
2025-05-26 19:00:00,61.00417207
2025-05-26 19:30:00,57.77118751
2025-05-26 20:00:00,55.58979143
2025-05-26 20:30:00,53.6155248
2025-05-26 21:00:00,51.70763196
2025-05-26 21:30:00,48.75737717
2025-05-26 22:00:00,45.52407119
2025-05-26 22:30:00,43.70119513
2025-05-26 23:00:00,41.54565834
2025-05-26 23:30:00,38.51372917
2025-05-27 00:00:00,35.70319602
2025-05-27 00:30:00,33.65968115
2025-05-27 01:00:00,32.27234462
2025-05-27 01:30:00,31.49038057
2025-05-27 02:00:00,30.86225278
2025-05-27 02:30:00,30.44545942
2025-05-27 03:00:00,30.00365641
2025-05-27 03:30:00,30.05102892
2025-05-27 04:00:00,30.14521934
2025-05-27 04:30:00,31.15436163
2025-05-27 05:00:00,31.98712587
2025-05-27 05:30:00,33.83708377
2025-05-27 06:00:00,36.22880111
2025-05-27 06:30:00,40.8272952
2025-05-27 07:00:00,45.97393202
2025-05-27 07:30:00,52.43642283
2025-05-27 08:00:00,56.05782082
2025-05-27 08:30:00,55.84704265
2025-05-27 09:00:00,52.51509455
2025-05-27 09:30:00,49.87038511
2025-05-27 10:00:00,47.27306165
2025-05-27 10:30:00,45.38030824
2025-05-27 11:00:00,43.54139623
2025-05-27 11:30:00,42.62525868
2025-05-27 12:00:00,41.45084102
2025-05-27 12:30:00,42.61628925
2025-05-27 13:00:00,42.18223485
2025-05-27 13:30:00,40.45780435
2025-05-27 14:00:00,45.0754842
2025-05-27 14:30:00,48.12018056
2025-05-27 15:00:00,49.00004654
2025-05-27 15:30:00,52.85232465
2025-05-27 16:00:00,54.54895789
2025-05-27 16:30:00,56.68860396
2025-05-27 17:00:00,59.65990057
2025-05-27 17:30:00,63.40556548
2025-05-27 18:00:00,66.3685033
2025-05-27 18:30:00,66.26983107
2025-05-27 19:00:00,65.14559014
2025-05-27 19:30:00,62.71784542
2025-05-27 20:00:00,61.37837347
2025-05-27 20:30:00,59.73528333
2025-05-27 21:00:00,57.44064149
2025-05-27 21:30:00,54.35555349
2025-05-27 22:00:00,50.37209766
2025-05-27 22:30:00,47.90225793
2025-05-27 23:00:00,45.35256344
2025-05-27 23:30:00,41.67254232
2025-05-28 00:00:00,38.59617647
2025-05-28 00:30:00,36.12287453
2025-05-28 01:00:00,34.57442666
2025-05-28 01:30:00,33.4910037
2025-05-28 02:00:00,32.80644408
2025-05-28 02:30:00,32.37125393
2025-05-28 03:00:00,31.87959964
2025-05-28 03:30:00,31.90238051
2025-05-28 04:00:00,32.0727542
2025-05-28 04:30:00,33.11385333
2025-05-28 05:00:00,33.96466994
2025-05-28 05:30:00,36.00629131
2025-05-28 06:00:00,38.76490267
2025-05-28 06:30:00,43.69308965
2025-05-28 07:00:00,49.00666952
2025-05-28 07:30:00,55.66030038
2025-05-28 08:00:00,59.11330096
2025-05-28 08:30:00,58.3351463
2025-05-28 09:00:00,54.96672596
2025-05-28 09:30:00,51.65921048
2025-05-28 10:00:00,49.45742246
2025-05-28 10:30:00,47.95211567
2025-05-28 11:00:00,44.75128975
2025-05-28 11:30:00,43.18873471
2025-05-28 12:00:00,42.16889225
2025-05-28 12:30:00,42.47950282
2025-05-28 13:00:00,42.07173796
2025-05-28 13:30:00,40.49839306
2025-05-28 14:00:00,40.21805166
2025-05-28 14:30:00,41.47542693
2025-05-28 15:00:00,42.93178598
2025-05-28 15:30:00,44.57727402
2025-05-28 16:00:00,47.3060091
2025-05-28 16:30:00,50.48674386
2025-05-28 17:00:00,54.06435602
2025-05-28 17:30:00,58.63496215
2025-05-28 18:00:00,61.48493623
2025-05-28 18:30:00,61.93757956
2025-05-28 19:00:00,61.6802253
2025-05-28 19:30:00,59.54876579
2025-05-28 20:00:00,58.63615982
2025-05-28 20:30:00,57.5504081
2025-05-28 21:00:00,55.74699214
2025-05-28 21:30:00,53.58954347
2025-05-28 22:00:00,50.64586038
2025-05-28 22:30:00,48.60403932
2025-05-28 23:00:00,45.81601491
2025-05-28 23:30:00,42.17238504
2025-05-29 00:00:00,39.28076552
2025-05-29 00:30:00,36.96874718
2025-05-29 01:00:00,35.58089367
2025-05-29 01:30:00,34.74172439
2025-05-29 02:00:00,34.09369581
2025-05-29 02:30:00,33.55610345
2025-05-29 03:00:00,33.22561341
2025-05-29 03:30:00,33.33455867
2025-05-29 04:00:00,33.59589769
2025-05-29 04:30:00,34.59523085
2025-05-29 05:00:00,35.44288837
2025-05-29 05:30:00,37.71578064
2025-05-29 06:00:00,40.44830363
2025-05-29 06:30:00,45.88165966
2025-05-29 07:00:00,52.10719198
2025-05-29 07:30:00,59.55804614
2025-05-29 08:00:00,63.98079866
2025-05-29 08:30:00,64.07489107
2025-05-29 09:00:00,60.28064927
2025-05-29 09:30:00,55.7262792
2025-05-29 10:00:00,51.8209916
2025-05-29 10:30:00,50.1615474
2025-05-29 11:00:00,46.76976979
2025-05-29 11:30:00,44.84956919
2025-05-29 12:00:00,43.70091502
2025-05-29 12:30:00,44.66705295
2025-05-29 13:00:00,43.07105343
2025-05-29 13:30:00,42.31532122
2025-05-29 14:00:00,42.38272192
2025-05-29 14:30:00,43.21959731
2025-05-29 15:00:00,44.55308999
2025-05-29 15:30:00,47.58201493
2025-05-29 16:00:00,49.8712144
2025-05-29 16:30:00,52.42930529
2025-05-29 17:00:00,56.15517745
2025-05-29 17:30:00,59.54118613
2025-05-29 18:00:00,62.53020731
2025-05-29 18:30:00,62.82854233
2025-05-29 19:00:00,62.52176349
2025-05-29 19:30:00,60.79557252
2025-05-29 20:00:00,59.60874598
2025-05-29 20:30:00,58.48640896
2025-05-29 21:00:00,57.39912353
2025-05-29 21:30:00,54.47028436
2025-05-29 22:00:00,51.69220879
2025-05-29 22:30:00,49.93592451
2025-05-29 23:00:00,47.23674589
2025-05-29 23:30:00,43.69556844
2025-05-30 00:00:00,40.79516811
2025-05-30 00:30:00,38.17303572
2025-05-30 01:00:00,36.84461994
2025-05-30 01:30:00,35.8007463
2025-05-30 02:00:00,35.23415211
2025-05-30 02:30:00,34.75805573
2025-05-30 03:00:00,34.47005655
2025-05-30 03:30:00,34.66919967
2025-05-30 04:00:00,34.878447800000004
2025-05-30 04:30:00,36.00504699
2025-05-30 05:00:00,37.0630544
2025-05-30 05:30:00,39.44154973
2025-05-30 06:00:00,42.60036907
2025-05-30 06:30:00,48.37424955
2025-05-30 07:00:00,54.39846633
2025-05-30 07:30:00,62.11195786
2025-05-30 08:00:00,67.44376331
2025-05-30 08:30:00,67.68297834
2025-05-30 09:00:00,64.00101399
2025-05-30 09:30:00,60.72302205
2025-05-30 10:00:00,56.93247576
2025-05-30 10:30:00,53.63275811
2025-05-30 11:00:00,50.16724985
2025-05-30 11:30:00,47.18064706
2025-05-30 12:00:00,45.14836312
2025-05-30 12:30:00,44.553436
2025-05-30 13:00:00,43.19132076
2025-05-30 13:30:00,42.41931451
2025-05-30 14:00:00,42.78450062
2025-05-30 14:30:00,43.30401319
2025-05-30 15:00:00,44.28391265
2025-05-30 15:30:00,45.60863548
2025-05-30 16:00:00,48.03979041
2025-05-30 16:30:00,50.86025749
2025-05-30 17:00:00,54.3348682
2025-05-30 17:30:00,58.6015879
2025-05-30 18:00:00,61.32470255
2025-05-30 18:30:00,62.14234516
2025-05-30 19:00:00,61.40392474
2025-05-30 19:30:00,59.49423476
2025-05-30 20:00:00,58.74982691
2025-05-30 20:30:00,57.70356178
2025-05-30 21:00:00,57.11333492
2025-05-30 21:30:00,54.88095632
2025-05-30 22:00:00,52.36842378
2025-05-30 22:30:00,50.56619128
2025-05-30 23:00:00,48.27850854
2025-05-30 23:30:00,44.80337093
2025-05-31 00:00:00,41.6602697
2025-05-31 00:30:00,39.15551998
2025-05-31 01:00:00,37.61591433
2025-05-31 01:30:00,36.28939271
2025-05-31 02:00:00,35.27238126
2025-05-31 02:30:00,34.33119221
2025-05-31 03:00:00,33.76609578
2025-05-31 03:30:00,33.55651952
2025-05-31 04:00:00,33.71564004
2025-05-31 04:30:00,33.97254347
2025-05-31 05:00:00,34.10873541
2025-05-31 05:30:00,35.11042349
2025-05-31 06:00:00,36.22134728
2025-05-31 06:30:00,38.57079537
2025-05-31 07:00:00,40.79403301
2025-05-31 07:30:00,43.55272675
2025-05-31 08:00:00,46.51910841
2025-05-31 08:30:00,48.57650606
2025-05-31 09:00:00,50.66941123
2025-05-31 09:30:00,52.01807031
2025-05-31 10:00:00,50.79632517
2025-05-31 10:30:00,49.68081206
2025-05-31 11:00:00,44.56455214
2025-05-31 11:30:00,39.46648325
2025-05-31 12:00:00,37.58600425
2025-05-31 12:30:00,37.09991596
2025-05-31 13:00:00,36.15032053
2025-05-31 13:30:00,35.44991132
2025-05-31 14:00:00,35.31789413
2025-05-31 14:30:00,36.34205993
2025-05-31 15:00:00,36.95454747
2025-05-31 15:30:00,38.8441593
2025-05-31 16:00:00,41.41787813
2025-05-31 16:30:00,44.55072951
2025-05-31 17:00:00,48.55500343
2025-05-31 17:30:00,52.20635232
2025-05-31 18:00:00,54.79440015
2025-05-31 18:30:00,55.51385081
2025-05-31 19:00:00,55.09628253
2025-05-31 19:30:00,54.09169361
2025-05-31 20:00:00,53.23297296
2025-05-31 20:30:00,52.90210927
2025-05-31 21:00:00,52.32251178
2025-05-31 21:30:00,50.66114114
2025-05-31 22:00:00,49.02780328
2025-05-31 22:30:00,47.87386221
2025-05-31 23:00:00,46.33977386
2025-05-31 23:30:00,43.79011902
2025-06-01 00:00:00,41.09752712
2025-06-01 00:30:00,38.59506638
2025-06-01 01:00:00,37.12053124
2025-06-01 01:30:00,36.14097326
2025-06-01 02:00:00,35.30420653
2025-06-01 02:30:00,34.40227744
2025-06-01 03:00:00,33.8068998
2025-06-01 03:30:00,33.53390368
2025-06-01 04:00:00,33.37456294
2025-06-01 04:30:00,33.59608896
2025-06-01 05:00:00,34.04361716
2025-06-01 05:30:00,34.92656377
2025-06-01 06:00:00,36.0506116
2025-06-01 06:30:00,37.95820661
2025-06-01 07:00:00,39.72111719
2025-06-01 07:30:00,42.4101476
2025-06-01 08:00:00,45.15359997
2025-06-01 08:30:00,47.44418535
2025-06-01 09:00:00,48.97393772
2025-06-01 09:30:00,50.28812389
2025-06-01 10:00:00,51.37496431
2025-06-01 10:30:00,52.36761274
2025-06-01 11:00:00,52.2168784
2025-06-01 11:30:00,50.6483889
2025-06-01 12:00:00,45.19625031
2025-06-01 12:30:00,39.60284554
2025-06-01 13:00:00,37.68861174
2025-06-01 13:30:00,36.72120756
2025-06-01 14:00:00,36.5776796
2025-06-01 14:30:00,36.83293049
2025-06-01 15:00:00,38.00226791
2025-06-01 15:30:00,39.47215068
2025-06-01 16:00:00,41.77639324
2025-06-01 16:30:00,44.93079507
2025-06-01 17:00:00,48.62825967
2025-06-01 17:30:00,52.68300852
2025-06-01 18:00:00,55.61655132
2025-06-01 18:30:00,56.52817767
2025-06-01 19:00:00,56.50715362
2025-06-01 19:30:00,55.97406435
2025-06-01 20:00:00,55.48882293
2025-06-01 20:30:00,54.51778431
2025-06-01 21:00:00,53.62501753
2025-06-01 21:30:00,51.75829569
2025-06-01 22:00:00,49.37617972
2025-06-01 22:30:00,48.07863114
2025-06-01 23:00:00,46.24654277
2025-06-01 23:30:00,43.45750763
2025-06-02 00:00:00,40.86217989
2025-06-02 00:30:00,38.54962896
2025-06-02 01:00:00,37.22426824
2025-06-02 01:30:00,36.11397402
2025-06-02 02:00:00,35.32440884
2025-06-02 02:30:00,34.92399236
2025-06-02 03:00:00,34.65034592
2025-06-02 03:30:00,34.82387247
2025-06-02 04:00:00,34.88496869
2025-06-02 04:30:00,35.53698591
2025-06-02 05:00:00,36.07977914
2025-06-02 05:30:00,37.77985176
2025-06-02 06:00:00,39.47875666
2025-06-02 06:30:00,42.36560483
2025-06-02 07:00:00,45.07245569
2025-06-02 07:30:00,48.66939504
2025-06-02 08:00:00,51.3184186
2025-06-02 08:30:00,53.96792387
2025-06-02 09:00:00,53.03357768
2025-06-02 09:30:00,52.37602961
2025-06-02 10:00:00,56.84102533
2025-06-02 10:30:00,58.61229102
2025-06-02 11:00:00,58.11446861
2025-06-02 11:30:00,54.9388401
2025-06-02 12:00:00,52.05031821
2025-06-02 12:30:00,54.40952479
2025-06-02 13:00:00,52.16127183
2025-06-02 13:30:00,49.82604845
2025-06-02 14:00:00,51.37508931
2025-06-02 14:30:00,46.53508103
2025-06-02 15:00:00,49.0016251
2025-06-02 15:30:00,49.9834208
2025-06-02 16:00:00,52.74245726
2025-06-02 16:30:00,55.35229244
2025-06-02 17:00:00,59.02520142
2025-06-02 17:30:00,62.86178588
2025-06-02 18:00:00,64.48033643
2025-06-02 18:30:00,63.88186283
2025-06-02 19:00:00,63.24355437
2025-06-02 19:30:00,61.36315332
2025-06-02 20:00:00,59.94046833
2025-06-02 20:30:00,58.38327001
2025-06-02 21:00:00,56.66881286
2025-06-02 21:30:00,53.45043036
2025-06-02 22:00:00,50.57467297
2025-06-02 22:30:00,49.0966923
2025-06-02 23:00:00,47.33219465
2025-06-02 23:30:00,43.82902256
2025-06-03 00:00:00,41.11638231
2025-06-03 00:30:00,38.83237058
2025-06-03 01:00:00,37.37102071
2025-06-03 01:30:00,36.53670764
2025-06-03 02:00:00,35.82160245
2025-06-03 02:30:00,35.29036822
2025-06-03 03:00:00,35.03006486
2025-06-03 03:30:00,35.23853414
2025-06-03 04:00:00,35.43001996
2025-06-03 04:30:00,36.28529759
2025-06-03 05:00:00,37.39766944
2025-06-03 05:30:00,40.20686493
2025-06-03 06:00:00,43.32609716
2025-06-03 06:30:00,49.00485724
2025-06-03 07:00:00,54.98912565
2025-06-03 07:30:00,62.56220435
2025-06-03 08:00:00,68.46729125
2025-06-03 08:30:00,70.15146533
2025-06-03 09:00:00,66.78761327
2025-06-03 09:30:00,63.95431704
2025-06-03 10:00:00,58.96581397
2025-06-03 10:30:00,55.8244639
2025-06-03 11:00:00,52.57794918
2025-06-03 11:30:00,49.72599992
2025-06-03 12:00:00,47.19138574
2025-06-03 12:30:00,47.28877224
2025-06-03 13:00:00,45.80131376
2025-06-03 13:30:00,44.87193606
2025-06-03 14:00:00,44.48479958
2025-06-03 14:30:00,45.22269532
2025-06-03 15:00:00,46.05854487
2025-06-03 15:30:00,48.20372359
2025-06-03 16:00:00,50.28352841
2025-06-03 16:30:00,54.64128922
2025-06-03 17:00:00,58.45386286
2025-06-03 17:30:00,61.9747525
2025-06-03 18:00:00,64.87776839
2025-06-03 18:30:00,64.88231217
2025-06-03 19:00:00,64.08616464
2025-06-03 19:30:00,62.24068055
2025-06-03 20:00:00,60.64558367
2025-06-03 20:30:00,59.04556088
2025-06-03 21:00:00,57.30054051
2025-06-03 21:30:00,54.34814754
2025-06-03 22:00:00,50.83482563
2025-06-03 22:30:00,48.72701263
2025-06-03 23:00:00,45.98017588
2025-06-03 23:30:00,42.39979115
2025-06-04 00:00:00,39.71463134
2025-06-04 00:30:00,37.98834349
2025-06-04 01:00:00,36.41648078
2025-06-04 01:30:00,35.34949195
2025-06-04 02:00:00,34.47186591
2025-06-04 02:30:00,34.09699214
2025-06-04 03:00:00,33.90117927
2025-06-04 03:30:00,33.93683772
2025-06-04 04:00:00,34.12026539
2025-06-04 04:30:00,35.07725681
2025-06-04 05:00:00,36.10141068
2025-06-04 05:30:00,38.68114524
2025-06-04 06:00:00,41.55224076
2025-06-04 06:30:00,46.96097883
2025-06-04 07:00:00,53.28736837
2025-06-04 07:30:00,60.97565529
2025-06-04 08:00:00,66.08124596
2025-06-04 08:30:00,65.92112307
2025-06-04 09:00:00,61.76414964
2025-06-04 09:30:00,58.25678451
2025-06-04 10:00:00,54.56121229
2025-06-04 10:30:00,52.73942589
2025-06-04 11:00:00,50.54543529
2025-06-04 11:30:00,48.37205397
2025-06-04 12:00:00,45.29459129
2025-06-04 12:30:00,45.61543076
2025-06-04 13:00:00,44.85376349
2025-06-04 13:30:00,44.33738393
2025-06-04 14:00:00,44.41150811
2025-06-04 14:30:00,45.4408858
2025-06-04 15:00:00,47.26507055
2025-06-04 15:30:00,48.75438792
2025-06-04 16:00:00,52.00507224
2025-06-04 16:30:00,55.90525544
2025-06-04 17:00:00,60.2182382
2025-06-04 17:30:00,64.89640167
2025-06-04 18:00:00,67.92674182
2025-06-04 18:30:00,68.15084818
2025-06-04 19:00:00,63.76181779
2025-06-04 19:30:00,60.29614744
2025-06-04 20:00:00,59.40409545
2025-06-04 20:30:00,61.87119117
2025-06-04 21:00:00,62.56487635
2025-06-04 21:30:00,58.15248084
2025-06-04 22:00:00,54.78587132
2025-06-04 22:30:00,52.20166511
2025-06-04 23:00:00,48.88342925
2025-06-04 23:30:00,45.40194353
2025-06-05 00:00:00,42.17974847
2025-06-05 00:30:00,39.83052518
2025-06-05 01:00:00,38.23058451
2025-06-05 01:30:00,37.05090244
2025-06-05 02:00:00,36.1350954
2025-06-05 02:30:00,35.71418836
2025-06-05 03:00:00,35.27039315
2025-06-05 03:30:00,35.22794616
2025-06-05 04:00:00,35.4718332
2025-06-05 04:30:00,36.33538695
2025-06-05 05:00:00,37.41275926
2025-06-05 05:30:00,39.83594417
2025-06-05 06:00:00,42.97687806
2025-06-05 06:30:00,49.33833333
2025-06-05 07:00:00,55.38828442
2025-06-05 07:30:00,62.84166774
2025-06-05 08:00:00,67.63535209
2025-06-05 08:30:00,67.62169546
2025-06-05 09:00:00,64.07481463
2025-06-05 09:30:00,60.60131117
2025-06-05 10:00:00,56.28928367
2025-06-05 10:30:00,53.75401434
2025-06-05 11:00:00,51.04268612
2025-06-05 11:30:00,48.34484923
2025-06-05 12:00:00,46.23016041
2025-06-05 12:30:00,46.20414456
2025-06-05 13:00:00,45.00251686
2025-06-05 13:30:00,44.73312137
2025-06-05 14:00:00,44.64528923
2025-06-05 14:30:00,45.58086557
2025-06-05 15:00:00,46.88088299
2025-06-05 15:30:00,48.3900342
2025-06-05 16:00:00,51.0016367
2025-06-05 16:30:00,54.45332194
2025-06-05 17:00:00,58.43674448
2025-06-05 17:30:00,62.76118127
2025-06-05 18:00:00,66.04002119
2025-06-05 18:30:00,67.06789786
2025-06-05 19:00:00,67.31325651
2025-06-05 19:30:00,66.02362174
2025-06-05 20:00:00,65.22262851
2025-06-05 20:30:00,64.46806184
2025-06-05 21:00:00,63.18012623
2025-06-05 21:30:00,60.23482921
2025-06-05 22:00:00,56.15276064
2025-06-05 22:30:00,54.3825353
2025-06-05 23:00:00,51.50037885
2025-06-05 23:30:00,47.60943668
2025-06-06 00:00:00,44.36300124
2025-06-06 00:30:00,41.36921034
2025-06-06 01:00:00,39.69332121
2025-06-06 01:30:00,38.38629021
2025-06-06 02:00:00,37.71350317
2025-06-06 02:30:00,37.28290532
2025-06-06 03:00:00,36.88289933
2025-06-06 03:30:00,36.77724145
2025-06-06 04:00:00,36.97945277
2025-06-06 04:30:00,37.88927149
2025-06-06 05:00:00,38.82177813
2025-06-06 05:30:00,41.47248394
2025-06-06 06:00:00,44.67216
2025-06-06 06:30:00,50.58222371
2025-06-06 07:00:00,56.4013087
2025-06-06 07:30:00,63.54994217
2025-06-06 08:00:00,67.66365581
2025-06-06 08:30:00,69.77737478
2025-06-06 09:00:00,70.12255193
2025-06-06 09:30:00,70.00679011
2025-06-06 10:00:00,67.5374359
2025-06-06 10:30:00,66.98376659
2025-06-06 11:00:00,59.43137854
2025-06-06 11:30:00,58.66660064
2025-06-06 12:00:00,62.00130413
2025-06-06 12:30:00,64.1946216
2025-06-06 13:00:00,64.33828641
2025-06-06 13:30:00,63.03760061
2025-06-06 14:00:00,62.85318303
2025-06-06 14:30:00,59.10465489
2025-06-06 15:00:00,57.50148905
2025-06-06 15:30:00,59.8602872
2025-06-06 16:00:00,61.5932952
2025-06-06 16:30:00,63.96983658
2025-06-06 17:00:00,66.74223053
2025-06-06 17:30:00,69.09166729
2025-06-06 18:00:00,70.82495953
2025-06-06 18:30:00,69.55451428
2025-06-06 19:00:00,69.58521673
2025-06-06 19:30:00,67.22410333
2025-06-06 20:00:00,65.93470234
2025-06-06 20:30:00,64.60823855
2025-06-06 21:00:00,62.71881881
2025-06-06 21:30:00,59.61413487
2025-06-06 22:00:00,56.71938665
2025-06-06 22:30:00,54.77292589
2025-06-06 23:00:00,52.50123427
2025-06-06 23:30:00,48.78352349
2025-06-07 00:00:00,45.39906672
2025-06-07 00:30:00,42.8580832
2025-06-07 01:00:00,40.81417937
2025-06-07 01:30:00,39.44982843
2025-06-07 02:00:00,38.109375
2025-06-07 02:30:00,37.42855224
2025-06-07 03:00:00,36.66034637
2025-06-07 03:30:00,36.20196205
2025-06-07 04:00:00,35.86396854
2025-06-07 04:30:00,35.98750228
2025-06-07 05:00:00,36.059425
2025-06-07 05:30:00,37.08528853
2025-06-07 06:00:00,38.42487815
2025-06-07 06:30:00,40.99037246
2025-06-07 07:00:00,42.97301942
2025-06-07 07:30:00,45.81131449
2025-06-07 08:00:00,48.70349602
2025-06-07 08:30:00,51.14940032
2025-06-07 09:00:00,53.86232937
2025-06-07 09:30:00,54.73371027
2025-06-07 10:00:00,54.08971763
2025-06-07 10:30:00,48.81631858
2025-06-07 11:00:00,48.44009051
2025-06-07 11:30:00,48.7477888
2025-06-07 12:00:00,51.47354878
2025-06-07 12:30:00,55.11220152
2025-06-07 13:00:00,56.24239174
2025-06-07 13:30:00,51.31627266
2025-06-07 14:00:00,50.17760177
2025-06-07 14:30:00,50.31372755
2025-06-07 15:00:00,50.08144387
2025-06-07 15:30:00,49.96777416
2025-06-07 16:00:00,53.04763378
2025-06-07 16:30:00,56.84770082
2025-06-07 17:00:00,60.20107697
2025-06-07 17:30:00,62.87788881
2025-06-07 18:00:00,63.74481185
2025-06-07 18:30:00,63.16150197
2025-06-07 19:00:00,62.45909427
2025-06-07 19:30:00,60.55627744
2025-06-07 20:00:00,59.32671189
2025-06-07 20:30:00,58.3026566
2025-06-07 21:00:00,57.00587655
2025-06-07 21:30:00,55.05413837
2025-06-07 22:00:00,52.77875534
2025-06-07 22:30:00,51.44473322
2025-06-07 23:00:00,49.54409041
2025-06-07 23:30:00,46.44852158
2025-06-08 00:00:00,43.60415553
2025-06-08 00:30:00,41.00120962
2025-06-08 01:00:00,39.52818833
2025-06-08 01:30:00,38.24993605
2025-06-08 02:00:00,37.37064224
2025-06-08 02:30:00,36.78706727
2025-06-08 03:00:00,35.9785825
2025-06-08 03:30:00,35.73957424
2025-06-08 04:00:00,35.56287888
2025-06-08 04:30:00,35.86134995
2025-06-08 05:00:00,35.94570293
2025-06-08 05:30:00,37.24311962
2025-06-08 06:00:00,38.33420491
2025-06-08 06:30:00,40.66194987
2025-06-08 07:00:00,42.575538
2025-06-08 07:30:00,45.10028149
2025-06-08 08:00:00,48.10320491
2025-06-08 08:30:00,50.93313806
2025-06-08 09:00:00,53.23330135
2025-06-08 09:30:00,55.90857186
2025-06-08 10:00:00,57.20251057
2025-06-08 10:30:00,59.01405939
2025-06-08 11:00:00,56.93941547
2025-06-08 11:30:00,56.73185612
2025-06-08 12:00:00,57.47403804
2025-06-08 12:30:00,58.64828148
2025-06-08 13:00:00,56.70400952
2025-06-08 13:30:00,55.36522329
2025-06-08 14:00:00,54.73383034
2025-06-08 14:30:00,58.11051619
2025-06-08 15:00:00,59.68609338
2025-06-08 15:30:00,58.48323375
2025-06-08 16:00:00,59.54128894
2025-06-08 16:30:00,60.65924879
2025-06-08 17:00:00,64.41078103
2025-06-08 17:30:00,67.6187812
2025-06-08 18:00:00,68.61731141
2025-06-08 18:30:00,68.58494322
2025-06-08 19:00:00,67.78098287
2025-06-08 19:30:00,66.18497734
2025-06-08 20:00:00,64.87903765
2025-06-08 20:30:00,63.92059531
2025-06-08 21:00:00,62.36339443
2025-06-08 21:30:00,60.14936393
2025-06-08 22:00:00,57.35340488
2025-06-08 22:30:00,55.35248462
2025-06-08 23:00:00,52.46358012
2025-06-08 23:30:00,49.11848829
2025-06-09 00:00:00,46.12945335
2025-06-09 00:30:00,43.10231148
2025-06-09 01:00:00,41.36009385
2025-06-09 01:30:00,40.1002285
2025-06-09 02:00:00,38.88807805
2025-06-09 02:30:00,38.38293451
2025-06-09 03:00:00,37.69064159
2025-06-09 03:30:00,37.62126811
2025-06-09 04:00:00,37.27006853
2025-06-09 04:30:00,37.90229924
2025-06-09 05:00:00,38.71395645
2025-06-09 05:30:00,40.25891544
2025-06-09 06:00:00,41.81868201
2025-06-09 06:30:00,44.80174495
2025-06-09 07:00:00,47.19104994
2025-06-09 07:30:00,50.74107316
2025-06-09 08:00:00,54.01741643
2025-06-09 08:30:00,57.70905898
2025-06-09 09:00:00,60.01425933
2025-06-09 09:30:00,62.05833047
2025-06-09 10:00:00,62.28504707
2025-06-09 10:30:00,61.29240571
2025-06-09 11:00:00,61.19589747
2025-06-09 11:30:00,61.62523539
2025-06-09 12:00:00,58.09213588
2025-06-09 12:30:00,59.39195063
2025-06-09 13:00:00,61.51960703
2025-06-09 13:30:00,63.87698054
2025-06-09 14:00:00,60.78364282
2025-06-09 14:30:00,55.32140684
2025-06-09 15:00:00,54.25810346
2025-06-09 15:30:00,54.0570509
2025-06-09 16:00:00,58.47383419
2025-06-09 16:30:00,63.12092722
2025-06-09 17:00:00,66.70788652
2025-06-09 17:30:00,70.0370527
2025-06-09 18:00:00,72.20848286
2025-06-09 18:30:00,71.73539525
2025-06-09 19:00:00,71.19578431
2025-06-09 19:30:00,68.54977988
2025-06-09 20:00:00,66.64130763
2025-06-09 20:30:00,64.77267448
2025-06-09 21:00:00,62.43863408
2025-06-09 21:30:00,58.35845374
2025-06-09 22:00:00,54.80206974
2025-06-09 22:30:00,52.27465645
2025-06-09 23:00:00,49.28299555
2025-06-09 23:30:00,45.78019456
2025-06-10 00:00:00,42.85261652
2025-06-10 00:30:00,40.62792613
2025-06-10 01:00:00,38.87554863
2025-06-10 01:30:00,37.87219853
2025-06-10 02:00:00,37.08341782
2025-06-10 02:30:00,36.66186179
2025-06-10 03:00:00,36.43456489
2025-06-10 03:30:00,36.61909574
2025-06-10 04:00:00,36.98794745
2025-06-10 04:30:00,37.84293299
2025-06-10 05:00:00,38.86503038
2025-06-10 05:30:00,41.5293779
2025-06-10 06:00:00,44.74656675
2025-06-10 06:30:00,50.80195381
2025-06-10 07:00:00,57.4952649
2025-06-10 07:30:00,66.33512189
2025-06-10 08:00:00,71.28576575
2025-06-10 08:30:00,71.04836101
2025-06-10 09:00:00,66.64812652
2025-06-10 09:30:00,62.78049559
2025-06-10 10:00:00,58.77410099
2025-06-10 10:30:00,56.05804591
2025-06-10 11:00:00,53.2908641
2025-06-10 11:30:00,50.58217714
2025-06-10 12:00:00,50.09155109
2025-06-10 12:30:00,50.43462848
2025-06-10 13:00:00,49.52407982
2025-06-10 13:30:00,48.36224685
2025-06-10 14:00:00,49.6072547
2025-06-10 14:30:00,49.44286312
2025-06-10 15:00:00,50.85103999
2025-06-10 15:30:00,52.4090951
2025-06-10 16:00:00,55.13673579
2025-06-10 16:30:00,59.18940121
2025-06-10 17:00:00,63.86268155
2025-06-10 17:30:00,69.21278944
2025-06-10 18:00:00,73.06845338
2025-06-10 18:30:00,73.3160653
2025-06-10 19:00:00,73.20141199
2025-06-10 19:30:00,70.79339848
2025-06-10 20:00:00,69.51796359
2025-06-10 20:30:00,67.82075141
2025-06-10 21:00:00,66.20659057
2025-06-10 21:30:00,62.73611138
2025-06-10 22:00:00,58.71035532
2025-06-10 22:30:00,55.93484987
2025-06-10 23:00:00,52.70117794
2025-06-10 23:30:00,49.10562693
2025-06-11 00:00:00,45.74238077
2025-06-11 00:30:00,42.82851051
2025-06-11 01:00:00,40.75499173
2025-06-11 01:30:00,39.61815962
2025-06-11 02:00:00,38.67941145
2025-06-11 02:30:00,38.3191229
2025-06-11 03:00:00,38.05549666
2025-06-11 03:30:00,38.20155988
2025-06-11 04:00:00,38.63180928
2025-06-11 04:30:00,39.73253845
2025-06-11 05:00:00,40.9920778
2025-06-11 05:30:00,43.69398677
2025-06-11 06:00:00,47.30436058
2025-06-11 06:30:00,53.50193762
2025-06-11 07:00:00,60.22074767
2025-06-11 07:30:00,68.55144793
2025-06-11 08:00:00,74.05421039
2025-06-11 08:30:00,74.72939921
2025-06-11 09:00:00,71.34443603
2025-06-11 09:30:00,67.83087782
2025-06-11 10:00:00,63.86549665
2025-06-11 10:30:00,60.48828041
2025-06-11 11:00:00,57.02700502
2025-06-11 11:30:00,54.1165581
2025-06-11 12:00:00,51.52433536
2025-06-11 12:30:00,51.08383777
2025-06-11 13:00:00,50.43150144
2025-06-11 13:30:00,49.76652752
2025-06-11 14:00:00,52.83004313
2025-06-11 14:30:00,54.60918099
2025-06-11 15:00:00,52.3820838
2025-06-11 15:30:00,53.12212669
2025-06-11 16:00:00,56.10416059
2025-06-11 16:30:00,60.03837118
2025-06-11 17:00:00,64.650051
2025-06-11 17:30:00,69.55716765
2025-06-11 18:00:00,73.36656014
2025-06-11 18:30:00,73.89451375
2025-06-11 19:00:00,73.92629873
2025-06-11 19:30:00,71.6070175
2025-06-11 20:00:00,70.9205652
2025-06-11 20:30:00,69.78163296
2025-06-11 21:00:00,67.88140343
2025-06-11 21:30:00,64.83553881
2025-06-11 22:00:00,60.71349199
2025-06-11 22:30:00,57.55146897
2025-06-11 23:00:00,54.68945203
2025-06-11 23:30:00,50.57494831
2025-06-12 00:00:00,46.94003519
2025-06-12 00:30:00,44.41304629
2025-06-12 01:00:00,42.59941195
2025-06-12 01:30:00,41.5739918
2025-06-12 02:00:00,40.77831407
2025-06-12 02:30:00,40.50487742
2025-06-12 03:00:00,40.18863383
2025-06-12 03:30:00,40.12600935
2025-06-12 04:00:00,40.65462261
2025-06-12 04:30:00,41.87438056
2025-06-12 05:00:00,42.85471099
2025-06-12 05:30:00,45.44845368
2025-06-12 06:00:00,48.88459683
2025-06-12 06:30:00,55.46586608
2025-06-12 07:00:00,62.06606007
2025-06-12 07:30:00,70.87068098
2025-06-12 08:00:00,76.41398144
2025-06-12 08:30:00,74.51183418
2025-06-12 09:00:00,72.25846304
2025-06-12 09:30:00,73.32838475
2025-06-12 10:00:00,75.20351386
2025-06-12 10:30:00,75.20058754
2025-06-12 11:00:00,73.27263457
2025-06-12 11:30:00,66.18551868
2025-06-12 12:00:00,60.31736772
2025-06-12 12:30:00,58.76585449
2025-06-12 13:00:00,56.64599817
2025-06-12 13:30:00,54.98508729
2025-06-12 14:00:00,54.09914081
2025-06-12 14:30:00,54.27014831
2025-06-12 15:00:00,54.85349613
2025-06-12 15:30:00,55.9010935
2025-06-12 16:00:00,58.70962769
2025-06-12 16:30:00,62.65579019
2025-06-12 17:00:00,67.43494416
2025-06-12 17:30:00,71.91063319
2025-06-12 18:00:00,75.42361575
2025-06-12 18:30:00,75.66833453
2025-06-12 19:00:00,75.85795121
2025-06-12 19:30:00,74.08767762
2025-06-12 20:00:00,72.98374554
2025-06-12 20:30:00,72.14201411
2025-06-12 21:00:00,70.89535824
2025-06-12 21:30:00,67.50000964
2025-06-12 22:00:00,63.60419082
2025-06-12 22:30:00,60.69710999
2025-06-12 23:00:00,56.99059688
2025-06-12 23:30:00,52.61711589
2025-06-13 00:00:00,48.88211193
2025-06-13 00:30:00,45.95318192
2025-06-13 01:00:00,43.80974231
2025-06-13 01:30:00,42.4368417
2025-06-13 02:00:00,41.49643942
2025-06-13 02:30:00,41.02598976
2025-06-13 03:00:00,40.84799497
2025-06-13 03:30:00,40.9801528
2025-06-13 04:00:00,41.43273506
2025-06-13 04:30:00,42.71237643
2025-06-13 05:00:00,43.92206308
2025-06-13 05:30:00,46.32588278
2025-06-13 06:00:00,49.56189424
2025-06-13 06:30:00,56.14034931
2025-06-13 07:00:00,62.43878395
2025-06-13 07:30:00,71.27916609
2025-06-13 08:00:00,77.01642337
2025-06-13 08:30:00,77.8427337
2025-06-13 09:00:00,74.16606137
2025-06-13 09:30:00,70.66333171
2025-06-13 10:00:00,66.67259892
2025-06-13 10:30:00,63.34271154
2025-06-13 11:00:00,59.58814441
2025-06-13 11:30:00,57.05637081
2025-06-13 12:00:00,58.49589561
2025-06-13 12:30:00,56.86716665
2025-06-13 13:00:00,58.54975789
2025-06-13 13:30:00,59.66963484
2025-06-13 14:00:00,60.72322237
2025-06-13 14:30:00,60.87196589
2025-06-13 15:00:00,60.70286391
2025-06-13 15:30:00,61.21016337
2025-06-13 16:00:00,62.2289447
2025-06-13 16:30:00,64.60989678
2025-06-13 17:00:00,67.69328088
2025-06-13 17:30:00,71.05694877
2025-06-13 18:00:00,73.48932143
2025-06-13 18:30:00,72.73539053
2025-06-13 19:00:00,71.67141586
2025-06-13 19:30:00,68.73000719
2025-06-13 20:00:00,67.44621462
2025-06-13 20:30:00,66.38613756
2025-06-13 21:00:00,64.84752226
2025-06-13 21:30:00,62.07723413
2025-06-13 22:00:00,59.00040875
2025-06-13 22:30:00,56.87048625
2025-06-13 23:00:00,54.20682714
2025-06-13 23:30:00,50.41392182
2025-06-14 00:00:00,47.31601295
2025-06-14 00:30:00,44.74817104
2025-06-14 01:00:00,42.60382954
2025-06-14 01:30:00,41.23826116
2025-06-14 02:00:00,39.88297952
2025-06-14 02:30:00,39.31491485
2025-06-14 03:00:00,38.82356162
2025-06-14 03:30:00,38.8188197
2025-06-14 04:00:00,38.96195747
2025-06-14 04:30:00,39.23861061
2025-06-14 05:00:00,39.78049549
2025-06-14 05:30:00,41.20685442
2025-06-14 06:00:00,42.87829624
2025-06-14 06:30:00,46.091561
2025-06-14 07:00:00,48.78745984
2025-06-14 07:30:00,52.76916782
2025-06-14 08:00:00,57.17535863
2025-06-14 08:30:00,58.93219238
2025-06-14 09:00:00,58.58774332
2025-06-14 09:30:00,57.4143024
2025-06-14 10:00:00,55.06281689
2025-06-14 10:30:00,53.01632642
2025-06-14 11:00:00,50.17715279
2025-06-14 11:30:00,47.37449297
2025-06-14 12:00:00,45.15174062
2025-06-14 12:30:00,44.18985074
2025-06-14 13:00:00,43.05389267
2025-06-14 13:30:00,42.54832508
2025-06-14 14:00:00,43.50514745
2025-06-14 14:30:00,46.02390279
2025-06-14 15:00:00,46.24501961
2025-06-14 15:30:00,47.74319942
2025-06-14 16:00:00,51.11353749
2025-06-14 16:30:00,53.79446847
2025-06-14 17:00:00,58.41297034
2025-06-14 17:30:00,62.45973376
2025-06-14 18:00:00,64.98775821
2025-06-14 18:30:00,64.98511791
2025-06-14 19:00:00,64.34057486
2025-06-14 19:30:00,63.21422632
2025-06-14 20:00:00,62.07180455
2025-06-14 20:30:00,61.17433253
2025-06-14 21:00:00,60.14890096
2025-06-14 21:30:00,58.49324265
2025-06-14 22:00:00,56.35586018
2025-06-14 22:30:00,54.86711277
2025-06-14 23:00:00,53.00436126
2025-06-14 23:30:00,49.89395317
2025-06-15 00:00:00,46.71260483
2025-06-15 00:30:00,44.00628061
2025-06-15 01:00:00,42.22905004
2025-06-15 01:30:00,41.05615804
2025-06-15 02:00:00,39.76129378
2025-06-15 02:30:00,39.17160317
2025-06-15 03:00:00,38.52467379
2025-06-15 03:30:00,38.09977003
2025-06-15 04:00:00,38.33093608
2025-06-15 04:30:00,38.6119513
2025-06-15 05:00:00,38.78218143
2025-06-15 05:30:00,39.86935783
2025-06-15 06:00:00,41.07324084
2025-06-15 06:30:00,43.71530253
2025-06-15 07:00:00,45.93520434
2025-06-15 07:30:00,48.86297049
2025-06-15 08:00:00,52.57044522
2025-06-15 08:30:00,55.59350591
2025-06-15 09:00:00,57.60441491
2025-06-15 09:30:00,55.50040546
2025-06-15 10:00:00,54.76332773
2025-06-15 10:30:00,53.21217089
2025-06-15 11:00:00,57.2300702
2025-06-15 11:30:00,59.31887396
2025-06-15 12:00:00,58.91653696
2025-06-15 12:30:00,62.16218195
2025-06-15 13:00:00,62.64672476
2025-06-15 13:30:00,64.53518871
2025-06-15 14:00:00,65.16356659
2025-06-15 14:30:00,64.35394632
2025-06-15 15:00:00,60.09531059
2025-06-15 15:30:00,63.09987138
2025-06-15 16:00:00,63.99770964
2025-06-15 16:30:00,64.34957288
2025-06-15 17:00:00,66.82357855
2025-06-15 17:30:00,69.0083438
2025-06-15 18:00:00,71.23137402
2025-06-15 18:30:00,71.0112211
2025-06-15 19:00:00,70.45992323
2025-06-15 19:30:00,68.12584509
2025-06-15 20:00:00,66.31467603
2025-06-15 20:30:00,64.36297377
2025-06-15 21:00:00,62.53847375
2025-06-15 21:30:00,60.24323949
2025-06-15 22:00:00,57.0443062
2025-06-15 22:30:00,54.60059351
2025-06-15 23:00:00,52.00974327
2025-06-15 23:30:00,48.61498508
2025-06-16 00:00:00,45.76268348
2025-06-16 00:30:00,43.06027535
2025-06-16 01:00:00,41.10869883
2025-06-16 01:30:00,39.62224983
2025-06-16 02:00:00,38.67445023
2025-06-16 02:30:00,38.19147655
2025-06-16 03:00:00,37.88448095
2025-06-16 03:30:00,37.64277436
2025-06-16 04:00:00,37.85304615
2025-06-16 04:30:00,38.66182586
2025-06-16 05:00:00,39.6647732
2025-06-16 05:30:00,42.43198394
2025-06-16 06:00:00,45.54704505
2025-06-16 06:30:00,51.66377757
2025-06-16 07:00:00,57.6953563
2025-06-16 07:30:00,66.19096685
2025-06-16 08:00:00,71.81720474
2025-06-16 08:30:00,74.19759066
2025-06-16 09:00:00,73.35486585
2025-06-16 09:30:00,73.94487531
2025-06-16 10:00:00,73.61419279
2025-06-16 10:30:00,73.60488427
2025-06-16 11:00:00,71.99095877
2025-06-16 11:30:00,70.34108381
2025-06-16 12:00:00,66.58500968
2025-06-16 12:30:00,65.42448695
2025-06-16 13:00:00,61.27086407
2025-06-16 13:30:00,58.16053599
2025-06-16 14:00:00,57.97059843
2025-06-16 14:30:00,56.94511449
2025-06-16 15:00:00,58.98430986
2025-06-16 15:30:00,58.41591163
2025-06-16 16:00:00,60.55827958
2025-06-16 16:30:00,63.83398589
2025-06-16 17:00:00,68.37277794
2025-06-16 17:30:00,72.69631156
2025-06-16 18:00:00,77.12200964
2025-06-16 18:30:00,77.73878502
2025-06-16 19:00:00,77.14181149
2025-06-16 19:30:00,74.60026001
2025-06-16 20:00:00,72.99724614
2025-06-16 20:30:00,71.33739318
2025-06-16 21:00:00,69.09479095
2025-06-16 21:30:00,65.06990949
2025-06-16 22:00:00,61.35285881
2025-06-16 22:30:00,57.91140716
2025-06-16 23:00:00,54.04536106
2025-06-16 23:30:00,49.78847767
2025-06-17 00:00:00,46.16799607
2025-06-17 00:30:00,43.41388669
2025-06-17 01:00:00,41.40009936
2025-06-17 01:30:00,40.47162023
2025-06-17 02:00:00,39.45059954
2025-06-17 02:30:00,38.76820392
2025-06-17 03:00:00,38.32727939
2025-06-17 03:30:00,38.42700029
2025-06-17 04:00:00,38.66753228
2025-06-17 04:30:00,39.60523057
2025-06-17 05:00:00,40.43221061
2025-06-17 05:30:00,43.2966605
2025-06-17 06:00:00,45.92497245
2025-06-17 06:30:00,51.74564688
2025-06-17 07:00:00,58.26576391
2025-06-17 07:30:00,66.48967886
2025-06-17 08:00:00,71.07594314
2025-06-17 08:30:00,70.5817362
2025-06-17 09:00:00,66.22457862
2025-06-17 09:30:00,62.33173812
2025-06-17 10:00:00,58.27251477
2025-06-17 10:30:00,55.56339819
2025-06-17 11:00:00,53.15031348
2025-06-17 11:30:00,51.20334984
2025-06-17 12:00:00,49.43732772
2025-06-17 12:30:00,49.84277625
2025-06-17 13:00:00,49.45385408
2025-06-17 13:30:00,49.11156363
2025-06-17 14:00:00,49.86272907
2025-06-17 14:30:00,51.21329024
2025-06-17 15:00:00,52.93633412
2025-06-17 15:30:00,57.25185034
2025-06-17 16:00:00,61.92164656
2025-06-17 16:30:00,65.55792605
2025-06-17 17:00:00,69.06337198
2025-06-17 17:30:00,73.14622425
2025-06-17 18:00:00,75.50508672
2025-06-17 18:30:00,75.0632524
2025-06-17 19:00:00,74.19665115
2025-06-17 19:30:00,71.46081024
2025-06-17 20:00:00,69.86195189
2025-06-17 20:30:00,68.14890721
2025-06-17 21:00:00,66.09598377
2025-06-17 21:30:00,62.83727575
2025-06-17 22:00:00,58.7597074
2025-06-17 22:30:00,55.97119636
2025-06-17 23:00:00,52.59642956
2025-06-17 23:30:00,48.40234583
2025-06-18 00:00:00,44.97249756
2025-06-18 00:30:00,42.50072891
2025-06-18 01:00:00,40.73598212
2025-06-18 01:30:00,39.86156825
2025-06-18 02:00:00,39.06859946
2025-06-18 02:30:00,38.82150457
2025-06-18 03:00:00,38.71205243
2025-06-18 03:30:00,38.85459704
2025-06-18 04:00:00,39.3936075
2025-06-18 04:30:00,40.57691558
2025-06-18 05:00:00,41.91794485
2025-06-18 05:30:00,45.09198409
2025-06-18 06:00:00,48.55715474
2025-06-18 06:30:00,55.64109593
2025-06-18 07:00:00,63.00289016
2025-06-18 07:30:00,71.54303925
2025-06-18 08:00:00,77.39186305
2025-06-18 08:30:00,77.95207648
2025-06-18 09:00:00,76.033473
2025-06-18 09:30:00,75.35442857
2025-06-18 10:00:00,73.99137438
2025-06-18 10:30:00,69.30835549
2025-06-18 11:00:00,63.38469145
2025-06-18 11:30:00,58.88524616
2025-06-18 12:00:00,55.85096074
2025-06-18 12:30:00,55.27824068
2025-06-18 13:00:00,53.65390068
2025-06-18 13:30:00,52.66123889
2025-06-18 14:00:00,52.36405232
2025-06-18 14:30:00,52.98198457
2025-06-18 15:00:00,53.63725655
2025-06-18 15:30:00,55.09935704
2025-06-18 16:00:00,58.04785555
2025-06-18 16:30:00,62.14684975
2025-06-18 17:00:00,66.71615175
2025-06-18 17:30:00,71.21412273
2025-06-18 18:00:00,74.97500624
2025-06-18 18:30:00,75.90537897
2025-06-18 19:00:00,76.14313289
2025-06-18 19:30:00,74.2666442
2025-06-18 20:00:00,72.94563015
2025-06-18 20:30:00,71.89371444
2025-06-18 21:00:00,70.14126145
2025-06-18 21:30:00,67.63066796
2025-06-18 22:00:00,64.24460737
2025-06-18 22:30:00,61.15681673
2025-06-18 23:00:00,57.66348885
2025-06-18 23:30:00,53.26554688
2025-06-19 00:00:00,49.50082783
2025-06-19 00:30:00,46.47231695
2025-06-19 01:00:00,44.81016943
2025-06-19 01:30:00,43.34758022
2025-06-19 02:00:00,42.57241622
2025-06-19 02:30:00,41.90300909
2025-06-19 03:00:00,41.55672561
2025-06-19 03:30:00,41.51039018
2025-06-19 04:00:00,41.88453984
2025-06-19 04:30:00,43.14122636
2025-06-19 05:00:00,44.28661488
2025-06-19 05:30:00,47.45881902
2025-06-19 06:00:00,50.9242183
2025-06-19 06:30:00,57.54255592
2025-06-19 07:00:00,64.58173131
2025-06-19 07:30:00,73.19608041
2025-06-19 08:00:00,78.30298892
2025-06-19 08:30:00,79.5086983
2025-06-19 09:00:00,77.09224127
2025-06-19 09:30:00,73.27697483
2025-06-19 10:00:00,69.55844941
2025-06-19 10:30:00,69.67517097
2025-06-19 11:00:00,63.29306785
2025-06-19 11:30:00,60.16877686
2025-06-19 12:00:00,60.90032246
2025-06-19 12:30:00,58.86957542
2025-06-19 13:00:00,55.09906161
2025-06-19 13:30:00,54.68177076
2025-06-19 14:00:00,54.08836864
2025-06-19 14:30:00,54.72321706
2025-06-19 15:00:00,54.9002244
2025-06-19 15:30:00,57.19632242
2025-06-19 16:00:00,59.9536109
2025-06-19 16:30:00,63.84208746
2025-06-19 17:00:00,69.00415191
2025-06-19 17:30:00,73.51255712
2025-06-19 18:00:00,76.94173717
2025-06-19 18:30:00,76.82318738
2025-06-19 19:00:00,76.73955194
2025-06-19 19:30:00,74.60755637
2025-06-19 20:00:00,73.84603047
2025-06-19 20:30:00,73.17480222
2025-06-19 21:00:00,71.33493641
2025-06-19 21:30:00,67.9764805
2025-06-19 22:00:00,64.48078927
2025-06-19 22:30:00,61.67575413
2025-06-19 23:00:00,57.95100599
2025-06-19 23:30:00,53.89111491
2025-06-20 00:00:00,50.2566236
2025-06-20 00:30:00,47.49116157
2025-06-20 01:00:00,45.46045502
2025-06-20 01:30:00,44.11689795
2025-06-20 02:00:00,43.29313616
2025-06-20 02:30:00,42.99998808
2025-06-20 03:00:00,42.65588216
2025-06-20 03:30:00,42.83988912
2025-06-20 04:00:00,42.89944486
2025-06-20 04:30:00,44.22865551
2025-06-20 05:00:00,45.4866197
2025-06-20 05:30:00,48.68345491
2025-06-20 06:00:00,51.98414451
2025-06-20 06:30:00,58.3612964
2025-06-20 07:00:00,65.60777526
2025-06-20 07:30:00,74.54992722
2025-06-20 08:00:00,80.03379388
2025-06-20 08:30:00,81.65061629
2025-06-20 09:00:00,78.61008113
2025-06-20 09:30:00,75.06102728
2025-06-20 10:00:00,71.59323842
2025-06-20 10:30:00,68.81738796
2025-06-20 11:00:00,65.48060479
2025-06-20 11:30:00,61.46794723
2025-06-20 12:00:00,58.29574855
2025-06-20 12:30:00,57.44353794
2025-06-20 13:00:00,55.80420228
2025-06-20 13:30:00,54.76457321
2025-06-20 14:00:00,54.08975048
2025-06-20 14:30:00,54.18272462
2025-06-20 15:00:00,54.94072539
2025-06-20 15:30:00,56.04839717
2025-06-20 16:00:00,58.76599986
2025-06-20 16:30:00,62.49408268
2025-06-20 17:00:00,67.29142891
2025-06-20 17:30:00,72.18279832
2025-06-20 18:00:00,75.92153446
2025-06-20 18:30:00,76.39075729
2025-06-20 19:00:00,76.53514569
2025-06-20 19:30:00,75.12595932
2025-06-20 20:00:00,73.84161226
2025-06-20 20:30:00,72.86426817
2025-06-20 21:00:00,71.84623557
2025-06-20 21:30:00,69.06702338
2025-06-20 22:00:00,66.22919092
2025-06-20 22:30:00,63.27630906
2025-06-20 23:00:00,59.90265333
2025-06-20 23:30:00,56.06900657
2025-06-21 00:00:00,52.47415059
2025-06-21 00:30:00,49.56412404
2025-06-21 01:00:00,47.41471227
2025-06-21 01:30:00,45.64892818
2025-06-21 02:00:00,44.25796578
2025-06-21 02:30:00,43.60118964
2025-06-21 03:00:00,43.07597252
2025-06-21 03:30:00,43.24147286
2025-06-21 04:00:00,43.26901362
2025-06-21 04:30:00,43.8945233
2025-06-21 05:00:00,44.60976357
2025-06-21 05:30:00,46.10948308
2025-06-21 06:00:00,47.88993817
2025-06-21 06:30:00,51.41973684
2025-06-21 07:00:00,54.43842203
2025-06-21 07:30:00,58.40290447
2025-06-21 08:00:00,62.78055308
2025-06-21 08:30:00,65.61890887
2025-06-21 09:00:00,65.61262125
2025-06-21 09:30:00,64.76202977
2025-06-21 10:00:00,62.7939783
2025-06-21 10:30:00,60.79750174
2025-06-21 11:00:00,57.75674494
2025-06-21 11:30:00,54.77147479
2025-06-21 12:00:00,51.86244938
2025-06-21 12:30:00,50.70840916
2025-06-21 13:00:00,49.13539846
2025-06-21 13:30:00,47.70559265
2025-06-21 14:00:00,47.34210949
2025-06-21 14:30:00,47.92707083
2025-06-21 15:00:00,49.15240854
2025-06-21 15:30:00,50.99173471
2025-06-21 16:00:00,53.60951238
2025-06-21 16:30:00,57.31763677
2025-06-21 17:00:00,61.99015389
2025-06-21 17:30:00,66.203205
2025-06-21 18:00:00,69.43407656
2025-06-21 18:30:00,70.19694266
2025-06-21 19:00:00,69.69619155
2025-06-21 19:30:00,68.62454722
2025-06-21 20:00:00,67.9813644
2025-06-21 20:30:00,67.37451373
2025-06-21 21:00:00,66.3374764
2025-06-21 21:30:00,65.12189852
2025-06-21 22:00:00,63.0606308
2025-06-21 22:30:00,61.50355482
2025-06-21 23:00:00,58.64109925
2025-06-21 23:30:00,54.81633203
2025-06-22 00:00:00,51.96775548
2025-06-22 00:30:00,49.15660542
2025-06-22 01:00:00,47.39484617
2025-06-22 01:30:00,46.12185894
2025-06-22 02:00:00,45.3582998
2025-06-22 02:30:00,44.85477938
2025-06-22 03:00:00,44.25907328
2025-06-22 03:30:00,44.15972451
2025-06-22 04:00:00,44.16635666
2025-06-22 04:30:00,44.5584898
2025-06-22 05:00:00,44.97252286
2025-06-22 05:30:00,46.25142026
2025-06-22 06:00:00,47.63676542
2025-06-22 06:30:00,50.39171584
2025-06-22 07:00:00,52.92090418
2025-06-22 07:30:00,56.45531708
2025-06-22 08:00:00,60.54170738
2025-06-22 08:30:00,63.02073757
2025-06-22 09:00:00,63.16621013
2025-06-22 09:30:00,62.79394484
2025-06-22 10:00:00,60.96522141
2025-06-22 10:30:00,59.39630488
2025-06-22 11:00:00,56.18788213
2025-06-22 11:30:00,53.30083573
2025-06-22 12:00:00,51.0014811
2025-06-22 12:30:00,49.89405698
2025-06-22 13:00:00,47.79385751
2025-06-22 13:30:00,46.44565161
2025-06-22 14:00:00,47.18612316
2025-06-22 14:30:00,49.10186494
2025-06-22 15:00:00,50.40897998
2025-06-22 15:30:00,54.25387607
2025-06-22 16:00:00,57.54221243
2025-06-22 16:30:00,59.55530708
2025-06-22 17:00:00,63.49769655
2025-06-22 17:30:00,67.90975749
2025-06-22 18:00:00,71.38562255
2025-06-22 18:30:00,71.67998509
2025-06-22 19:00:00,71.05491615
2025-06-22 19:30:00,70.16399933
2025-06-22 20:00:00,69.25448317
2025-06-22 20:30:00,67.87252672
2025-06-22 21:00:00,65.97816512
2025-06-22 21:30:00,63.22458524
2025-06-22 22:00:00,59.97298888
2025-06-22 22:30:00,57.92605187
2025-06-22 23:00:00,54.9940037
2025-06-22 23:30:00,51.1585306
2025-06-23 00:00:00,47.92728957
2025-06-23 00:30:00,45.69301609
2025-06-23 01:00:00,44.25447788
2025-06-23 01:30:00,42.97122532
2025-06-23 02:00:00,41.98285887
2025-06-23 02:30:00,41.72186904
2025-06-23 03:00:00,41.58545399
2025-06-23 03:30:00,41.75711473
2025-06-23 04:00:00,41.84709836
2025-06-23 04:30:00,42.92267
2025-06-23 05:00:00,43.57098681
2025-06-23 05:30:00,46.37688793
2025-06-23 06:00:00,49.7958853
2025-06-23 06:30:00,55.81489796
2025-06-23 07:00:00,62.73319549
2025-06-23 07:30:00,70.77566944
2025-06-23 08:00:00,76.18214425
2025-06-23 08:30:00,77.92536881
2025-06-23 09:00:00,76.15418356
2025-06-23 09:30:00,75.39636378
2025-06-23 10:00:00,76.67436429
2025-06-23 10:30:00,73.06794347
2025-06-23 11:00:00,74.65013684
2025-06-23 11:30:00,74.98298645
2025-06-23 12:00:00,74.61527476
2025-06-23 12:30:00,71.51068949
2025-06-23 13:00:00,70.98727823
2025-06-23 13:30:00,69.30655024
2025-06-23 14:00:00,63.02542788
2025-06-23 14:30:00,58.35599516
2025-06-23 15:00:00,57.50950631
2025-06-23 15:30:00,58.22976392
2025-06-23 16:00:00,60.27885596
2025-06-23 16:30:00,62.51700348
2025-06-23 17:00:00,67.04471288
2025-06-23 17:30:00,71.09496242
2025-06-23 18:00:00,73.61025502
2025-06-23 18:30:00,73.48463174
2025-06-23 19:00:00,72.72265059
2025-06-23 19:30:00,70.00936579
2025-06-23 20:00:00,68.45922327
2025-06-23 20:30:00,65.80975708
2025-06-23 21:00:00,63.57379136
2025-06-23 21:30:00,59.67855625
2025-06-23 22:00:00,55.8968667
2025-06-23 22:30:00,53.20027579
2025-06-23 23:00:00,49.97149356
2025-06-23 23:30:00,46.03086361
2025-06-24 00:00:00,42.41298811
2025-06-24 00:30:00,39.82146669
2025-06-24 01:00:00,38.03158236
2025-06-24 01:30:00,36.75262833
2025-06-24 02:00:00,35.73560862
2025-06-24 02:30:00,35.13515614
2025-06-24 03:00:00,34.75246986
2025-06-24 03:30:00,34.65329496
2025-06-24 04:00:00,34.79396959
2025-06-24 04:30:00,35.74812885
2025-06-24 05:00:00,36.59925679
2025-06-24 05:30:00,39.09680962
2025-06-24 06:00:00,41.7914028
2025-06-24 06:30:00,46.68163058
2025-06-24 07:00:00,51.95634353
2025-06-24 07:30:00,59.55929763
2025-06-24 08:00:00,64.08162795
2025-06-24 08:30:00,65.85335776
2025-06-24 09:00:00,65.26633081
2025-06-24 09:30:00,63.60291963
2025-06-24 10:00:00,57.36217558
2025-06-24 10:30:00,61.07333408
2025-06-24 11:00:00,55.3519671
2025-06-24 11:30:00,51.4836654
2025-06-24 12:00:00,48.24403055
2025-06-24 12:30:00,49.14168251
2025-06-24 13:00:00,48.36664232
2025-06-24 13:30:00,48.9934669
2025-06-24 14:00:00,48.36536184
2025-06-24 14:30:00,48.57901322
2025-06-24 15:00:00,50.34463268
2025-06-24 15:30:00,53.20859178
2025-06-24 16:00:00,57.11968126
2025-06-24 16:30:00,61.33248131
2025-06-24 17:00:00,65.06056478
2025-06-24 17:30:00,68.75170267
2025-06-24 18:00:00,71.36377762
2025-06-24 18:30:00,70.8704152
2025-06-24 19:00:00,69.85516592
2025-06-24 19:30:00,67.01374642
2025-06-24 20:00:00,65.34767954
2025-06-24 20:30:00,64.41428116
2025-06-24 21:00:00,62.41364426
2025-06-24 21:30:00,59.72865149
2025-06-24 22:00:00,56.34849489
2025-06-24 22:30:00,53.68872899
2025-06-24 23:00:00,50.81794195
2025-06-24 23:30:00,47.02484307
2025-06-25 00:00:00,43.64267388
2025-06-25 00:30:00,41.13307095
2025-06-25 01:00:00,39.26437242
2025-06-25 01:30:00,38.06287015
2025-06-25 02:00:00,37.19569341
2025-06-25 02:30:00,36.76744858
2025-06-25 03:00:00,36.43899058
2025-06-25 03:30:00,36.33394359
2025-06-25 04:00:00,36.7120067
2025-06-25 04:30:00,37.84173463
2025-06-25 05:00:00,39.08981001
2025-06-25 05:30:00,41.99511608
2025-06-25 06:00:00,45.25464493
2025-06-25 06:30:00,51.30288135
2025-06-25 07:00:00,57.7522371
2025-06-25 07:30:00,65.21959848
2025-06-25 08:00:00,69.49697859
2025-06-25 08:30:00,70.94967337
2025-06-25 09:00:00,70.19680291
2025-06-25 09:30:00,71.2100919
2025-06-25 10:00:00,71.87077141
2025-06-25 10:30:00,72.66748271
2025-06-25 11:00:00,71.42999505
2025-06-25 11:30:00,67.82648463
2025-06-25 12:00:00,66.36088087
2025-06-25 12:30:00,68.10956453
2025-06-25 13:00:00,67.16100192
2025-06-25 13:30:00,64.39697018
2025-06-25 14:00:00,61.8420376
2025-06-25 14:30:00,59.70165536
2025-06-25 15:00:00,59.96566534
2025-06-25 15:30:00,62.51596843
2025-06-25 16:00:00,67.12213048
2025-06-25 16:30:00,69.7339226
2025-06-25 17:00:00,73.47096735
2025-06-25 17:30:00,76.70668234
2025-06-25 18:00:00,79.94956617
2025-06-25 18:30:00,79.98347285
2025-06-25 19:00:00,79.71887305
2025-06-25 19:30:00,76.74320334
2025-06-25 20:00:00,74.53146694
2025-06-25 20:30:00,72.58430778
2025-06-25 21:00:00,70.9369651
2025-06-25 21:30:00,67.33739372
2025-06-25 22:00:00,63.65497069
2025-06-25 22:30:00,60.79126315
2025-06-25 23:00:00,57.16718233
2025-06-25 23:30:00,52.80142429
2025-06-26 00:00:00,49.02194088
2025-06-26 00:30:00,46.141578
2025-06-26 01:00:00,44.46169479
2025-06-26 01:30:00,43.53672007
2025-06-26 02:00:00,42.62464987
2025-06-26 02:30:00,42.22295606
2025-06-26 03:00:00,41.894193
2025-06-26 03:30:00,42.17981739
2025-06-26 04:00:00,42.27527022
2025-06-26 04:30:00,43.38250533
2025-06-26 05:00:00,44.85977803
2025-06-26 05:30:00,47.91029693
2025-06-26 06:00:00,51.64869828
2025-06-26 06:30:00,58.45837675
2025-06-26 07:00:00,65.73681007
2025-06-26 07:30:00,74.29812754
2025-06-26 08:00:00,79.82552011
2025-06-26 08:30:00,80.1209981
2025-06-26 09:00:00,75.59834835
2025-06-26 09:30:00,71.86672689
2025-06-26 10:00:00,67.67352727
2025-06-26 10:30:00,64.24758684
2025-06-26 11:00:00,60.73759664
2025-06-26 11:30:00,58.07538617
2025-06-26 12:00:00,55.06747147
2025-06-26 12:30:00,55.20018433
2025-06-26 13:00:00,54.0215889
2025-06-26 13:30:00,53.17830126
2025-06-26 14:00:00,52.65418688
2025-06-26 14:30:00,53.39731899
2025-06-26 15:00:00,54.3045118
2025-06-26 15:30:00,56.21514606
2025-06-26 16:00:00,58.80806486
2025-06-26 16:30:00,62.80576477
2025-06-26 17:00:00,66.94902046
2025-06-26 17:30:00,72.02327281
2025-06-26 18:00:00,76.05348197
2025-06-26 18:30:00,76.74819725
2025-06-26 19:00:00,76.3212395
2025-06-26 19:30:00,74.85696603
2025-06-26 20:00:00,74.12451121
2025-06-26 20:30:00,72.91765073
2025-06-26 21:00:00,71.55809651
2025-06-26 21:30:00,68.33043523
2025-06-26 22:00:00,64.73532696
2025-06-26 22:30:00,61.79239613
2025-06-26 23:00:00,58.45018721
2025-06-26 23:30:00,54.29076433
2025-06-27 00:00:00,50.41389178
2025-06-27 00:30:00,47.59937985
2025-06-27 01:00:00,45.53859
2025-06-27 01:30:00,44.28732056
2025-06-27 02:00:00,43.31640392
2025-06-27 02:30:00,43.04452439
2025-06-27 03:00:00,42.6069686
2025-06-27 03:30:00,42.64997079
2025-06-27 04:00:00,43.05056622
2025-06-27 04:30:00,44.12853052
2025-06-27 05:00:00,45.44657975
2025-06-27 05:30:00,48.47044139
2025-06-27 06:00:00,51.73094619
2025-06-27 06:30:00,58.36169091
2025-06-27 07:00:00,64.68718009
2025-06-27 07:30:00,73.29775298
2025-06-27 08:00:00,78.71174133
2025-06-27 08:30:00,79.60495174
2025-06-27 09:00:00,76.25574458
2025-06-27 09:30:00,72.62605528
2025-06-27 10:00:00,68.48936372
2025-06-27 10:30:00,65.54599907
2025-06-27 11:00:00,61.87378985
2025-06-27 11:30:00,58.86297418
2025-06-27 12:00:00,56.03319852
2025-06-27 12:30:00,55.05560925
2025-06-27 13:00:00,53.57834326
2025-06-27 13:30:00,52.41629232
2025-06-27 14:00:00,51.8063851
2025-06-27 14:30:00,52.52027285
2025-06-27 15:00:00,53.17574627
2025-06-27 15:30:00,54.84524818
2025-06-27 16:00:00,57.46820422
2025-06-27 16:30:00,61.47912882
2025-06-27 17:00:00,65.87089078
2025-06-27 17:30:00,70.07240946
2025-06-27 18:00:00,74.1537868
2025-06-27 18:30:00,74.25612803
2025-06-27 19:00:00,73.97729443
2025-06-27 19:30:00,72.84420981
2025-06-27 20:00:00,71.28077969
2025-06-27 20:30:00,70.07672441
2025-06-27 21:00:00,68.52157677
2025-06-27 21:30:00,65.83490038
2025-06-27 22:00:00,62.72383619
2025-06-27 22:30:00,60.0323274
2025-06-27 23:00:00,57.47111419
2025-06-27 23:30:00,53.62992787
2025-06-28 00:00:00,50.16664498
2025-06-28 00:30:00,47.0698123
2025-06-28 01:00:00,44.8326694
2025-06-28 01:30:00,43.57207406
2025-06-28 02:00:00,42.74283626
2025-06-28 02:30:00,41.95613215
2025-06-28 03:00:00,41.33015013
2025-06-28 03:30:00,41.36562056
2025-06-28 04:00:00,41.29334529
2025-06-28 04:30:00,41.74409926
2025-06-28 05:00:00,42.35909022
2025-06-28 05:30:00,43.51360656
2025-06-28 06:00:00,45.34411819
2025-06-28 06:30:00,48.65172726
2025-06-28 07:00:00,51.35393436
2025-06-28 07:30:00,55.00336959
2025-06-28 08:00:00,59.14861272
2025-06-28 08:30:00,61.1159617
2025-06-28 09:00:00,61.24418037
2025-06-28 09:30:00,60.64592111
2025-06-28 10:00:00,58.24936104
2025-06-28 10:30:00,55.76238787
2025-06-28 11:00:00,52.58663139
2025-06-28 11:30:00,50.09954549
2025-06-28 12:00:00,47.50231323
2025-06-28 12:30:00,46.25637555
2025-06-28 13:00:00,44.9612978
2025-06-28 13:30:00,44.00324678
2025-06-28 14:00:00,43.53831659
2025-06-28 14:30:00,44.01186603
2025-06-28 15:00:00,45.63359391
2025-06-28 15:30:00,47.34576334
2025-06-28 16:00:00,50.30338029
2025-06-28 16:30:00,53.85321757
2025-06-28 17:00:00,58.23618633
2025-06-28 17:30:00,62.92248852
2025-06-28 18:00:00,66.08238553
2025-06-28 18:30:00,66.36183519
2025-06-28 19:00:00,66.08404289
2025-06-28 19:30:00,65.02030377
2025-06-28 20:00:00,64.09205533
2025-06-28 20:30:00,63.42412134
2025-06-28 21:00:00,62.17696899
2025-06-28 21:30:00,60.75683321
2025-06-28 22:00:00,58.82839648
2025-06-28 22:30:00,57.31912268
2025-06-28 23:00:00,55.23360069
2025-06-28 23:30:00,52.15997897
2025-06-29 00:00:00,48.80410623
2025-06-29 00:30:00,46.29860574
2025-06-29 01:00:00,44.48929816
2025-06-29 01:30:00,43.47461232
2025-06-29 02:00:00,42.23030391
2025-06-29 02:30:00,41.76826825
2025-06-29 03:00:00,41.33054084
2025-06-29 03:30:00,41.33305921
2025-06-29 04:00:00,41.32304375
2025-06-29 04:30:00,41.47885269
2025-06-29 05:00:00,41.89106386
2025-06-29 05:30:00,43.14392689
2025-06-29 06:00:00,44.65018882
2025-06-29 06:30:00,47.40508093
2025-06-29 07:00:00,49.40395685
2025-06-29 07:30:00,52.78437336
2025-06-29 08:00:00,56.82630697
2025-06-29 08:30:00,59.08752965
2025-06-29 09:00:00,59.65393581
2025-06-29 09:30:00,59.23412044
2025-06-29 10:00:00,58.30472252
2025-06-29 10:30:00,56.94395501
2025-06-29 11:00:00,53.4473864
2025-06-29 11:30:00,49.8132838
2025-06-29 12:00:00,47.04329252
2025-06-29 12:30:00,46.21438262
2025-06-29 13:00:00,44.89654218
2025-06-29 13:30:00,43.96051114
2025-06-29 14:00:00,43.88470008
2025-06-29 14:30:00,45.10442237
2025-06-29 15:00:00,46.33176604
2025-06-29 15:30:00,48.30118792
2025-06-29 16:00:00,51.57099778
2025-06-29 16:30:00,55.73676415
2025-06-29 17:00:00,60.5502259
2025-06-29 17:30:00,65.41811159
2025-06-29 18:00:00,68.89830797
2025-06-29 18:30:00,69.82805549
2025-06-29 19:00:00,69.98222908
2025-06-29 19:30:00,69.59178502
2025-06-29 20:00:00,68.46563464
2025-06-29 20:30:00,67.51513766
2025-06-29 21:00:00,65.89875072
2025-06-29 21:30:00,62.78676822
2025-06-29 22:00:00,59.56239545
2025-06-29 22:30:00,57.17013737
2025-06-29 23:00:00,54.1402433
2025-06-29 23:30:00,50.87814075
2025-06-30 00:00:00,47.84634445
2025-06-30 00:30:00,45.21845788
2025-06-30 01:00:00,43.42325431
2025-06-30 01:30:00,42.42842628
2025-06-30 02:00:00,41.8048897
2025-06-30 02:30:00,41.41597171
2025-06-30 03:00:00,41.20117964
2025-06-30 03:30:00,41.56638856
2025-06-30 04:00:00,41.72444417
2025-06-30 04:30:00,42.78663362
2025-06-30 05:00:00,44.2868462
2025-06-30 05:30:00,47.23848348
2025-06-30 06:00:00,50.87834293
2025-06-30 06:30:00,56.88526249
2025-06-30 07:00:00,64.19949189
2025-06-30 07:30:00,71.59706646
2025-06-30 08:00:00,78.10468053
2025-06-30 08:30:00,79.79481193
2025-06-30 09:00:00,76.33400765
2025-06-30 09:30:00,72.29518162
2025-06-30 10:00:00,68.25124078
2025-06-30 10:30:00,64.96811709
2025-06-30 11:00:00,61.39774201
2025-06-30 11:30:00,59.0898747
2025-06-30 12:00:00,59.19571944
2025-06-30 12:30:00,57.71380204
2025-06-30 13:00:00,59.89835689
2025-06-30 13:30:00,58.84806178
2025-06-30 14:00:00,62.28158917
2025-06-30 14:30:00,60.21058323
2025-06-30 15:00:00,61.95802062
2025-06-30 15:30:00,61.13632259
2025-06-30 16:00:00,63.05267993
2025-06-30 16:30:00,65.88092541
2025-06-30 17:00:00,69.45811748
2025-06-30 17:30:00,73.17513801
2025-06-30 18:00:00,76.34437025
2025-06-30 18:30:00,75.73359371
2025-06-30 19:00:00,74.44492988
2025-06-30 19:30:00,72.01003329
2025-06-30 20:00:00,70.5122108
2025-06-30 20:30:00,68.2635104
2025-06-30 21:00:00,65.72455097
2025-06-30 21:30:00,62.4421465
2025-06-30 22:00:00,58.43726913
2025-06-30 22:30:00,55.38741302
2025-06-30 23:00:00,52.13512261
2025-06-30 23:30:00,48.2692406
2025-07-01 00:00:00,44.79219991
